Date,cny_demand_spread_z
2015-01-30,-1.3453709608509932
2015-02-02,-0.09289122459819822
2015-02-03,1.026333437234151
2015-02-04,0.697453376422258
2015-02-05,1.2428592356508914
2015-02-06,3.102813758149143
2015-02-09,1.5976457377093687
2015-02-10,-0.35650136649753805
2015-02-11,0.9900561501941259
2015-02-12,1.217634868413869
2015-02-13,2.4142812410624415
2015-02-17,-1.001841600820733
2015-02-18,-1.857159500438767
2015-02-19,-1.3894789270255605
2015-02-20,-1.5621305907685807
2015-02-23,-1.4171432041359806
2015-02-24,-0.66697087661398
2015-02-25,-0.9580981035622108
2015-02-26,-0.9448620673130197
2015-02-27,-1.742184589756726
2015-03-02,-1.412062471847136
2015-03-03,1.158127568571086
2015-03-04,0.8250417540003999
2015-03-05,1.1457718578453948
2015-03-06,0.6852196870175098
2015-03-09,0.8607262191723262
2015-03-10,0.11273945169660424
2015-03-11,0.3595441403204241
2015-03-12,0.611192634892671
2015-03-13,0.557761541953759
2015-03-16,0.5841060700334381
2015-03-18,0.9222725446101011
2015-03-19,0.9297209185156972
2015-03-20,-0.4402902476643427
2015-03-23,0.4723833634148418
2015-03-24,0.3045548755625393
2015-03-25,-0.03622319120063215
2015-03-26,0.2421575615218715
2015-03-27,0.1804517167876291
2015-03-30,1.1810884810154583
2015-03-31,0.4701992189099978
2015-04-01,-0.4976145855009944
2015-04-02,-0.09801759909040647
2015-04-06,0.9867732815913763
2015-04-07,0.2065363556054522
2015-04-08,-0.21506220626864514
2015-04-09,0.06157906864584561
2015-04-10,-0.01867182475277394
2015-04-13,-0.34974194023360566
2015-04-14,-1.0549880754244647
2015-04-15,-0.09680776072256517
2015-04-16,0.3860216614331877
2015-04-17,-0.5886930392653126
2015-04-20,-0.8211958855101479
2015-04-21,-0.1711074471267461
2015-04-22,0.2537065080241624
2015-04-23,0.49798800260295073
2015-04-24,0.28368479641680144
2015-04-27,-0.7534047571061699
2015-04-28,1.2662417543169433
2015-04-29,0.2101236913262679
2015-04-30,-0.6805186506707686
2015-05-01,-0.09475925047894389
2015-05-04,0.11381997289795098
2015-05-05,0.31512126222458153
2015-05-06,0.2211276773057939
2015-05-07,-0.5220283291583524
2015-05-08,0.2618997565927374
2015-05-11,1.1985121876785534
2015-05-12,-0.34681883744204633
2015-05-13,0.5208936077201939
2015-05-14,0.6838641040108676
2015-05-15,0.8455654175243625
2015-05-18,0.8084444865495668
2015-05-19,-0.5683070378043071
2015-05-20,-0.4364174742542349
2015-05-21,0.8136642345777503
2015-05-22,-0.6005484932062999
2015-05-26,-0.47708623739611894
2015-05-27,-0.4281736915075482
2015-05-28,-0.8847059229097776
2015-05-29,-0.3942654458480232
2015-06-01,-0.6041885293116424
2015-06-02,-0.38318363895404695
2015-06-04,0.07022450359588026
2015-06-05,-0.34620369520798233
2015-06-08,-0.42315318919270023
2015-06-09,0.20473165133057689
2015-06-10,0.5452969027718896
2015-06-11,0.07729085123237502
2015-06-12,-0.0048417044635823935
2015-06-15,0.09090456988884446
2015-06-17,0.24464352063073383
2015-06-18,0.027209384610143838
2015-06-19,0.11625087882252981
2015-06-22,0.49185223854225163
2015-06-23,0.22595719677346174
2015-06-24,0.1936281303452739
2015-06-25,0.01963471682645195
2015-06-26,0.027535029706975054
2015-06-29,0.145947597945461
2015-06-30,-0.006835681373942217
2015-07-01,-0.3071520330422539
2015-07-02,-0.2992368857096959
2015-07-06,-0.09373677084526318
2015-07-07,-0.8428212331689182
2015-07-08,-0.6272821612148897
2015-07-09,-0.445339768589399
2015-07-10,-0.43849429876858154
2015-07-13,-0.07430486777697791
2015-07-14,-0.9969747549876582
2015-07-15,-1.2206141034360283
2015-07-16,-0.5151115726055123
2015-07-17,-0.6583078072211629
2015-07-20,-0.6820168768840075
2015-07-21,0.37319029898091693
2015-07-22,-0.17429042464097214
2015-07-23,-0.28429603679187404
2015-07-24,-1.5306177393604883
2015-07-27,-1.338306289793135
2015-07-28,0.29719614659368027
2015-07-29,0.2088852896506538
2015-07-30,-0.5005513557372642
2015-07-31,-0.321898776212327
2015-08-03,0.137236984848005
2015-08-04,-0.38578402170414866
2015-08-05,-0.007653770181769358
2015-08-06,-0.05059114945619652
2015-08-07,1.6140762735847844
2015-08-10,1.0897299518056605
2015-08-11,-4.0
2015-08-12,-4.0
2015-08-13,-1.8680543044502522
2015-08-14,-1.1731366646671322
2015-08-17,-0.8199775952501058
2015-08-18,-1.602315486596979
2015-08-19,-2.228083331720953
2015-08-20,-1.7404352631287985
2015-08-21,-2.2304633619948535
2015-08-24,-3.6365332291571413
2015-08-25,2.8576004941673347
2015-08-26,2.4491172917762167
2015-08-27,-0.009407830584455821
2015-08-28,-0.11980542659970674
2015-08-31,-0.4247903410097135
2015-09-01,0.615934643667668
2015-09-02,-0.00011612886094747836
2015-09-03,-0.6700320949433654
2015-09-04,-0.7187935796778265
2015-09-08,1.400665131101708
2015-09-09,0.9422453621260319
2015-09-10,2.346575084233335
2015-09-11,1.5222785124579
2015-09-14,1.131502623506134
2015-09-16,0.42078155292560754
2015-09-17,0.22437133193704714
2015-09-18,1.541651660929737
2015-09-21,1.3691922053162011
2015-09-22,1.3587865590631185
2015-09-23,0.39702123116739785
2015-09-24,1.4097113337715133
2015-09-25,-0.3427871309327598
2015-09-28,0.8224753086550267
2015-09-29,1.143923048086967
2015-09-30,1.2394601645811087
2015-10-01,0.7628809776873023
2015-10-02,0.7360579981499571
2015-10-05,1.4374618101751642
2015-10-06,1.7348929654561787
2015-10-07,2.047276275788312
2015-10-08,1.3779407203556313
2015-10-09,1.0175876451993098
2015-10-12,0.6407879413752678
2015-10-13,-0.7022029515362859
2015-10-14,0.22999340196517107
2015-10-15,0.3552166700947262
2015-10-16,-0.18322909040897026
2015-10-19,-0.4663198030536068
2015-10-20,-0.5107950088392914
2015-10-21,-0.7990417498140812
2015-10-22,-1.2389480194047662
2015-10-23,-1.3571016085364007
2015-10-26,-1.5518746261581988
2015-10-27,-0.6440012253236127
2015-10-28,-1.2237982622478798
2015-10-29,0.2126601928997293
2015-10-30,1.0364962462071388
2015-11-02,-0.316432728365871
2015-11-03,0.21872989961147674
2015-11-04,0.23778992653407294
2015-11-05,0.21526108530653668
2015-11-06,-0.011863525050609263
2015-11-09,0.2473007769900352
2015-11-10,0.3454670781296805
2015-11-11,0.5675928946214218
2015-11-12,-0.6016162378464736
2015-11-13,-1.3337243575770443
2015-11-16,-0.13476247657366158
2015-11-17,-0.8362126769798386
2015-11-18,-0.7281983536769795
2015-11-19,0.22948179384885714
2015-11-20,0.0405841488334076
2015-11-23,-0.3397544190336131
2015-11-24,-0.24886345355519565
2015-11-25,-0.2587840905526934
2015-11-27,-0.9375300025955935
2015-11-30,0.03870549649784762
2015-12-01,-0.2911794522653319
2015-12-02,0.042780169206606024
2015-12-03,0.6996958565883518
2015-12-04,-0.36310531720540346
2015-12-07,-0.34897178629455716
2015-12-08,-0.5315305930185263
2015-12-09,-0.7112286561050899
2015-12-10,-0.4438505224170418
2015-12-11,-0.33777483074346526
2015-12-14,-1.146199166652807
2015-12-16,-0.3582733583537542
2015-12-17,-1.1830806751139018
2015-12-18,-1.2372163348492786
2015-12-21,-0.6858052970813443
2015-12-22,0.05116178063690113
2015-12-23,0.040617938357878566
2015-12-24,0.20495632806943093
2015-12-28,-0.5286566619338166
2015-12-29,-0.08794814636400151
2015-12-30,0.24592467049063002
2015-12-31,0.019371701861708515
2016-01-04,-0.4337799757697232
2016-01-05,-0.2746136438289704
2016-01-06,-1.8863668911869913
2016-01-07,-1.3718037423362335
2016-01-08,-0.016008524647672696
2016-01-11,1.9632173033356495
2016-01-12,2.190175854996836
2016-01-13,2.485702286964923
2016-01-14,1.5811616688449437
2016-01-15,1.436233159917149
2016-01-19,2.4917339455571117
2016-01-20,1.4873459545790162
2016-01-21,2.9922228135902453
2016-01-22,2.0622921747773626
2016-01-25,1.2290022262734488
2016-01-26,-0.8518524931812204
2016-01-27,-0.7322444452439332
2016-01-28,-1.0206235557719765
2016-01-29,-0.12266541547148387
2016-02-01,-0.6303978912999326
2016-02-02,-0.5376926449532954
2016-02-03,0.4874273386459193
2016-02-04,0.8755444391175077
2016-02-05,0.7684007218144312
2016-02-08,0.7704590540943183
2016-02-09,0.9944630059777358
2016-02-10,1.4718705057652923
2016-02-11,1.7744499578852095
2016-02-12,1.0421618469063765
2016-02-16,-0.03397850684497925
2016-02-17,0.36843682177802145
2016-02-18,-0.03795870537545337
2016-02-19,-0.6975347881482797
2016-02-22,-0.49274293514485806
2016-02-23,-0.6578256321583503
2016-02-24,-0.657156065029709
2016-02-25,-0.9593868200222766
2016-02-26,-1.3975975781533587
2016-02-29,-0.9753051097156306
2016-03-01,0.9915143859751292
2016-03-02,0.6164916863976928
2016-03-03,0.9576590843359842
2016-03-04,1.3171306758910442
2016-03-07,0.7354665179523803
2016-03-08,0.9376322715714543
2016-03-09,0.38568203601126705
2016-03-10,0.664832329449191
2016-03-11,1.2756292590950804
2016-03-14,0.5382037888167499
2016-03-16,0.21803316852743262
2016-03-17,1.3615060797016956
2016-03-18,-0.3299439494635888
2016-03-21,-1.1558233158760944
2016-03-22,-0.5350442661947631
2016-03-23,-0.9713315717755407
2016-03-24,-0.46768732226563386
2016-03-28,-0.12405690984398743
2016-03-29,-0.7808727940725623
2016-03-30,0.5533275103582043
2016-03-31,-0.4033830511033113
2016-04-01,-1.9878410478421635
2016-04-04,-0.16979454564846128
2016-04-05,0.17577600682333236
2016-04-06,-0.05786189361720113
2016-04-07,0.2800919702363933
2016-04-08,-0.08092970526707442
2016-04-11,-0.4942899946898204
2016-04-12,-0.6597989821275465
2016-04-13,-1.3017423775253019
2016-04-14,-0.310289612725445
2016-04-15,0.43212375363539224
2016-04-18,-0.5418035400886526
2016-04-19,0.17116772253979987
2016-04-20,-0.46777227302705876
2016-04-21,-0.3599547932558174
2016-04-22,-0.28829391215947414
2016-04-25,-0.30777192500828715
2016-04-26,-0.03153667765374367
2016-04-27,-0.039402365045882265
2016-04-28,0.5017035945318158
2016-04-29,-0.31831789886361883
2016-05-02,0.06516791913018931
2016-05-03,-0.7070084052385172
2016-05-04,-0.030282364388710223
2016-05-05,-0.20172435618098591
2016-05-06,0.23465440599213352
2016-05-09,-0.6956237741362166
2016-05-10,-0.25708287893941156
2016-05-11,0.06910483179901444
2016-05-12,-1.6481292223429438
2016-05-13,-0.6192543881259861
2016-05-16,-0.37003036240943393
2016-05-17,-0.060865027384451015
2016-05-18,-0.8705298683332757
2016-05-19,-0.2844772282930599
2016-05-20,-0.28476630487859345
2016-05-23,0.33705156041721074
2016-05-24,-0.03579494717337674
2016-05-25,-0.21764218599126192
2016-05-26,0.876910955308413
2016-05-27,0.28038573552812085
2016-05-31,0.14619794876975511
2016-06-01,0.1980937416025258
2016-06-02,0.8805296159481473
2016-06-03,1.4781417702844133
2016-06-06,0.5744329679689455
2016-06-07,0.2160154241531114
2016-06-08,0.291265018980112
2016-06-09,-0.3502101464793047
2016-06-10,-1.020733922816345
2016-06-13,-0.6535653645718613
2016-06-14,-0.6628645360111347
2016-06-15,-0.10689455579166052
2016-06-16,-0.40122742158229047
2016-06-17,-1.594859195911425
2016-06-20,-0.6733929060428928
2016-06-21,-0.636760999979094
2016-06-22,-0.09923808746110778
2016-06-23,0.17911330235192563
2016-06-24,-0.6815667709473708
2016-06-27,-0.9853355859704824
2016-06-28,-0.44764541827683796
2016-06-29,-0.13413429589227543
2016-06-30,-0.5973498549782329
2016-07-01,-0.5127035999382404
2016-07-05,-0.6357992349097618
2016-07-06,0.05913866079679834
2016-07-07,-0.4106520290602827
2016-07-08,-0.29230783977200314
2016-07-11,1.6054552464662575
2016-07-12,2.1656628525421278
2016-07-13,1.2953968488762064
2016-07-14,0.18153196837511937
2016-07-15,0.6289986713545374
2016-07-18,0.023819085530053474
2016-07-19,0.9543292756412395
2016-07-20,1.3066797627099158
2016-07-21,0.47548496929412953
2016-07-22,0.44986330533158203
2016-07-25,1.0492953253646387
2016-07-26,0.25451984694849644
2016-07-27,0.053387620473916875
2016-07-28,0.5602541185891555
2016-07-29,2.0119366530803986
2016-08-01,1.1776685709626362
2016-08-02,0.6983680622755366
2016-08-03,-0.9324858024930697
2016-08-04,-0.3824076509230529
2016-08-05,-0.374163624494781
2016-08-08,0.15415841017929272
2016-08-09,0.20559119616149643
2016-08-10,0.8456607331273261
2016-08-11,-0.21290723139641327
2016-08-12,-1.8822269996563543
2016-08-15,-0.1317838317383559
2016-08-16,-0.30908216206189426
2016-08-17,0.02208912880308931
2016-08-18,0.4976978489826105
2016-08-19,-0.8468910422371605
2016-08-22,-1.318520748977871
2016-08-23,-0.5980460681044026
2016-08-24,-1.9567445217713422
2016-08-25,-0.35941324691021004
2016-08-26,-0.5255729879727002
2016-08-29,-0.22180678055933212
2016-08-30,-0.8954470344410593
2016-08-31,0.1722204459452362
2016-09-01,-0.20297043493118178
2016-09-02,0.696267062551721
2016-09-06,1.2084335570600822
2016-09-07,0.5953100648409673
2016-09-08,0.5943123045146169
2016-09-09,-1.0529805127034948
2016-09-12,1.3288517657931684
2016-09-13,-0.18658983983206623
2016-09-14,0.8639052110967359
2016-09-15,1.302857433438741
2016-09-16,0.9779541216012955
2016-09-19,1.5363379732197198
2016-09-20,-1.5112770230813564
2016-09-21,-0.7240007626826525
2016-09-22,0.08377574181690435
2016-09-23,0.3370222233198252
2016-09-26,-1.0149860933776191
2016-09-27,-0.1080011900096046
2016-09-28,-0.7880011488948818
2016-09-29,-0.7852098613039626
2016-09-30,-0.9487070255529918
2016-10-03,-1.9243093799794664
2016-10-04,0.4633245077118052
2016-10-05,-0.4970521044215031
2016-10-06,-1.0012942701305476
2016-10-07,-0.3539867662636702
2016-10-11,0.32349128332907523
2016-10-12,0.5126296139520022
2016-10-13,0.043183430096081124
2016-10-14,-0.4362852754549015
2016-10-17,-0.24644025322221114
2016-10-18,0.6811301142978924
2016-10-19,0.6143445057624687
2016-10-20,0.1278053783362049
2016-10-21,-0.02587442888179806
2016-10-24,0.4218360630492844
2016-10-25,0.6459797450678462
2016-10-26,-0.3259848244931485
2016-10-27,-0.8194166503821845
2016-10-28,0.1354570889654317
2016-10-31,0.43615944838853893
2016-11-01,0.8939100059104836
2016-11-02,0.08338987767655001
2016-11-03,-0.22047880487766566
2016-11-04,1.4735797317578572
2016-11-07,-0.675797613179714
2016-11-08,-0.8516293451710746
2016-11-09,-1.7550414649869883
2016-11-10,-0.6239231749473132
2016-11-14,-0.9666131506421767
2016-11-15,-2.183406862025003
2016-11-16,-1.9644185020071334
2016-11-17,-4.0
2016-11-18,-0.5782222079115643
2016-11-21,-0.8071928923793855
2016-11-22,0.3281482919654823
2016-11-23,-1.8604103011132151
2016-11-25,0.448421739596066
2016-11-28,1.1729742381980406
2016-11-29,0.30241439446631474
2016-11-30,0.8522698210646837
2016-12-01,1.839072059310153
2016-12-02,3.844269692828648
2016-12-05,1.9740215337016043
2016-12-06,0.16378879961581255
2016-12-07,-0.06434802336546101
2016-12-08,0.9486934410968252
2016-12-09,-0.8191928929323516
2016-12-12,-0.2453676112287929
2016-12-13,-0.30902953293125013
2016-12-14,-0.08886863401680782
2016-12-15,-1.015327126855009
2016-12-16,-0.5811449888891198
2016-12-19,0.15386264273096356
2016-12-20,0.20695821578805512
2016-12-21,1.0777832191971704
2016-12-22,0.627264424053863
2016-12-23,0.8676625633954734
2016-12-27,-0.6078984343053363
2016-12-28,-1.0598578938483074
2016-12-29,0.3266998908320202
2016-12-30,-0.42289478836387007
2017-01-03,0.027151632859432062
2017-01-04,1.892189536662749
2017-01-05,4.0
2017-01-06,1.1319550944721393
2017-01-09,2.246619792419304
2017-01-10,2.0663620503411786
2017-01-11,2.2904094379004047
2017-01-12,3.7677449785218595
2017-01-13,1.3917146588694917
2017-01-17,2.8646979911653307
2017-01-18,0.16722276368067832
2017-01-19,-2.63846412878444
2017-01-20,-2.784336624709681
2017-01-23,0.2903782208544888
2017-01-24,-1.0484814363013235
2017-01-25,-0.4885680584226898
2017-01-26,-0.39025470064279755
2017-01-27,-1.9360677899370997
2017-01-30,-0.2799733403106004
2017-01-31,-0.5827338977771839
2017-02-01,1.5449568191264667
2017-02-02,2.164871995883069
2017-02-03,1.5101045627795644
2017-02-06,0.44191969600934894
2017-02-07,0.4995848025734471
2017-02-08,0.5609907439124847
2017-02-09,-0.45840389885539146
2017-02-10,-0.027618247636940343
2017-02-13,-0.1383281775989274
2017-02-14,-1.0497456072193367
2017-02-15,-0.9514253037452074
2017-02-16,-1.369067003303448
2017-02-17,-2.1689583384675664
2017-02-21,-1.517942428136304
2017-02-22,-0.41837893776522445
2017-02-23,-0.5026156983304089
2017-02-24,-0.12272868175381436
2017-02-27,0.5494787969508005
2017-02-28,-0.22774415785174473
2017-03-01,-0.35381244284474106
2017-03-02,-0.3989886173691896
2017-03-03,-0.5816658388590963
2017-03-06,0.2287197526527826
2017-03-07,-0.12036256495497998
2017-03-08,-0.623303046973017
2017-03-09,-0.35477158450998386
2017-03-10,0.36284825087150496
2017-03-13,-1.5462927623672935
2017-03-14,-0.40845763524223877
2017-03-15,1.0385110064949263
2017-03-16,0.7917050622078938
2017-03-17,0.23904987576124972
2017-03-20,0.15590662521194948
2017-03-21,0.30163842328439866
2017-03-22,0.4640479494578731
2017-03-23,-0.13705821147327812
2017-03-24,-0.4484158609945677
2017-03-27,0.524996839006443
2017-03-28,-0.16350038551681118
2017-03-29,-0.9644564911030831
2017-03-30,-0.6257335644575975
2017-03-31,0.29832505907917406
2017-04-03,-0.04027130543089019
2017-04-04,-0.32603367478647216
2017-04-05,-0.2626386406889842
2017-04-06,-0.03133266228358429
2017-04-07,-0.22730632358180738
2017-04-10,0.08873667357039548
2017-04-11,0.19938248878585343
2017-04-12,-0.31518628866641185
2017-04-13,0.20660417677799509
2017-04-17,-0.3786188208439288
2017-04-18,-0.5801444200050027
2017-04-19,-0.5091850616745163
2017-04-20,-0.28601251086692825
2017-04-21,-0.598553653396527
2017-04-24,-2.2723723908167965
2017-04-25,-0.3557093967312555
2017-04-26,-0.6672030692837794
2017-04-27,-0.25122164475310843
2017-04-28,-0.6130151283655528
2017-05-01,0.1064660939728704
2017-05-02,0.3305890567681728
2017-05-03,0.17269149075545973
2017-05-04,0.11443905732798947
2017-05-05,0.14306328121745518
2017-05-08,1.6465147680406471
2017-05-09,-0.08212957495899041
2017-05-10,0.38414134616052686
2017-05-11,0.3274746515642691
2017-05-12,0.23634309374975143
2017-05-15,-0.20146789096073645
2017-05-16,0.06030190546567449
2017-05-17,0.07291807578802018
2017-05-18,-0.40956216425385045
2017-05-19,0.26504321701176226
2017-05-22,-0.32073793741012296
2017-05-23,0.004446951692344783
2017-05-24,0.10561494927500475
2017-05-25,0.6543721574007155
2017-05-26,0.4230431113975242
2017-05-30,0.25026260126413047
2017-05-31,1.6568063418277008
2017-06-01,0.7690046140325175
2017-06-02,0.9432035759460556
2017-06-05,0.49853413707289823
2017-06-06,1.8737959911683681
2017-06-07,0.8052193410072227
2017-06-08,0.40661198508686597
2017-06-09,-0.44378161172508446
2017-06-12,-0.993937362885436
2017-06-13,-0.11167947838172412
2017-06-14,-1.8009214439309982
2017-06-15,-1.5014963073222816
2017-06-16,-0.7165769303065829
2017-06-19,-0.8658243586623693
2017-06-20,-1.5679055165813416
2017-06-21,-0.8797844675366013
2017-06-22,-0.816361178148166
2017-06-23,-0.5751402946768817
2017-06-26,-0.4020553634621332
2017-06-27,0.42130665060229966
2017-06-28,-0.24869580715407458
2017-06-29,0.5534675880482938
2017-06-30,0.23202863959775047
2017-07-03,-0.4799865975654953
2017-07-05,0.5582830896382109
2017-07-06,0.5384140705916001
2017-07-07,0.39712175882486456
2017-07-10,0.2896212959948614
2017-07-12,1.5595550078857539
2017-07-13,-0.37253969361201306
2017-07-14,0.5491730364223839
2017-07-17,-0.6361493971079847
2017-07-18,0.5058800081308235
2017-07-19,0.2270787864822138
2017-07-20,-0.17952458290218912
2017-07-21,-0.11294581179010278
2017-07-24,-1.063262009314965
2017-07-25,-0.20624027565884237
2017-07-26,-0.5064739426702004
2017-07-27,0.03729029069995036
2017-07-28,-0.3556709046509484
2017-07-31,1.2944390068270741
2017-08-01,-0.6027410348921031
2017-08-02,0.20793427090612832
2017-08-03,0.17322233594120073
2017-08-04,-0.5309328111955381
2017-08-07,2.6444963915194375
2017-08-08,0.8173739177532161
2017-08-09,0.6099335357237721
2017-08-10,-0.053384082142101545
2017-08-11,-1.1215634620075192
2017-08-14,-0.8271772602903151
2017-08-15,-1.057418879809914
2017-08-16,0.09270802651854983
2017-08-17,0.3275325307136578
2017-08-18,0.5119048170445842
2017-08-21,-1.4295734462775627
2017-08-22,-0.5709816992244703
2017-08-23,-0.75176593319306
2017-08-24,-0.39410079467923165
2017-08-25,1.5143620421969757
2017-08-28,-0.9015633288687928
2017-08-29,1.1815878908181665
2017-08-30,0.27210660957546257
2017-08-31,0.017514382279872735
2017-09-01,1.192396949252405
2017-09-05,-0.29331277375794884
2017-09-06,0.03029788553567605
2017-09-07,1.3020085257438176
2017-09-08,-0.3475899362245042
2017-09-11,-0.6701782627582309
2017-09-12,1.2459547033796319
2017-09-13,-0.33865602527631394
2017-09-14,0.132572630363391
2017-09-15,0.17217193013585005
2017-09-18,-0.8494819659713337
2017-09-19,-0.30983224465435105
2017-09-20,-0.4657215173142195
2017-09-21,-1.4033257730385404
2017-09-22,0.8321646327869332
2017-09-25,-0.25205587746386593
2017-09-26,-0.4506651736121891
2017-09-27,0.3938104266023934
2017-09-28,-0.5032150823280417
2017-09-29,0.42922894341020107
2017-10-02,-0.5777017652076116
2017-10-03,0.11756102576745678
2017-10-04,0.6865238858535301
2017-10-05,0.11720527509436494
2017-10-06,0.021468159691242165
2017-10-09,1.8064271421381906
2017-10-10,2.7840353066432244
2017-10-11,-0.21713557667366973
2017-10-12,1.0529743447893514
2017-10-13,0.13313385712446077
2017-10-16,0.9316136338447302
2017-10-17,-0.5737678863600582
2017-10-18,-0.27362270873687755
2017-10-19,0.2502535775419727
2017-10-20,-0.9133557487625791
2017-10-23,-1.5554816626961112
2017-10-24,-2.3834588507713863
2017-10-25,-0.01546850713728276
2017-10-26,-1.1442447802360594
2017-10-27,-1.145730963221984
2017-10-30,0.170467933401655
2017-10-31,1.6286786250192917
2017-11-01,1.1322269164349477
2017-11-02,-0.693136053438892
2017-11-03,-0.2688075195182447
2017-11-06,0.8946816184439327
2017-11-07,-0.04101021261408188
2017-11-08,0.7223086742896315
2017-11-09,-0.08345569468894505
2017-11-10,-0.9099888690162059
2017-11-13,-1.47526321641397
2017-11-14,-0.7624601257628738
2017-11-15,-1.2682840468953978
2017-11-17,-0.07893964995556414
2017-11-20,1.350856252910122
2017-11-21,-0.8338366935077354
2017-11-22,1.1198577589407817
2017-11-24,-0.9450705936558734
2017-11-27,0.9610301108159305
2017-11-28,0.6099083302626674
2017-11-29,0.20805247452242817
2017-11-30,-0.03585035274454166
2017-12-01,0.8836802312652656
2017-12-04,1.3160427866421238
2017-12-05,-0.2517742264362279
2017-12-06,0.06664913419426616
2017-12-07,-0.9702900076264439
2017-12-08,0.4428481864477404
2017-12-11,-0.10342157579894148
2017-12-12,0.328765705640256
2017-12-13,0.8813946033714165
2017-12-14,0.9523293184368351
2017-12-15,-0.42084178416565626
2017-12-18,-0.44952617561961866
2017-12-19,0.20566954914267316
2017-12-20,1.5963301158229222
2017-12-21,0.5519074880505691
2017-12-22,0.8349602547436283
2017-12-26,-0.38391567360794054
2017-12-27,-0.17149814601482669
2017-12-28,0.3916272549532695
2017-12-29,0.18045052181441945
2018-01-02,0.07269335435833721
2018-01-03,-0.4763753693969472
2018-01-04,0.4184714735041094
2018-01-05,-0.9028778577747999
2018-01-08,-0.8659128080382896
2018-01-09,-2.537134932620688
2018-01-10,0.6973177666990008
2018-01-11,1.1603722267510281
2018-01-12,0.4380968886688678
2018-01-16,-0.5708712476758278
2018-01-17,0.016521244787796197
2018-01-18,0.3368816403218562
2018-01-19,-0.03459903016514166
2018-01-22,-1.0341802122271317
2018-01-23,0.16723822892368873
2018-01-24,3.6538025949657498
2018-01-25,1.0588268578792748
2018-01-26,-0.9199471122491322
2018-01-30,-0.28692597987795393
2018-01-31,1.478438224492105
2018-02-01,0.24316880691083714
2018-02-02,-0.12192253264121643
2018-02-05,0.38162441826253485
2018-02-06,1.2926503556483517
2018-02-07,-0.3312312904029655
2018-02-08,-4.0
2018-02-09,-0.4498754936629237
2018-02-12,-0.7309412498496511
2018-02-13,-0.4215827372937824
2018-02-14,0.14341790607583924
2018-02-15,1.616441437966842
2018-02-16,2.1240837081697443
2018-02-20,-0.29357749615916695
2018-02-21,0.018453851207349246
2018-02-22,1.1588559212305924
2018-02-23,3.839529560297706
2018-02-26,0.5296332235412016
2018-02-27,0.9066840922087518
2018-02-28,-0.5026673912108373
2018-03-01,-1.6866610707700376
2018-03-02,-0.5450621215286713
2018-03-05,-1.1235048481706642
2018-03-06,0.9430389190364112
2018-03-07,-0.7789980137404073
2018-03-08,-0.9418862507651532
2018-03-09,-0.16207776213492653
2018-03-12,-0.6518387004692604
2018-03-13,0.6564620588257686
2018-03-14,1.0878405784885283
2018-03-15,0.21372104817058937
2018-03-16,-1.171443223708852
2018-03-19,-0.26375653274859784
2018-03-20,-1.3164164068001853
2018-03-21,0.9348049239977806
2018-03-22,-0.08264552953707006
2018-03-23,-0.04556060812093607
2018-03-26,1.7080860720449287
2018-03-27,-0.49066072087918583
2018-03-28,-0.9553390229127013
2018-03-29,1.1139593762258564
2018-04-02,0.3977685242496641
2018-04-03,-0.26166675649984444
2018-04-04,0.16226226235370322
2018-04-05,-0.3252108594254118
2018-04-06,0.2606393214704692
2018-04-09,-0.5520500689805902
2018-04-10,-1.0952076606847934
2018-04-11,0.34309092042318484
2018-04-12,-0.11275085612176826
2018-04-13,-0.340950577796445
2018-04-16,-0.5355828497472748
2018-04-17,-0.4101463291392749
2018-04-18,-0.031154688942023664
2018-04-19,-0.9225705465164928
2018-04-20,-0.07776372868295875
2018-04-23,-0.916425250132338
2018-04-24,-0.6551988867031538
2018-04-25,-1.1631251536351148
2018-04-26,0.061738832232667934
2018-04-27,-0.19421097709041385
2018-04-30,0.7854306859650835
2018-05-01,-0.10380738290485288
2018-05-02,-1.4101291641855729
2018-05-03,0.92728059307451
2018-05-04,0.11683243443613295
2018-05-07,0.6537784448936914
2018-05-08,-0.5696256760779661
2018-05-09,0.8663730268643419
2018-05-10,1.241844274621201
2018-05-11,-0.03128868403471428
2018-05-14,-0.7050759528527054
2018-05-15,-1.1902660319486844
2018-05-16,1.751025555271173
2018-05-17,-0.42761104932406646
2018-05-18,-0.05221694173424157
2018-05-21,0.5350133673535228
2018-05-22,0.7640860998285705
2018-05-23,-0.8470924376444047
2018-05-24,-0.929141220603353
2018-05-25,-1.0727113061222984
2018-05-29,-1.257164804520982
2018-05-30,1.5396700665790168
2018-05-31,-0.5718360253255668
2018-06-01,-0.28393741110983267
2018-06-04,0.5661560312168112
2018-06-05,-0.30165000924549473
2018-06-06,-0.07814421536226909
2018-06-07,0.42081173627496227
2018-06-08,-0.6225480066449673
2018-06-11,0.7620717420108392
2018-06-12,0.7258423181941512
2018-06-13,-0.15681547704877016
2018-06-14,-0.723412138813475
2018-06-15,-0.2885894521398502
2018-06-18,-1.674749524518625
2018-06-19,-2.078289865741407
2018-06-20,-0.8369890231777672
2018-06-21,-1.0707307630793625
2018-06-22,-0.4470346923216195
2018-06-25,-1.765401715823628
2018-06-26,-1.1968305102817005
2018-06-27,-1.512803579276825
2018-06-28,-0.6593869296296277
2018-06-29,0.11751402928757103
2018-07-02,-0.903469702736656
2018-07-03,1.5671262432350634
2018-07-05,-0.6919934262693503
2018-07-06,0.4523505410250309
2018-07-09,1.4315275915799126
2018-07-10,1.0757765163337087
2018-07-11,-1.1808758126519516
2018-07-12,1.493022363571336
2018-07-13,-0.16787021485304043
2018-07-16,-0.28642800090679565
2018-07-17,1.2585081171004489
2018-07-18,-1.2443362441178762
2018-07-19,-1.6743857009893153
2018-07-20,0.5711842080166869
2018-07-23,-2.621720199226661
2018-07-24,0.04844821425347587
2018-07-25,3.910856501399333
2018-07-26,-1.4384297464606202
2018-07-27,0.2927914974427224
2018-07-30,0.24681373168983733
2018-07-31,1.9160869269419052
2018-08-01,0.6699732757878608
2018-08-02,0.6575667155260085
2018-08-03,0.017897049517505575
2018-08-06,0.9351262689338247
2018-08-07,1.8882583264424244
2018-08-08,-0.42201784432707623
2018-08-09,1.528638825959429
2018-08-10,-0.26920023831609974
2018-08-13,-0.7523500552993511
2018-08-14,-0.8902597572112153
2018-08-15,-1.2155730862617682
2018-08-16,3.614400242132543
2018-08-17,1.9900062685164972
2018-08-20,2.0740612390324586
2018-08-21,-0.2563676295177206
2018-08-22,-0.3095478730248242
2018-08-23,-1.342861200009085
2018-08-24,3.5504781159235566
2018-08-27,1.0857034357089872
2018-08-28,0.559197494973647
2018-08-29,1.2462531691500558
2018-08-30,-2.9200949064214363
2018-08-31,-1.3173737889385664
2018-09-04,-1.5786762553560412
2018-09-05,-0.6885943410889257
2018-09-06,-0.3781078701317429
2018-09-07,0.36427895473058575
2018-09-10,-2.615838111177378
2018-09-11,-0.5472799947272127
2018-09-12,0.9050080237847379
2018-09-13,0.9980968869497824
2018-09-14,0.4973572717502674
2018-09-17,-0.06565948974609061
2018-09-18,0.28843640682042754
2018-09-19,0.03853792655554138
2018-09-20,0.5889541124433733
2018-09-21,0.7068160270755751
2018-09-24,0.38943819892997117
2018-09-25,0.5534777504313512
2018-09-26,-1.5766142762111999
2018-09-27,-0.6625965120498137
2018-09-28,0.8896131089175916
2018-10-01,-0.3342721637579803
2018-10-02,-0.0710713237697765
2018-10-03,-0.5575797775344793
2018-10-04,-0.8827124923812295
2018-10-05,-0.6776002602400565
2018-10-08,-1.341629351535537
2018-10-09,0.4009531006719202
2018-10-10,0.2807593222587912
2018-10-11,1.1306812842909264
2018-10-12,-0.7704717164672749
2018-10-15,0.7661880526607818
2018-10-16,0.5043705812592394
2018-10-17,0.20301633446661643
2018-10-18,0.22214244439689843
2018-10-19,0.8351981907979191
2018-10-22,1.2955997699558999
2018-10-23,-0.27443860426123173
2018-10-24,-0.26959299035323786
2018-10-25,-1.2460394236430214
2018-10-26,0.5834989937899951
2018-10-29,-0.9230868138858331
2018-10-30,-0.5159586945514743
2018-10-31,0.1976683119939298
2018-11-01,1.9371723284295859
2018-11-02,0.8777889885559974
2018-11-05,-0.013170314566145478
2018-11-06,0.12611787818983322
2018-11-07,0.5496607899634167
2018-11-08,-0.2767473939534621
2018-11-09,-0.10904200030264727
2018-11-12,0.488589939277749
2018-11-13,0.9236338990469612
2018-11-14,0.6004843569371853
2018-11-15,-0.9190694913778891
2018-11-16,-0.33880411121655873
2018-11-19,0.5734511207222159
2018-11-20,-0.3363262199411508
2018-11-21,0.23058196370141096
2018-11-23,0.1802490363831274
2018-11-26,0.33612763960114245
2018-11-27,-0.5248992594400762
2018-11-28,-0.15262538920491103
2018-11-29,-0.0024144588133200623
2018-11-30,-0.823362056402666
2018-12-03,1.3676598534285833
2018-12-04,0.7188182033962418
2018-12-06,-0.6814172287711221
2018-12-07,-0.5558612631360187
2018-12-10,-0.6299173355052194
2018-12-11,0.03886400438194386
2018-12-12,1.2675591875565662
2018-12-13,-0.3916245385654836
2018-12-14,-1.057420753220085
2018-12-17,0.4156263405942689
2018-12-18,-1.9622746255559973
2018-12-19,-1.258454822476189
2018-12-20,0.6864461276917142
2018-12-21,-0.8509333840796324
2018-12-24,0.9593005601459152
2018-12-26,-0.0005311262372709824
2018-12-27,-0.1930599035237857
2018-12-28,-0.46774699561147015
2018-12-31,0.7316247418689036
2019-01-02,-0.31208780370450473
2019-01-03,-0.559309226041507
2019-01-04,0.4168954836864789
2019-01-07,0.5542542408000224
2019-01-08,0.8007296560643493
2019-01-09,1.032193985000859
2019-01-10,0.2816426594617327
2019-01-11,0.10526963761975135
2019-01-14,0.5570115674119853
2019-01-15,-0.5407897321848399
2019-01-16,-0.28163115160830765
2019-01-17,-0.2832006922964747
2019-01-18,-1.0835015472845986
2019-01-22,-1.1750694660346261
2019-01-23,0.4974987446361204
2019-01-24,-1.3518643548529863
2019-01-25,0.4224976995312672
2019-01-28,-1.0705682832311736
2019-01-29,-0.2524169142549301
2019-01-30,1.1376704740516714
2019-01-31,0.47546269967117527
2019-02-01,-0.9183511713168075
2019-02-04,-0.14126682067202648
2019-02-05,-0.08839216807305056
2019-02-06,-1.9334796723911702
2019-02-07,-1.1769436033194207
2019-02-08,-2.3607070910123773
2019-02-11,-1.502700389373104
2019-02-12,0.724703373324179
2019-02-13,-1.0808665378667612
2019-02-14,-0.6998708967452585
2019-02-15,1.7615295234632613
2019-02-19,1.770585445055416
2019-02-20,1.967901177714527
2019-02-21,1.1752317799524428
2019-02-22,1.7720896812171123
2019-02-25,2.0321221533489284
2019-02-26,1.6722138973065068
2019-02-27,-0.142647811792146
2019-02-28,-0.16141953551951982
2019-03-01,-0.23594040496479787
2019-03-04,-0.15110180163321996
2019-03-05,-0.7473287564900288
2019-03-06,-1.7096940263264129
2019-03-07,-0.5347733339510395
2019-03-08,-1.143456599514706
2019-03-11,-1.2872858569020371
2019-03-12,0.4672512599159731
2019-03-13,-0.4802080635948774
2019-03-14,-0.052208418847386084
2019-03-15,0.9636947535290552
2019-03-18,0.046709962885055856
2019-03-19,-0.4308807193273169
2019-03-20,1.2007933183455566
2019-03-21,0.025858419347977488
2019-03-22,-0.3098831106495218
2019-03-25,0.2836789280432267
2019-03-26,-1.0174642419000426
2019-03-27,-0.8109290629093339
2019-03-28,0.037466667452577665
2019-03-29,0.20380256123720145
2019-04-01,-0.294755727836622
2019-04-02,-0.09362288477155575
2019-04-03,-0.6154031568591632
2019-04-04,0.27197536350122226
2019-04-05,1.1090590323439857
2019-04-08,0.02571689987855302
2019-04-09,0.35502103855817535
2019-04-10,0.6049012341376664
2019-04-11,-0.05151959360543845
2019-04-12,-0.1536863176212005
2019-04-15,0.0946795381423702
2019-04-16,0.4291537916484649
2019-04-17,0.7524959803425576
2019-04-18,-0.3473780128649006
2019-04-22,-0.5286569634246212
2019-04-23,-0.6473047868316655
2019-04-24,-0.3052369455760691
2019-04-25,-0.7757358113730835
2019-04-26,0.6275212829114775
2019-04-29,-0.6531311417543625
2019-04-30,0.12871582527568706
2019-05-01,0.22307403151112268
2019-05-02,-1.445220847713869
2019-05-03,0.6761050937547909
2019-05-06,-0.9256983606972874
2019-05-07,-0.5243445339960296
2019-05-08,-0.6391745838395915
2019-05-09,-0.5978739066086852
2019-05-10,-0.4022788861635916
2019-05-13,-2.5852873026686813
2019-05-14,-0.8553713014727428
2019-05-15,-1.037772317030303
2019-05-16,-1.3743170877577155
2019-05-17,-1.9331670230562117
2019-05-20,0.6353957785002098
2019-05-21,0.5340523510940505
2019-05-23,0.4182006171748736
2019-05-24,1.5665009916514414
2019-05-28,-0.4090003022103895
2019-05-29,2.2084856867906644
2019-05-30,0.7131568185403234
2019-05-31,0.05699946201489719
2019-06-03,1.4396232454921456
2019-06-04,1.5901566926902797
2019-06-05,0.07675212095021056
2019-06-06,0.3511987361790949
2019-06-07,-0.23493956504394672
2019-06-10,-0.7747830311285661
2019-06-11,1.0947322341355892
2019-06-12,0.19837093976830464
2019-06-13,-0.007144199726082801
2019-06-14,0.7623305047981636
2019-06-17,0.34327426227491603
2019-06-18,1.335329187034809
2019-06-19,1.084960445414179
2019-06-20,2.006747259926273
2019-06-21,0.6583584398412644
2019-06-24,0.9313218479662115
2019-06-25,-0.4459290491351133
2019-06-26,0.581737015150219
2019-06-27,0.7079491683447675
2019-06-28,0.22486560203672284
2019-07-01,0.35568176572292987
2019-07-02,-1.8601913838412065
2019-07-03,-0.6717045196522459
2019-07-05,-2.2572190066860607
2019-07-08,0.528204116538388
2019-07-09,-0.2924953238041759
2019-07-10,0.7650229423846437
2019-07-11,-0.02860723218636015
2019-07-12,-0.6258741000155713
2019-07-15,0.1513225809459305
2019-07-16,-0.37772326846649856
2019-07-17,1.1535748691402965
2019-07-18,0.2790399875011255
2019-07-19,0.7273927772700812
2019-07-22,-0.17870894361842005
2019-07-23,0.31378047587823804
2019-07-24,-0.5081279432548687
2019-07-25,0.052909751742920334
2019-07-26,0.03341679694910405
2019-07-29,-0.5771756399968472
2019-07-30,0.30032864857453834
2019-07-31,-0.8793224612090271
2019-08-01,-2.7999879711806916
2019-08-02,-2.7307581771994043
2019-08-05,-4.0
2019-08-06,0.04135046021664568
2019-08-07,-1.6915267850278966
2019-08-08,-0.2409335361711062
2019-08-09,-1.0970267385118997
2019-08-12,-0.6690271441390995
2019-08-13,1.3679202397007932
2019-08-14,0.20905094727665388
2019-08-15,1.8099377212798524
2019-08-16,1.9027837753764432
2019-08-19,4.0
2019-08-20,-0.47843017606560084
2019-08-21,1.1043417031789529
2019-08-22,-0.3479913057222953
2019-08-23,-0.18955438571848254
2019-08-26,-0.9976966899526553
2019-08-27,-1.5956508902668685
2019-08-28,0.4040237254084112
2019-08-29,0.8760284418285512
2019-08-30,0.01186432510537882
2019-09-03,0.0754678172996497
2019-09-04,1.5486451827052685
2019-09-05,0.6531471436373124
2019-09-06,1.9294184681840698
2019-09-09,1.4243635055737045
2019-09-10,2.192188531827822
2019-09-11,0.530093261520573
2019-09-12,1.4806162894534054
2019-09-13,0.6827535206366062
2019-09-16,0.7493220105102482
2019-09-17,-0.4207298788911012
2019-09-18,-0.7438084883283915
2019-09-19,-0.632670188798621
2019-09-20,-1.7835828700418805
2019-09-23,-0.5558661354185506
2019-09-24,-0.058562664740264024
2019-09-25,-0.37451490327014675
2019-09-26,-1.1067779950651286
2019-09-27,-1.2780111554836164
2019-09-30,-0.72826876223627
2019-10-01,0.5680753265567141
2019-10-02,-0.11083882206560607
2019-10-03,0.8101891794180737
2019-10-04,1.530066587290333
2019-10-07,0.895160025491234
2019-10-08,-0.43663818398037607
2019-10-09,0.34363166588088
2019-10-10,0.18339955447617495
2019-10-11,1.2196124062353395
2019-10-14,0.869672545963254
2019-10-15,-0.6626416705661431
2019-10-16,-0.6767653104861947
2019-10-17,-0.35480364482473614
2019-10-18,-1.0671121848743101
2019-10-21,-0.2831500329753902
2019-10-22,-0.2933225164720672
2019-10-23,0.03901805048779414
2019-10-24,-0.7476735190102486
2019-10-25,-0.6883184126615026
2019-10-28,-0.5679297775610508
2019-10-29,0.41455430941737725
2019-10-30,0.7000810506171324
2019-10-31,-0.23429931256374917
2019-11-01,-0.14947495364640012
2019-11-04,-0.22175535112373712
2019-11-05,0.9803664348511085
2019-11-06,-0.48426007227700196
2019-11-07,0.7671126299705091
2019-11-11,-0.7097464999007015
2019-11-12,-0.26425886598801934
2019-11-13,-0.6458229062858816
2019-11-14,-0.2115785282969749
2019-11-15,0.39709660445142253
2019-11-18,0.026857497925516737
2019-11-19,-0.1755873089436921
2019-11-20,-1.0680899622255695
2019-11-21,0.21995271911185765
2019-11-22,-1.0359226215084132
2019-11-25,0.43534716687260483
2019-11-26,0.6937223569742808
2019-11-27,1.0228807289584694
2019-11-29,0.048077225983230436
2019-12-02,-0.7898762030685857
2019-12-03,-0.7280530302909932
2019-12-04,0.3345901506847513
2019-12-05,0.5452093856505612
2019-12-06,0.4388036062469332
2019-12-09,0.44106875797721795
2019-12-10,0.20037339709517743
2019-12-11,-0.3345886301349297
2019-12-12,1.6945277310847613
2019-12-13,0.3338361537935173
2019-12-16,-0.2078988931507484
2019-12-17,0.3598440168493735
2019-12-18,-0.4343869339048647
2019-12-19,-0.2026163031877974
2019-12-20,-0.3729438309170438
2019-12-23,-0.13387872474225063
2019-12-24,-0.1864962242137624
2019-12-26,-0.3115518089363462
2019-12-27,-2.303454419438293
2019-12-30,-0.23726149149319864
2019-12-31,1.1282230392422006
2020-01-02,0.3415471334924964
2020-01-03,0.13126542366255084
2020-01-06,-0.29857499787147396
2020-01-07,0.5753343644316791
2020-01-08,0.20227376974638467
2020-01-09,0.1913735924182936
2020-01-10,1.1215383162164947
2020-01-13,0.11979627003807423
2020-01-14,-0.485819603732959
2020-01-15,-0.7294187863542276
2020-01-16,0.04653300019069861
2020-01-17,0.12037071558008937
2020-01-21,-1.409314077624604
2020-01-22,-1.386121312556246
2020-01-23,-1.1539123537315286
2020-01-24,-0.6527446313906914
2020-01-27,-2.8402544944176027
2020-01-28,-1.4534549122742797
2020-01-29,-0.9948516025218325
2020-01-30,-1.818173889343547
2020-01-31,-2.0470962354200104
2020-02-03,-2.541357908180854
2020-02-04,2.3927202188805374
2020-02-05,0.967301357092541
2020-02-06,0.6979238447773007
2020-02-07,-1.0385793242307493
2020-02-10,2.082091214426411
2020-02-11,1.5682163805878693
2020-02-12,0.8095546803651928
2020-02-13,1.3514458024895497
2020-02-14,1.482990691903631
2020-02-18,1.5026893032162116
2020-02-19,-1.3895634747879249
2020-02-20,-2.0604971122436306
2020-02-21,-0.312666926039762
2020-02-24,0.7721338947737055
2020-02-25,-0.46952534494448567
2020-02-26,-0.13621139961490603
2020-02-27,1.1972950132598923
2020-02-28,0.6987265970016763
2020-03-02,1.233895364430583
2020-03-03,2.349880698368545
2020-03-04,1.593478224967846
2020-03-05,2.0278626548869143
2020-03-06,0.5580927148644446
2020-03-09,-0.14440537584140203
2020-03-10,-0.40366176667329295
2020-03-11,-0.48920861765336326
2020-03-12,-2.674281552639045
2020-03-13,-0.22739413459288324
2020-03-16,-0.6018334606455132
2020-03-17,-2.277943447064844
2020-03-18,-2.8709109876288412
2020-03-19,-3.0350933333069756
2020-03-20,-0.4105703476615011
2020-03-23,-0.13079181278640545
2020-03-24,0.5865403348307934
2020-03-25,-1.0785973311651218
2020-03-26,2.5205025086455075
2020-03-27,-0.19716861613189007
2020-03-30,-0.2897372774530049
2020-03-31,1.1078568380436118
2020-04-01,0.7796637100871383
2020-04-02,2.5425559209086996
2020-04-03,-0.1536240943224217
2020-04-06,0.36994557426390856
2020-04-07,0.6039056580716733
2020-04-08,0.8176531589095372
2020-04-09,-1.0798418733681772
2020-04-13,-0.18683408576288768
2020-04-14,0.36520347961534955
2020-04-15,-0.6603177091546103
2020-04-16,0.5541350658873742
2020-04-17,-0.10344123680535029
2020-04-20,0.10076071828107105
2020-04-21,-0.5528426746912657
2020-04-22,-1.3061172160269718
2020-04-23,0.4830327717764001
2020-04-24,-0.4247152454628686
2020-04-27,0.16757651660486464
2020-04-28,0.026934759298713033
2020-04-29,0.6368727236269817
2020-04-30,0.45658738177861125
2020-05-01,-1.636094641758953
2020-05-04,-0.994327564673631
2020-05-05,-0.33689085539187513
2020-05-06,-0.6416390307435538
2020-05-07,0.39913693722500915
2020-05-08,0.46306676969319027
2020-05-11,-0.32148466870255604
2020-05-12,-0.07401603680745099
2020-05-13,-0.6869488192877033
2020-05-14,-0.3792201412887807
2020-05-15,1.063998320213981
2020-05-18,1.1759932574106438
2020-05-19,0.9939252953073875
2020-05-20,1.1305860636733553
2020-05-21,-1.1221667065260117
2020-05-22,-0.5162495057163273
2020-05-26,0.5209354734016136
2020-05-27,-0.9448131692586215
2020-05-28,0.8112156424999816
2020-05-29,0.3283842504683968
2020-06-01,0.8425365820694856
2020-06-02,0.8221581075514769
2020-06-03,-0.10054892081738583
2020-06-04,0.47242976340580584
2020-06-05,1.7188497362575048
2020-06-08,1.4424625099113064
2020-06-09,0.11617358837005673
2020-06-10,1.62761701704123
2020-06-11,-0.5005460389871609
2020-06-12,-0.017666975340832818
2020-06-15,-0.08643172379990337
2020-06-16,-0.3957079585029056
2020-06-17,0.48572582427019984
2020-06-18,-0.28970294091007814
2020-06-19,-0.6700043585951032
2020-06-22,-0.45143897816058637
2020-06-23,0.19605799569920848
2020-06-24,-1.223862414905717
2020-06-25,0.1881110208809906
2020-06-26,0.0074770780119616685
2020-06-29,-0.07905167209085882
2020-06-30,0.18698986756547306
2020-07-01,-0.33304282707637556
2020-07-02,0.04051677160471485
2020-07-06,0.972201677522873
2020-07-07,-0.2492611532802499
2020-07-08,0.19276358147137626
2020-07-09,0.7988260107230417
2020-07-10,-0.18107207846052273
2020-07-13,-0.22043458421762305
2020-07-14,-0.5205468517875952
2020-07-15,-0.1762173107744445
2020-07-16,-0.2808012228627173
2020-07-17,-0.23961727627857551
2020-07-20,-1.4052789021005547
2020-07-21,0.14679150159263016
2020-07-22,-1.2941406893996252
2020-07-23,-0.6159350799959126
2020-07-24,-0.09076992540353751
2020-07-27,0.777037250244002
2020-07-28,0.1665028898402863
2020-07-29,-0.11399431120178656
2020-07-30,0.30319458171664015
2020-07-31,0.6825991246860275
2020-08-03,-0.07512214540309396
2020-08-04,-0.09929593431390316
2020-08-05,1.7735983452018163
2020-08-06,0.12441236650182978
2020-08-07,0.04423534720120917
2020-08-10,-0.1460701137907079
2020-08-11,0.9870914796171618
2020-08-12,0.3880162665270792
2020-08-13,-0.23840601707370837
2020-08-14,-0.4083523480080989
2020-08-17,0.4283172206044504
2020-08-18,0.4205987364304021
2020-08-19,-1.2353016469651483
2020-08-20,0.4801666897131222
2020-08-21,0.06302104652827747
2020-08-24,-0.33482877802450056
2020-08-25,-0.33972848554823554
2020-08-26,0.3043779942562388
2020-08-27,0.18046624990561982
2020-08-28,0.5712302567453186
2020-08-31,0.16423882557116826
2020-09-01,-0.33591528992032366
2020-09-02,-0.09967097376458177
2020-09-03,-0.5168981428133474
2020-09-04,0.7385325672162272
2020-09-08,-0.8057890686435971
2020-09-09,0.12325341724879307
2020-09-10,-1.139185606659514
2020-09-11,0.10812429969137399
2020-09-14,-0.46261382661160394
2020-09-15,0.12328282447403309
2020-09-16,0.11789990753735227
2020-09-17,-0.35154484687654614
2020-09-18,-0.6533843296420759
2020-09-21,-1.8017780475676577
2020-09-22,0.9579690063648302
2020-09-23,-2.5489289860488755
2020-09-24,-0.759491889984366
2020-09-25,-0.45748445835515716
2020-09-28,-0.4397770727000548
2020-09-29,-1.0486433860328948
2020-09-30,0.5895023715584856
2020-10-01,1.8399097468684487
2020-10-02,1.945196466156459
2020-10-05,3.342232157583397
2020-10-06,1.119664664441753
2020-10-07,3.27544668750262
2020-10-08,2.24336301136372
2020-10-09,3.0705952885953085
2020-10-12,-1.6802167333818434
2020-10-13,0.1917834052459242
2020-10-14,-0.26294496858794675
2020-10-15,-1.146515246652802
2020-10-16,-0.24943198844815725
2020-10-19,-1.88439300029865
2020-10-20,-1.13866501572152
2020-10-21,-1.0317154557059809
2020-10-22,-2.2361830096985083
2020-10-23,-2.5303317325146706
2020-10-26,0.7587499015984868
2020-10-27,-0.09281995792470206
2020-10-28,-1.5404506312681239
2020-10-29,0.23398388047845825
2020-10-30,-0.43340312912141243
2020-11-02,-0.23650385350165784
2020-11-03,-0.315892031965644
2020-11-04,0.9560842743412286
2020-11-05,2.0361507540484536
2020-11-06,0.22702547914746013
2020-11-09,0.3947870056711766
2020-11-10,0.754799115453899
2020-11-11,0.576174049977691
2020-11-12,0.11842862237428758
2020-11-13,-0.13949848819370694
2020-11-16,0.5615118739968641
2020-11-17,0.7076086896508104
2020-11-18,-1.823019697836479
2020-11-19,-1.9085047724720916
2020-11-20,0.1371652226910377
2020-11-23,-0.525428838113914
2020-11-24,-0.7767831358707377
2020-11-25,0.7063001783909664
2020-11-27,-0.4493035541119952
2020-11-30,-0.501326148637063
2020-12-01,0.10730942161095693
2020-12-02,-0.06011278864497208
2020-12-03,1.0160342786777738
2020-12-04,1.3926796075334977
2020-12-07,-0.3078022613605355
2020-12-08,0.9630004648055327
2020-12-09,-0.0572737974199526
2020-12-10,-0.4781233383690077
2020-12-11,-0.007107879124141208
2020-12-14,0.20221499595411463
2020-12-15,-0.18507039671890388
2020-12-16,-0.2879165506758734
2020-12-17,-0.6859595827179835
2020-12-18,-0.9064601316682623
2020-12-21,-0.685574820523108
2020-12-22,-0.41637403365161113
2020-12-23,-0.0734809797375102
2020-12-24,0.11740353004260692
2020-12-28,-0.19856520201325134
2020-12-29,0.06315294425167411
2020-12-30,-0.07461431455042354
2020-12-31,0.05150723089886517
2021-01-04,1.950499187380694
2021-01-05,0.702979209113125
2021-01-06,0.5097184625124255
2021-01-07,-0.17482481498964267
2021-01-08,0.29714792891187336
2021-01-11,-0.44609338358349204
2021-01-12,0.9134807306141716
2021-01-13,-0.30545940972389074
2021-01-14,-0.4718249259328007
2021-01-15,-0.7898195067043936
2021-01-19,-2.0122456618230538
2021-01-20,-0.5176198453147695
2021-01-21,-0.3835285168279569
2021-01-22,-0.9031480266658214
2021-01-25,-0.6146737236520393
2021-01-26,0.0810940807626552
2021-01-27,-1.8013147060117172
2021-01-28,0.166035546471662
2021-01-29,-0.1787720202624246
2021-02-01,-1.0310972531686706
2021-02-02,0.01637059778185571
2021-02-03,-0.3024684353732165
2021-02-04,-0.21493939886747573
2021-02-05,1.361864365226176
2021-02-08,0.9049949601797888
2021-02-09,0.8737998785542893
2021-02-10,1.0958519975295262
2021-02-11,0.5564818696621341
2021-02-12,0.8683043485226278
2021-02-16,1.8836342285921766
2021-02-17,0.10705374530734077
2021-02-18,-0.2262394213761061
2021-02-19,0.7781240985035821
2021-02-22,0.11029024327445901
2021-02-23,-0.671287693931435
2021-02-24,-0.7028554191929544
2021-02-25,-0.9894194561346655
2021-02-26,-1.5335318779436145
2021-03-01,-0.5036660843404724
2021-03-02,-0.9459715386877692
2021-03-03,-0.40410392204366913
2021-03-04,-0.21510353185194758
2021-03-05,-1.7584306202079931
2021-03-08,-1.9318580622401251
2021-03-09,0.5399794374642781
2021-03-10,0.22792801452564776
2021-03-11,1.881074539830062
2021-03-12,1.0656966508402295
2021-03-15,-0.5115025145091295
2021-03-16,-0.033259703606478466
2021-03-17,0.40284918950956355
2021-03-18,0.14456072052893446
2021-03-19,1.0514011736699571
2021-03-22,1.206460462256762
2021-03-23,-0.9141166188334989
2021-03-24,-0.9638184795057887
2021-03-25,-2.167813844508513
2021-03-26,-0.016774888263973515
2021-03-29,-0.8523492790868128
2021-03-30,0.2592527375011938
2021-03-31,0.03540890677170767
2021-04-01,0.015732491214700814
2021-04-05,0.79796911326698
2021-04-06,1.3023149277411652
2021-04-07,0.330083714084499
2021-04-08,0.24607252609073513
2021-04-09,1.243637806998827
2021-04-12,0.23827798923438384
2021-04-13,1.6108585561412911
2021-04-14,0.8556039295734084
2021-04-15,0.23640518908260164
2021-04-16,0.778980837713712
2021-04-19,-0.4525722624242676
2021-04-20,-0.7292024278939407
2021-04-21,0.5111158052744609
2021-04-22,0.16336906282827252
2021-04-23,0.1500823511502924
2021-04-26,0.5728193608319189
2021-04-27,-0.20286820598413363
2021-04-28,-0.3337595372758242
2021-04-29,0.21000512916863398
2021-04-30,-0.048325349400402055
2021-05-03,0.30508838990550063
2021-05-04,-0.37981160687241955
2021-05-05,-0.5899323155534422
2021-05-06,0.7480691884808438
2021-05-07,1.681589914137022
2021-05-10,-0.08828827682216336
2021-05-11,-0.3671438711600671
2021-05-12,-1.0025433305348346
2021-05-13,0.04994460418476478
2021-05-14,0.6647058575965883
2021-05-17,-0.4938421746834786
2021-05-18,0.9016470159206313
2021-05-19,-0.1656853172116549
2021-05-20,-0.4036016941801689
2021-05-21,-1.7339375518265254
2021-05-24,0.18470157199653292
2021-05-25,0.5877534787771607
2021-05-26,1.7395737502349697
2021-05-27,0.14255739057514177
2021-05-28,0.12082682363748348
2021-06-01,0.03611815346899179
2021-06-02,-0.39290873608736887
2021-06-03,0.19105423873534239
2021-06-04,0.6517890338585958
2021-06-07,0.6476175748313118
2021-06-08,-0.6226428008323573
2021-06-09,0.39875279809879083
2021-06-10,-0.8014450055350901
2021-06-11,-1.102394519100542
2021-06-14,-1.3661124055446505
2021-06-15,-0.2805300144816032
2021-06-16,-1.3304025802217812
2021-06-17,-1.7845201982195886
2021-06-18,-1.1886653391982815
2021-06-21,-1.1857852470801291
2021-06-22,-0.8373859011747589
2021-06-23,-0.7572844601473268
2021-06-24,-0.1919987746244131
2021-06-25,0.5785983336782184
2021-06-28,-0.05465988051747114
2021-06-29,0.18174765422603847
2021-06-30,1.0627352036613928
2021-07-01,1.7211420023419968
2021-07-02,0.2807376744492178
2021-07-06,0.22604570806178084
2021-07-07,1.0595948784992406
2021-07-08,-0.5519244626925276
2021-07-09,0.42511948569340335
2021-07-12,0.11989236583826049
2021-07-13,0.6728446689132299
2021-07-14,1.075583359085204
2021-07-15,0.706560309952692
2021-07-16,0.4069646368511074
2021-07-19,-0.5252821225284287
2021-07-20,0.4168555148984911
2021-07-21,0.28893601948065595
2021-07-22,0.3834593866584958
2021-07-23,-0.6927377179797548
2021-07-26,-0.5838238055910788
2021-07-27,-1.7162626353986907
2021-07-28,0.14796931555733642
2021-07-29,0.7762717384859419
2021-07-30,-0.13450113285085719
2021-08-02,0.8427348392023686
2021-08-03,-0.027364389226340286
2021-08-04,-0.1501234310669209
2021-08-05,0.6912618180431893
2021-08-06,-0.2267803967779125
2021-08-09,0.44538326505185477
2021-08-10,2.083748896832477
2021-08-11,-0.24962934092981157
2021-08-12,-1.0630299534700947
2021-08-13,0.8524120788313003
2021-08-16,-0.11070563313456877
2021-08-17,-0.9665841872450746
2021-08-18,-0.6332397959378757
2021-08-19,-1.3419535601694383
2021-08-20,0.22435318283097155
2021-08-23,0.44096995505560815
2021-08-24,0.03533388833164482
2021-08-25,-0.6576504823860588
2021-08-26,-0.7691818507151452
2021-08-27,0.371115510523774
2021-08-30,0.6368594977792866
2021-08-31,1.7126173784125307
2021-09-01,0.5439792614399401
2021-09-02,1.6617701633690058
2021-09-03,1.3409692391780075
2021-09-07,-0.4608798886686299
2021-09-08,0.47849920062744206
2021-09-09,0.7918420069995842
2021-09-10,1.269608736005328
2021-09-13,-1.51057575180122
2021-09-14,-0.31200871692700216
2021-09-15,-0.6274168610990396
2021-09-16,-1.695440935350811
2021-09-17,-1.6152306678532595
2021-09-20,-2.176554647156864
2021-09-21,-1.1928872445151022
2021-09-22,-1.1229570548821062
2021-09-23,-0.8883218832276626
2021-09-24,-1.264140920076516
2021-09-27,0.7577262652813636
2021-09-28,-0.489381065653311
2021-09-29,-0.5898412488403454
2021-09-30,2.2912876463102827
2021-10-01,1.7593017037471694
2021-10-04,1.2540776371036129
2021-10-05,1.14361715872545
2021-10-06,0.18961832349987992
2021-10-07,-0.040335446263587954
2021-10-08,0.7655227203203883
2021-10-11,-0.5707607516249132
2021-10-12,0.4793306001585382
2021-10-13,1.7037739995852483
2021-10-14,-1.1308030668304407
2021-10-15,-0.28434111773697296
2021-10-18,0.06221122616622355
2021-10-19,1.9916374346663708
2021-10-20,-0.29869741860104554
2021-10-21,0.013398180423836475
2021-10-22,-0.033642323964529534
2021-10-25,0.49909736270087696
2021-10-26,0.1976741022041289
2021-10-27,-1.3951048682223144
2021-10-28,0.28809528568821563
2021-10-29,-1.138311513926087
2021-11-01,0.4536269052451799
2021-11-02,-2.1219660086865684
2021-11-03,0.9845358382697953
2021-11-04,0.8691423343246636
2021-11-05,-0.042806377509876176
2021-11-08,0.6528982698712729
2021-11-09,0.14848155949461955
2021-11-10,0.19868810917114377
2021-11-11,-0.12830254703753105
2021-11-12,1.2412585959020537
2021-11-15,-0.9686499511975664
2021-11-16,-0.45141496356084626
2021-11-17,0.13279944848900424
2021-11-18,-0.9212815832095809
2021-11-19,-0.539012498362449
2021-11-22,-0.9268191041353673
2021-11-23,-0.7109521298611056
2021-11-24,-0.15919751463675694
2021-11-26,-0.6333467550224668
2021-11-29,-0.3921916995146139
2021-11-30,1.3457431660187864
2021-12-01,0.2468054570311407
2021-12-02,-0.6368684948927524
2021-12-03,0.5324674221392995
2021-12-06,0.5083290862429642
2021-12-07,0.870509287000015
2021-12-08,1.3981392010074492
2021-12-09,-0.9817852369988274
2021-12-10,0.8314892690087975
2021-12-13,-1.1456346440890888
2021-12-14,-1.6664545506474073
2021-12-15,-0.356616850175602
2021-12-16,-0.8503937854603317
2021-12-17,-1.3695015895170344
2021-12-20,-0.8015999818862818
2021-12-21,-0.992184565226021
2021-12-22,-1.586390839871153
2021-12-23,0.9088085859870157
2021-12-27,-0.6285149096495969
2021-12-28,0.8155013993936158
2021-12-29,0.661775709147317
2021-12-30,0.2811997461964504
2021-12-31,1.713131827312653
2022-01-03,0.38521214963271405
2022-01-04,0.04845606248179663
2022-01-05,-0.34305297607048285
2022-01-06,-1.0774457949778122
2022-01-07,0.5319432159855908
2022-01-10,0.4601285299051273
2022-01-11,0.28302408452744454
2022-01-12,0.8677666530105411
2022-01-13,0.4282733782394308
2022-01-14,-0.3763730925826519
2022-01-18,0.030964064484487956
2022-01-19,0.5839816881777313
2022-01-20,0.5197754581298989
2022-01-21,1.4519217083473734
2022-01-24,-0.024002897940784175
2022-01-25,-0.22242742448052008
2022-01-26,-0.5076716290052785
2022-01-27,-2.7432895695184034
2022-01-28,-0.05331922595832655
2022-01-31,-1.0300671802023122
2022-02-01,0.464371965861062
2022-02-02,0.40692270854473417
2022-02-03,0.6226553696753901
2022-02-04,0.25555457287715705
2022-02-07,-0.009142528425335453
2022-02-08,-0.3401661893013228
2022-02-09,0.8641949900632766
2022-02-10,2.3625063272645166
2022-02-11,-0.3274768276093879
2022-02-14,0.226743804502702
2022-02-15,0.9659874962201891
2022-02-16,-0.28992764673550075
2022-02-17,-0.5001689553979647
2022-02-18,0.2791407650205832
2022-02-22,0.3814862839290458
2022-02-23,0.9847896020892815
2022-02-24,-1.0956900569150954
2022-02-25,0.5042257396750939
2022-02-28,0.7577295269111243
2022-03-01,0.17763362546951497
2022-03-02,-1.1633636168578134
2022-03-03,0.0020067045656169433
2022-03-04,-0.08452377516240658
2022-03-07,-0.5631281610980837
2022-03-08,-0.6083317163102948
2022-03-09,-0.46336719609490506
2022-03-10,0.33123755246429776
2022-03-11,-2.483858832212644
2022-03-14,-3.364577567822092
2022-03-15,-1.1192153771421625
2022-03-16,0.47533605918535377
2022-03-17,-0.7530538547930422
2022-03-18,-1.2000625150826032
2022-03-21,-0.428669038800076
2022-03-22,-0.8965898527902887
2022-03-23,-1.1184111985766096
2022-03-24,-0.08536828481142157
2022-03-25,0.9236566993000456
2022-03-28,2.090912209234507
2022-03-29,1.4951101965494837
2022-03-30,0.3366262077009606
2022-03-31,0.6135700157639239
2022-04-01,0.32696063700761563
2022-04-04,0.3601612342842197
2022-04-05,0.5269294020230246
2022-04-06,1.4589115714082397
2022-04-07,0.4985177515515153
2022-04-08,0.5909315831823521
2022-04-11,0.3765477543978509
2022-04-12,0.01331759138989159
2022-04-13,-0.473813733792399
2022-04-14,-1.0241788461715857
2022-04-18,0.5747161209479505
2022-04-19,-2.3229116102288128
2022-04-20,-2.019762900367925
2022-04-21,-2.9649126744940015
2022-04-22,-3.329467233164272
2022-04-25,-2.6362428486490277
2022-04-26,-0.6769699674034018
2022-04-27,-0.9374711441897041
2022-04-28,-3.331494371916835
2022-04-29,0.7840458791609654
2022-05-02,-1.825934784564623
2022-05-03,1.290672568871499
2022-05-04,2.3371019827463524
2022-05-05,-0.19665213077671542
2022-05-06,1.3162692307869148
2022-05-09,-0.060791099053454735
2022-05-10,0.9374116280226006
2022-05-11,0.8238231397072245
2022-05-12,0.23506297364454432
2022-05-13,0.39749329342061007
2022-05-16,2.2415190062912242
2022-05-17,2.6534730777425666
2022-05-18,-1.3002638646631162
2022-05-19,3.514510894094915
2022-05-20,1.842218055744936
2022-05-23,3.479336718750002
2022-05-24,0.16217576826583804
2022-05-25,-1.096713605092455
2022-05-26,0.7365246547757882
2022-05-27,0.7826318523861807
2022-05-31,-0.1321258978644244
2022-06-01,-1.718285396779203
2022-06-02,2.0296382746654285
2022-06-03,-0.5724226220702231
2022-06-06,0.14190249724382734
2022-06-07,-1.3010173155337987
2022-06-08,-0.22112063135080798
2022-06-09,1.1720562736224407
2022-06-10,1.1690300573661008
2022-06-13,-2.352403604364295
2022-06-14,0.4176753795828163
2022-06-15,1.5174056527876079
2022-06-16,-0.04973671510713169
2022-06-17,-0.39744767472360254
2022-06-21,-0.19102002842418708
2022-06-22,-0.11444830876164389
2022-06-23,0.6623395427216562
2022-06-24,0.7753659861154281
2022-06-27,0.8585533912187028
2022-06-28,1.4604531553996816
2022-06-29,0.2818202877517409
2022-06-30,-0.7148802697779375
2022-07-01,-0.5720822179844942
2022-07-05,-0.062328935881287406
2022-07-06,0.32251281701341467
2022-07-07,0.96945519666701
2022-07-08,0.3173430011014469
2022-07-11,-1.0993399818224976
2022-07-12,-0.330209938597695
2022-07-13,0.4806153701562391
2022-07-14,-1.1106436070203607
2022-07-15,-0.16748301202183463
2022-07-18,-0.06311337829432251
2022-07-19,0.21778023575286748
2022-07-20,-0.9278905330933739
2022-07-21,-1.0108326797893363
2022-07-22,-0.15024592312359422
2022-07-25,0.6978821149823241
2022-07-26,-0.050122310397322116
2022-07-27,0.4375619327622157
2022-07-28,1.3139257384106482
2022-07-29,-0.10856921847791086
2022-08-01,-0.886425826829084
2022-08-02,0.291797287406211
2022-08-03,0.586969586703879
2022-08-04,0.8306283809359131
2022-08-05,-0.5644824473209749
2022-08-08,-0.011274231570465107
2022-08-09,0.3479214470849707
2022-08-10,0.23878579797404637
2022-08-11,-0.9395275000771014
2022-08-12,0.24442921995625508
2022-08-15,-0.9956517250069007
2022-08-16,-0.7715192445789413
2022-08-17,0.034514357672460944
2022-08-18,-0.8756266883721295
2022-08-19,-1.0850381756069565
2022-08-22,-1.452440694914062
2022-08-23,-0.05003708868246578
2022-08-24,-1.8847482926171921
2022-08-25,0.7419656056909333
2022-08-26,-1.3637055595314733
2022-08-29,0.6757489852882586
2022-08-30,0.06746213942687415
2022-08-31,0.302644196808841
2022-09-01,-0.04983668013769393
2022-09-02,1.0781360006878138
2022-09-06,0.5317519197242859
2022-09-07,-0.13870405219487925
2022-09-08,1.262299469591625
2022-09-09,0.20367269572996427
2022-09-12,1.3246729559037185
2022-09-13,-0.31634579262065776
2022-09-14,-0.8310577497858317
2022-09-15,-1.6217606882996545
2022-09-16,0.3553004295555254
2022-09-19,-0.3989436747780234
2022-09-20,0.3082967980773614
2022-09-21,-0.5627458661949649
2022-09-22,-1.0293833350184838
2022-09-23,-2.2089903773335604
2022-09-26,-1.466789249904719
2022-09-27,0.7589211394204657
2022-09-28,1.9727059329983803
2022-09-29,3.6965262295964485
2022-09-30,-0.15989190531833883
2022-10-03,0.8183371479490876
2022-10-04,2.3415574244317705
2022-10-05,1.7436103700000718
2022-10-06,1.280764423277289
2022-10-07,0.8297829731067998
2022-10-10,0.06072112126592427
2022-10-11,0.07558012052411478
2022-10-12,-1.0743036900330591
2022-10-13,-2.4495998602936413
2022-10-14,-0.8234219080942913
2022-10-17,-0.4977911742946782
2022-10-18,-2.6106710026336883
2022-10-19,-2.635240485795372
2022-10-20,-1.198501102503454
2022-10-21,0.23266509696264245
2022-10-24,-0.797039649724124
2022-10-25,-0.7765696889185426
2022-10-26,2.790336365820648
2022-10-27,-1.7178702895729103
2022-10-28,0.04685154989641509
2022-10-31,-1.6499488976360612
2022-11-01,0.6471440573132838
2022-11-02,0.8748335812723289
2022-11-03,-0.284563068976598
2022-11-04,2.8751369994711173
2022-11-07,0.2711875923867718
2022-11-08,1.049152749662308
2022-11-09,-2.86743642567389
2022-11-10,2.9917021385941407
2022-11-11,2.65270884326881
2022-11-14,2.9297079773573254
2022-11-15,0.6140619919073576
2022-11-16,-0.4448050847759238
2022-11-17,-0.38723290282847667
2022-11-18,-1.4571617608807146
2022-11-21,0.18381491349800083
2022-11-22,0.634204438240013
2022-11-23,0.42095732494418286
2022-11-25,-2.127797178399431
2022-11-28,-2.78391297579668
2022-11-29,-0.1281333377249736
2022-11-30,1.2389318126388071
2022-12-01,1.4026206821889582
2022-12-02,1.3398774188290778
2022-12-05,0.16195682511824488
2022-12-06,0.4461734923051628
2022-12-07,-0.050257879108680584
2022-12-08,0.20399006643382753
2022-12-09,0.5964469243228614
2022-12-12,0.4477631776686221
2022-12-13,-1.0240209579847255
2022-12-14,-2.0342851176582086
2022-12-15,-1.290457945579222
2022-12-16,-0.5673071954503116
2022-12-19,-0.9710919835927961
2022-12-20,0.745313888464989
2022-12-21,-0.8253651318546488
2022-12-22,-0.5983542383869187
2022-12-23,-0.18899110329373786
2022-12-27,0.6038082464499496
2022-12-28,-0.7837793079326614
2022-12-29,0.23074068448350152
2022-12-30,1.406685175670238
2023-01-03,-0.2281839738028462
2023-01-04,0.31776966737191353
2023-01-05,-0.3631382695635982
2023-01-06,1.0927415992886405
2023-01-09,1.3055513089206023
2023-01-10,-0.04920596830985983
2023-01-11,0.10285985363773731
2023-01-12,0.9264796844878116
2023-01-13,0.24487405586771555
2023-01-17,-1.3100770607280159
2023-01-18,0.3911766073166665
2023-01-19,-0.6651036418510149
2023-01-20,-0.20964069780069755
2023-01-23,-0.8316739024743098
2023-01-24,-0.9664888247132307
2023-01-25,0.41786227160798745
2023-01-26,0.5112634877741238
2023-01-27,-0.16539398647223438
2023-01-30,0.020653994922394506
2023-01-31,0.35192940596030936
2023-02-01,0.2599969585619392
2023-02-02,0.3742349673962558
2023-02-03,-1.1109984212580248
2023-02-06,-0.5036992377354177
2023-02-07,0.04317524043466137
2023-02-08,-0.3494965736684628
2023-02-09,-0.9264308450540459
2023-02-10,-1.0822785009682734
2023-02-13,-0.5773272135942786
2023-02-14,0.010152919340162775
2023-02-15,-0.9417678011283119
2023-02-16,-0.1301225433316654
2023-02-17,0.9836984607986057
2023-02-21,-0.13640079225610044
2023-02-22,-0.5594977849570097
2023-02-23,-0.2518244350231337
2023-02-24,-0.9014341048231351
2023-02-27,0.7463088523106568
2023-02-28,0.058385965872280655
2023-03-01,0.9935172405045203
2023-03-02,-0.34415957849015716
2023-03-03,0.43560006857618466
2023-03-06,-0.5329590370869244
2023-03-07,-0.4130859742736784
2023-03-08,0.43714079370509656
2023-03-09,-0.09451358735413301
2023-03-10,1.6889445360491877
2023-03-13,1.150335928979102
2023-03-14,-0.1594203431820656
2023-03-15,-1.0712027935631006
2023-03-16,1.1711115052756136
2023-03-17,0.03133258959863671
2023-03-20,1.062176564698229
2023-03-21,1.124532148393041
2023-03-22,0.6630677504449729
2023-03-23,1.4517502659894697
2023-03-24,-1.3504463716128676
2023-03-27,-1.2841581498735681
2023-03-28,0.3507220221913921
2023-03-29,-0.20001431939376038
2023-03-30,-0.09189043262113947
2023-03-31,-0.44091152372036213
2023-04-03,-0.5356794065645011
2023-04-04,-0.23050698630500155
2023-04-05,-0.7108819379972097
2023-04-06,-1.1644212096720976
2023-04-10,0.36790727480961827
2023-04-11,-0.11713448667400837
2023-04-12,-0.05096880471800822
2023-04-13,0.3738959200816683
2023-04-14,-0.3504853400932466
2023-04-17,0.04157172125092371
2023-04-18,0.28834367665976934
2023-04-19,-0.028933699683612646
2023-04-20,0.23802649466370665
2023-04-21,-0.35403161603607014
2023-04-24,0.4400011694282851
2023-04-25,-0.5707959310572311
2023-04-26,-0.1273658559817296
2023-04-27,0.05436734287618824
2023-04-28,0.08486964317174378
2023-05-01,-0.9954952056415763
2023-05-02,-0.5030513022766587
2023-05-03,0.034735488448877895
2023-05-04,-0.2563828398781731
2023-05-05,0.26502894462096943
2023-05-08,-0.08416263583447685
2023-05-09,0.6859221128763369
2023-05-10,-0.3404363560142504
2023-05-11,-0.7599458298615571
2023-05-12,-0.5194229590136091
2023-05-15,1.397073675603266
2023-05-16,-0.28835719357198153
2023-05-17,-0.17951071492945175
2023-05-18,-0.9052677874955471
2023-05-19,0.8313629349855161
2023-05-22,-0.3982573107202716
2023-05-23,-0.19837388480241522
2023-05-24,0.44390941493954167
2023-05-25,0.2599048293854801
2023-05-26,0.9771694153468036
2023-05-30,-0.5128851216629166
2023-05-31,0.04068371401567306
2023-06-01,0.7571611662265438
2023-06-02,0.9858917398018396
2023-06-05,-1.1519748829502299
2023-06-06,0.2889439660606555
2023-06-07,0.02837480025477233
2023-06-08,0.36041691694550365
2023-06-09,-0.08743779123960317
2023-06-12,-1.0129249623186032
2023-06-13,-0.4750702528104844
2023-06-14,0.8609699247905047
2023-06-15,0.7565610857388148
2023-06-16,-0.14168350267104599
2023-06-20,0.41786523632510986
2023-06-21,0.9105901720614027
2023-06-22,0.4379388498377428
2023-06-23,-1.0185981410949823
2023-06-26,-0.6872748725537929
2023-06-27,1.3789288837152285
2023-06-28,0.5005511023181533
2023-06-29,-0.42359734518300585
2023-06-30,-1.2780710430291968
2023-07-03,0.2128771348699237
2023-07-05,-0.791218833174405
2023-07-06,-0.5268335208720364
2023-07-07,0.8878952019695819
2023-07-10,0.40124644841588025
2023-07-11,2.021112986701464
2023-07-12,0.5851636691349293
2023-07-13,0.7291954615289693
2023-07-14,0.16628285219065445
2023-07-17,-0.3453422173260135
2023-07-18,-0.11008147382609382
2023-07-19,0.0991569755172959
2023-07-20,1.8694878161873334
2023-07-21,-0.7856325976561347
2023-07-24,0.38565041990518373
2023-07-25,1.0046501281962574
2023-07-26,-1.1308014419556212
2023-07-27,-0.7289185073150901
2023-07-28,1.1173227040104703
2023-07-31,-0.4469084983825276
2023-08-01,-2.145109331837338
2023-08-02,0.38841994005066593
2023-08-03,-1.4105379234185365
2023-08-04,-0.5092432839685681
2023-08-07,-1.9772093599431508
2023-08-08,-2.68698406538237
2023-08-09,-0.3779823206574171
2023-08-10,-0.6629619369480818
2023-08-11,-2.131331192950932
2023-08-14,-0.9561526654652993
2023-08-15,1.0358243929477522
2023-08-16,-0.49459083594162245
2023-08-17,-0.28326205977850377
2023-08-18,0.4002730845877339
2023-08-21,2.1616272144073134
2023-08-22,-1.6896974110465686
2023-08-23,0.9302657001612139
2023-08-24,-1.932373244747896
2023-08-25,1.21175469624372
2023-08-28,2.2128421148146136
2023-08-29,2.0465063286239817
2023-08-30,0.9506496839404063
2023-08-31,0.37864662538452215
2023-09-01,0.14668229808697497
2023-09-05,-0.6215254613943594
2023-09-06,2.500703969250544
2023-09-07,-1.0883376492452597
2023-09-08,1.865015537509842
2023-09-11,-1.6264415134123074
2023-09-12,-0.365424034365319
2023-09-13,0.18133227907295768
2023-09-14,-0.18185434312744028
2023-09-15,-0.33068227983073983
2023-09-18,-0.15588152844989564
2023-09-19,0.5953046503804827
2023-09-20,0.4329120959043408
2023-09-21,0.0667637150006615
2023-09-22,1.3756295292175962
2023-09-25,1.5480104240074573
2023-09-26,0.40145530843408755
2023-09-27,-0.882690359547953
2023-09-28,0.9346008329937867
2023-09-29,0.2491641503431962
2023-10-02,-3.532642689168658
2023-10-03,-3.1692972533539496
2023-10-04,-2.8321796841579796
2023-10-05,-1.7852734154374033
2023-10-06,-2.6027499308627373
2023-10-09,0.647072619728816
2023-10-10,0.17720549243843545
2023-10-11,0.3096667778423892
2023-10-12,-0.4367626231014196
2023-10-13,-0.2249463724636145
2023-10-16,0.5703493081168911
2023-10-17,2.8733614352607812
2023-10-18,2.499716101256765
2023-10-19,1.7501315719002237
2023-10-20,1.9886155110791595
2023-10-23,-0.038360277900438354
2023-10-24,0.09306784893218988
2023-10-25,-0.18334367721353204
2023-10-26,0.19893438446730996
2023-10-27,0.03667320669999481
2023-10-30,-0.4301741091838308
2023-10-31,-0.19944843246285363
2023-11-01,-0.11829731076737963
2023-11-02,0.2377288489995633
2023-11-03,0.8510453256869612
2023-11-06,0.2725766943819181
2023-11-07,-0.24814538850562343
2023-11-08,0.20661700370792063
2023-11-09,-0.32418613018120856
2023-11-10,-0.2787109630070889
2023-11-13,1.2690668505947007
2023-11-14,1.4623294605103996
2023-11-15,0.44714938448422525
2023-11-16,0.4302789735746194
2023-11-17,0.12118554226306474
2023-11-20,0.7667908572541852
2023-11-21,0.8337365973701941
2023-11-22,-1.2321291909208438
2023-11-24,-2.210540626319189
2023-11-27,-2.3630353726887376
2023-11-28,0.2944788170304046
2023-11-29,-3.460311651993814
2023-11-30,-2.493110157310839
2023-12-01,-2.2542415649115797
2023-12-04,-3.058249513263009
2023-12-05,-2.5437682872856437
2023-12-06,-1.9535200346977086
2023-12-07,-0.2837066479279357
2023-12-08,0.4180672617200991
2023-12-11,0.27287042228670755
2023-12-12,-0.08624244409030642
2023-12-13,1.6298796282952337
2023-12-14,1.7858746350973753
2023-12-15,-0.14339616051523335
2023-12-18,0.4504766510009453
2023-12-19,0.9723226660577922
2023-12-20,-0.5354895786815321
2023-12-21,0.4294488717415678
2023-12-22,0.6534904520809941
2023-12-26,1.1418344817482957
2023-12-27,0.5067649799483263
2023-12-28,0.1252766266444143
2023-12-29,-0.8526784668052361
2024-01-02,-0.031337225897184295
2024-01-03,0.018224569278314718
2024-01-04,-1.3068884888907575
2024-01-05,0.39086383814376596
2024-01-08,-0.8873778449361027
2024-01-09,-1.2176529837460304
2024-01-10,-1.0883107055750711
2024-01-11,0.002956786388047409
2024-01-12,-1.5746154924740978
2024-01-16,-1.1893006890968354
2024-01-17,-0.06320088665148084
2024-01-18,-0.10729712056586743
2024-01-19,0.1501328352392469
2024-01-22,-0.24044185435978316
2024-01-23,1.6648551764358763
2024-01-24,0.4697408944857386
2024-01-25,0.014933572776485762
2024-01-26,-1.170505098662192
2024-01-29,0.15877216918481488
2024-01-30,0.3922518478046224
2024-01-31,0.38601854762562493
2024-02-01,0.3390922936324363
2024-02-02,-0.4456259045055931
2024-02-05,-0.11044464592549999
2024-02-06,-1.5961183583605294
2024-02-07,-0.262309016858314
2024-02-08,-0.12734997938421275
2024-02-09,-0.02618305082169765
2024-02-12,0.9987686893797699
2024-02-13,1.0361056361307144
2024-02-14,0.8936918992059906
2024-02-15,0.767422889494628
2024-02-16,1.2578727624212442
2024-02-20,1.6804310158707447
2024-02-21,1.4357079942773108
2024-02-22,1.6301970126101633
2024-02-23,1.6853775927532508
2024-02-26,1.563815531474307
2024-02-27,0.4971073394095446
2024-02-28,0.48039871686833235
2024-02-29,0.4614085204316773
2024-03-01,0.38884306562721355
2024-03-04,0.6115177357633923
2024-03-05,-0.13326761720704636
2024-03-06,-0.10016429786644827
2024-03-07,0.06224765043161896
2024-03-08,-0.008859887635875585
2024-03-11,0.2566137037590312
2024-03-12,0.15749172857923754
2024-03-13,0.09671349803487383
2024-03-14,-0.02478060336031768
2024-03-15,0.14130183160010618
2024-03-18,0.2572466039665459
2024-03-19,0.18949957236004028
2024-03-20,0.27334358909688444
2024-03-21,-0.06507156144741962
2024-03-22,-0.8905710859413278
2024-03-25,-0.2723628581176942
2024-03-26,-0.35005939135753816
2024-03-27,-0.2769972691316268
2024-03-28,-0.21110169768805
2024-04-01,-0.2563803979136525
2024-04-02,-0.3019560846983202
2024-04-03,-0.04992435749847572
2024-04-04,-0.11923250050284873
2024-04-05,0.1138546569863341
2024-04-08,1.0650954968842785
2024-04-09,0.2752326411603137
2024-04-10,0.14552301159214978
2024-04-11,0.33999347708317
2024-04-12,0.21653196670021405
2024-04-15,0.4640180215335683
2024-04-16,0.18502616483698497
2024-04-17,0.29186348287419484
2024-04-18,0.2080536370789992
2024-04-19,0.12688798035004786
2024-04-22,0.1281443763188769
2024-04-23,0.07170192930971539
2024-04-24,0.25126419411053197
2024-04-25,0.35879778255566996
2024-04-26,0.2172893878005808
2024-04-29,0.5386861465853221
2024-04-30,0.16301235603373007
2024-05-01,0.20784536653253768
2024-05-02,0.98401842472007
2024-05-03,1.2435634652761542
2024-05-06,0.5874534490699203
2024-05-07,-0.19794412457333618
2024-05-08,0.2409578347096579
2024-05-09,0.15237149861607718
2024-05-10,0.12402159695001701
2024-05-13,-0.24135738150213057
2024-05-14,0.47963361169002916
2024-05-15,0.42233452974605673
2024-05-16,-0.694148103436108
2024-05-17,-1.1514664827341548
2024-05-20,-0.7731534045125805
2024-05-21,0.29050310504689364
2024-05-22,0.07811172577051693
2024-05-23,-0.24171595558161318
2024-05-24,0.021044106468206036
2024-05-28,-0.3172632670533738
2024-05-29,-0.6509141110340931
2024-05-30,-0.6079436091726826
2024-05-31,-0.8714622251694931
2024-06-03,-0.13662588814449353
2024-06-04,0.19664377938545563
2024-06-05,-0.3133640806614818
2024-06-06,-0.2859160712809799
2024-06-07,-0.4819729150928805
2024-06-10,-0.34027858989402576
2024-06-11,-0.44811926136034297
2024-06-12,0.06022253479897433
2024-06-13,-1.0567919062112532
2024-06-14,0.005192360170675524
2024-06-17,-0.06641757212113383
2024-06-18,-0.2132817480891979
2024-06-20,-0.4627956166236898
2024-06-21,-0.42954029986476755
2024-06-24,-0.054193564310407234
2024-06-25,-0.3091022958884473
2024-06-26,-0.3832272277697099
2024-06-27,-0.8125291853446663
2024-06-28,-0.0159383082416888
2024-07-01,-0.6918816363781274
2024-07-02,-1.2772464841051212
2024-07-03,-1.171355915093737
2024-07-05,-0.1951178136207639
2024-07-08,-0.12883397847857414
2024-07-09,-0.40215922705573975
2024-07-10,-0.11940607969107662
2024-07-11,0.9908859421097781
2024-07-12,0.26287671871360835
2024-07-15,0.20388519375637648
2024-07-16,0.44988400990242067
2024-07-17,1.289350235374129
2024-07-18,1.0020283705573352
2024-07-19,0.23694981326701725
2024-07-22,-0.045989335256660956
2024-07-23,0.544090097992406
2024-07-24,1.5236554810194203
2024-07-25,0.8540722529463571
2024-07-26,-0.20410648642185658
2024-07-29,0.18995157514332628
2024-07-30,1.572117330121485
2024-07-31,1.3202606954328766
2024-08-01,-1.0241491693591633
2024-08-02,4.0
2024-08-05,2.0343272987846404
2024-08-06,-1.102386826594846
2024-08-07,-1.0492458620141714
2024-08-08,-0.9888467418310616
2024-08-09,0.856894284739642
2024-08-12,-0.11080680875818714
2024-08-13,0.4772569096253911
2024-08-14,-0.9561124739249558
2024-08-15,-0.8672833114351844
2024-08-16,-3.146366374267674
2024-08-19,0.6455915390151497
2024-08-20,2.744875974182288
2024-08-21,1.4059491130264345
2024-08-22,-0.21783922885669607
2024-08-23,1.4519939974786864
2024-08-26,0.7768630506960315
2024-08-27,-0.7986398786214692
2024-08-28,-0.25153012909272776
2024-08-29,3.085395501314733
2024-08-30,0.0828488703337574
2024-09-03,-2.1172249105254326
2024-09-04,-1.1419004054951771
2024-09-05,-0.20313952882270497
2024-09-06,-0.06434978969606146
2024-09-09,-2.6093856835104448
2024-09-10,-1.0957021734848589
2024-09-11,-0.6950563183109222
2024-09-12,-0.36149839502492753
2024-09-13,-1.0078856032505539
2024-09-16,-0.18914764346552768
2024-09-17,0.3416775310362186
2024-09-18,-0.18665862132354763
2024-09-19,-0.09546485402423732
2024-09-20,1.1975787812453875
2024-09-23,1.4931556036648597
2024-09-24,1.3571545648953613
2024-09-25,1.0027191930916104
2024-09-26,2.3255091498634344
2024-09-27,-0.058952647354534184
2024-09-30,0.185702995042186
2024-10-01,-0.5333397376207716
2024-10-02,-0.6131861532161074
2024-10-03,-1.317067175687251
2024-10-04,-2.9932121280855655
2024-10-07,-2.166052340749561
2024-10-08,-2.3815427477929854
2024-10-09,-2.0278554886631004
2024-10-10,-2.16793853339214
2024-10-11,-0.04518960474793564
2024-10-14,-1.0739936110219532
2024-10-15,-0.8554051567592884
2024-10-16,0.21166412268098797
2024-10-17,0.2497457333740754
2024-10-18,2.157969478839459
2024-10-21,0.8209789971359602
2024-10-22,1.3638370539297648
2024-10-23,1.1088430772466664
2024-10-24,0.43012902848973966
2024-10-25,-0.44875108601389324
2024-10-28,0.0638558048757853
2024-10-29,0.7025977423010484
2024-10-30,0.4198167855159067
2024-10-31,0.058550512449436445
2024-11-01,-0.9407956154916365
2024-11-04,1.1703200812391996
2024-11-05,0.08409809707741545
2024-11-06,-2.4632595096451086
2024-11-07,0.40458036495418953
2024-11-08,-1.3937287167461676
2024-11-11,-0.9530349275047156
2024-11-12,-0.6729684941538365
2024-11-13,-0.706641140243496
2024-11-14,-0.6400220633704388
2024-11-15,0.1875285538850991
2024-11-18,-0.43870351948395825
2024-11-19,-0.03285966917992151
2024-11-20,2.1117058542233766
2024-11-21,-0.8721164471706189
2024-11-22,0.8301250429094811
2024-11-25,1.332896193523325
2024-11-26,0.40562215489318465
2024-11-27,0.6077293162613836
2024-11-29,0.5356060453184351
2024-12-02,-0.9574408692394814
2024-12-03,-0.607521534164059
2024-12-04,0.35129980429944224
2024-12-05,0.3518187113840511
2024-12-06,-0.390982473608437
2024-12-09,0.7273895651264816
2024-12-10,-0.038578655578367635
2024-12-11,-0.476740020365095
2024-12-12,-0.7825437852377278
2024-12-13,-0.1784566092488152
2024-12-16,0.8762875801418577
2024-12-17,0.6721916852394616
2024-12-18,-1.0740858701406395
2024-12-19,-0.6137668770480247
2024-12-20,0.7938254236011995
2024-12-23,-0.2582869413987697
2024-12-24,-0.10578612893351844
2024-12-26,0.7912291401335381
2024-12-27,0.5791185904927372
2024-12-30,-0.04369069382626674
2024-12-31,-0.8012765675301903
2025-01-02,-1.2757816547634393
2025-01-03,-0.8332113442144854
2025-01-06,-0.08899488997233358
2025-01-07,-0.6126638366313748
2025-01-08,-0.5539896502497751
2025-01-09,-0.48409329322687206
2025-01-10,-0.5313417847481807
2025-01-13,-0.3200097093846204
2025-01-14,0.31827233721428816
2025-01-15,1.03956073467953
2025-01-16,1.0786689651180779
2025-01-17,1.620523406813266
2025-01-21,2.350939084397286
2025-01-22,0.6496216576077043
2025-01-23,0.7948187035864172
2025-01-24,2.0636108196041163
2025-01-27,0.7625047232561418
2025-01-28,-0.19891549315480145
2025-01-29,-0.04855159773782156
2025-01-30,-2.4134050536559526
2025-01-31,-3.0370963956988657
2025-02-03,-3.1238914338239976
2025-02-04,-3.253058362470968
2025-02-05,-2.179895718746289
2025-02-06,-0.08884688002655797
2025-02-07,-1.2271326948890557
2025-02-10,-0.29760203970867466
2025-02-11,0.5850066749909173
2025-02-12,0.32643225513069707
2025-02-13,2.972504337984032
2025-02-14,3.4303102678737485
2025-02-18,2.5616719176833174
2025-02-19,1.8331886983533876
2025-02-20,3.0101236028375746
2025-02-21,0.5041276687938943
2025-02-24,0.4202483853385926
2025-02-25,0.5084255158485859
2025-02-26,-0.08108319384001857
2025-02-27,-0.6058094950556223
2025-02-28,-0.6963532456349509
2025-03-03,-0.8953010537334056
2025-03-04,0.7619834678700926
2025-03-05,0.490290724552087
2025-03-06,-1.0058442727773522
2025-03-07,-0.09800341835963408
2025-03-10,-0.7574038985368495
2025-03-11,0.5643996821792764
2025-03-12,0.4904772204256917
2025-03-13,0.4584614207623437
2025-03-14,0.0353704045430604
2025-03-17,0.7041200703187502
2025-03-18,-0.22128648519068392
2025-03-19,-0.4126165024581654
2025-03-20,-0.4506713849712152
2025-03-21,-0.19036120829396225
2025-03-24,0.44762985977391445
2025-03-25,-0.7593431805264678
2025-03-26,-0.7004174864593972
2025-03-27,0.039928919983516005
2025-03-28,0.01168496287638261
2025-03-31,-0.40232635555665885
2025-04-01,-0.7136676180623748
2025-04-02,-0.3094198814591587
2025-04-03,-0.1224814154757584
2025-04-04,-0.5152902136987317
2025-04-07,-1.190493721369737
2025-04-08,-1.8899321270203908
2025-04-09,0.15149149348491706
2025-04-10,0.9283550134031544
2025-04-11,0.5315653888615214
2025-04-14,0.01869095215633589
2025-04-15,0.3955111850778507
2025-04-16,0.656789602979747
2025-04-17,0.8916518306404272
2025-04-22,0.5475614197987723
2025-04-23,2.029981520287996
2025-04-24,2.0166439078042733
2025-04-25,0.31377610980147946
2025-04-28,-0.5894031533458463
2025-04-29,0.0445623810056762
2025-04-30,0.009061056508795467
2025-05-01,-0.12545036929592823
2025-05-02,0.46584392295690086
2025-05-05,0.8063903414541251
2025-05-06,1.1333460175741197
2025-05-07,-0.8593656851822858
2025-05-08,-0.5135776007557067
2025-05-09,-0.4776976798016256
2025-05-12,0.45597082066350486
2025-05-13,-0.5559804656215913
2025-05-14,-0.31417163017867444
2025-05-15,-0.002925648467791115
2025-05-16,-1.1892416045437424
2025-05-19,-1.2754166663208646
2025-05-20,-1.1262948835507098
2025-05-21,0.5443361771919447
2025-05-22,0.42568626358504996
2025-05-23,0.9602728759420938
2025-05-27,-0.3450050641843913
2025-05-28,0.19342055066445013
2025-05-29,0.4700156666773194
2025-05-30,-0.0022393655538625054
2025-06-02,0.027338564491400832
2025-06-03,0.13263594334069445
2025-06-04,0.4685511981281939
2025-06-05,-0.07565542802661043
2025-06-06,-0.4727732652700173
2025-06-09,-0.7242015471120637
2025-06-10,-0.6577398113004971
2025-06-11,-0.737132847834365
2025-06-12,-0.1143375760405796
2025-06-13,-0.057861256896529094
2025-06-16,0.2236171212527934
2025-06-17,-0.3844454073221056
2025-06-18,-0.6752798863855741
2025-06-20,-0.22626793283988567
2025-06-23,0.6159829059302109
2025-06-24,0.29449944901144826
2025-06-25,0.27566560559865805
2025-06-26,0.7198508581603306
2025-06-27,-0.4814149584490031
2025-06-30,0.19437431258258941
2025-07-01,-0.2950464132313933
2025-07-02,-0.03984106779154046
2025-07-03,-0.2659020965328251
2025-07-04,-0.49283387760962116
2025-07-07,-0.8821518888496419
2025-07-08,-0.8015375728170951
2025-07-09,-0.5020986313205125
2025-07-10,-0.6469189125494827
2025-07-11,-0.06221456602583782
2025-07-14,-0.19689874934081258
2025-07-15,-0.25966339790524157
2025-07-16,0.07406578037596201
2025-07-17,0.29544543972995646
2025-07-18,0.3946534471817944
2025-07-21,0.9486362429695157
2025-07-22,0.721670856782798
2025-07-23,1.290517337477904
2025-07-24,0.4854019386150209
2025-07-25,-0.10863284225835795
2025-07-28,-0.948253349035713
2025-07-29,0.28682759148300385
2025-07-30,-1.1205206764654025
2025-07-31,-1.0319116648058442
2025-08-01,-0.3370549008377801
2025-08-04,0.4490952153315194
2025-08-05,-0.7639979610966093
2025-08-06,-0.8970307447956805
2025-08-07,-0.4530877415007277
2025-08-08,-0.019218805214394483
2025-08-11,0.2394924451088116
2025-08-12,-0.09404063587341753
2025-08-13,0.8277987311188305
2025-08-14,0.5951584268527589
2025-08-15,-0.5259431393851669
2025-08-18,-0.8477748165641878
2025-08-19,0.4916783319360194
2025-08-20,0.2523055233842096
2025-08-21,0.061547404765469924
2025-08-22,0.6883600432567811
2025-08-25,0.8765013042377595
2025-08-26,0.0815084447476424
2025-08-27,0.31735824085706277
2025-08-28,1.4196192345434426
2025-08-29,1.4686560742033767
2025-09-02,-0.5069086345786382
2025-09-03,-0.3142160091058451
2025-09-04,-0.37885526094924016
2025-09-05,0.3833789105454342
2025-09-08,-0.25300771507629716
2025-09-09,-0.4532494801698732
2025-09-10,-0.25426310381875006
2025-09-11,-0.12854852368440878
2025-09-12,-1.5949817621705218
2025-09-15,-0.7467660454336233
2025-09-16,1.2767725939147543
2025-09-17,0.9095826338372792
2025-09-18,-0.023731333863513927
2025-09-19,-0.5956219658220785
2025-09-22,-0.32201676315680594
2025-09-23,0.11541446171414525
2025-09-24,-0.7249183154367558
2025-09-25,-0.569075774519356
2025-09-26,0.3016110187607751
2025-09-29,-0.38559472324804533
2025-09-30,-1.3800783952569153
2025-10-01,-1.289776450680834
2025-10-02,-0.5383516352663459
2025-10-03,-0.6305455835862358
2025-10-06,-0.9748051652003864
2025-10-07,-1.304004755946912
2025-10-08,-0.41536003844230507
2025-10-09,-0.4283816320043981
2025-10-10,-0.4767321013122636
2025-10-13,-1.2883898623965786
2025-10-14,-0.6432407293245632
2025-10-15,1.4453980846741343
2025-10-16,1.3814518850637554
2025-10-17,1.2667515805874079
2025-10-20,1.8218236691597096
2025-10-21,1.4774335961742981
2025-10-22,1.6798114163016864
2025-10-23,1.5163439717659988
2025-10-24,1.0598860122638059
2025-10-27,2.013703004571785
2025-10-28,2.119030311272956
2025-10-29,-0.4426382684732452
2025-10-30,-0.9282317715234956
2025-10-31,-0.7919109742683889
2025-11-03,-0.8597469273370704
2025-11-04,1.550567700053975
2025-11-05,-0.12004892971820577
2025-11-06,-0.20834704787691355
2025-11-07,-0.6713444512845377
2025-11-10,-1.0063562153668562
2025-11-11,-1.1108977657001797
2025-11-12,-0.08497410906318183
2025-11-13,1.2034797605089682
2025-11-14,0.870522514867909
2025-11-17,0.2060152258554121
2025-11-18,-1.33362072843128
2025-11-19,-0.14068960046173531
2025-11-20,-0.2884119583644674
2025-11-21,0.7678401541118125
2025-11-24,0.49942190736646114
2025-11-25,1.2567750831060265
2025-11-26,0.6203302389322445
2025-11-28,-0.4053751454525077
2025-12-01,-0.16803775168467608
2025-12-02,0.44359410651665815
2025-12-03,0.28273734320292004
2025-12-04,-0.15886366867025553
2025-12-05,0.11965342970226507
2025-12-08,-0.5055308129536031
2025-12-09,-0.021631664465650263
2025-12-10,-1.1442764911466798
2025-12-11,-0.4021788508506634
2025-12-12,-0.4039506997756626
2025-12-15,0.7489202109707257
2025-12-16,0.7564570619920128
2025-12-17,-0.19304298126119343
2025-12-18,1.1773537490479136
2025-12-19,0.6240976630613085
2025-12-22,0.8472961270577464
2025-12-23,0.9274995460374579
2025-12-24,1.1397244469889845
2025-12-26,0.8131253165238731
2025-12-29,1.461337147064704
2025-12-30,-0.285928626965651
2025-12-31,-0.21611747309052298
2026-01-02,0.7218897392227588
2026-01-05,-0.6807925994377099
2026-01-06,-0.46347108900344725
2026-01-07,-1.2520705392861144
2026-01-08,-0.8316352739242163
2026-01-09,-1.0529232065679586
2026-01-12,-1.0234537614218255
2026-01-13,-1.790201212141284
2026-01-14,-0.6712876331765661
2026-01-15,-0.7466200989850555
2026-01-16,-1.5346469592902927
2026-01-20,0.35653615276966016
2026-01-21,-0.09683501012188452
2026-01-22,0.5194914830002351
2026-01-23,0.6141399922330488
2026-01-26,0.9787382249252435
2026-01-27,0.2766296436575459
2026-01-28,0.75981197094241
2026-01-29,0.12791685650732101
2026-01-30,-0.7943962455688679
2026-02-02,0.7385280577666049
2026-02-03,-0.22610930460590312
2026-02-04,-0.43127026893277665
2026-02-05,-0.0891134208568264
2026-02-06,-0.9806726704892036
2026-02-09,-0.18641936045829868
2026-02-10,-0.4392161595663236
2026-02-11,-0.3956338818808697
2026-02-12,0.23361771483630453
2026-02-13,0.6244409018568201
