,us_tips_level,us_tips_change,germany_nominal_level,germany_nominal_change,germany_cpi_lagged,uk_nominal_level,uk_nominal_change,uk_cpi_lagged,canada_nominal_level,canada_nominal_change,canada_cpi_lagged,switzerland_nominal_level,switzerland_nominal_change,switzerland_cpi_lagged,norway_nominal_level,norway_nominal_change,norway_cpi_lagged,sweden_nominal_level,sweden_nominal_change,sweden_cpi_lagged,yield_dispersion,yield_change_dispersion,mean_cpi_change,us_vs_global_spread,vix_monthly
2003-02-01,1.77,-0.41999999999999993,3.955,-0.22499999999999964,1.020408,4.2131,-0.17680000000000007,1.4,5.012,0.05018181818181944,4.508197,2.375,-0.020999999999999908,0.8466601999999999,5.32,-0.35999999999999943,5.0,4.47,-0.23000000000000043,2.663691,1.0367214291537852,0.15026875537840617,2.573159366666667,-2.4541833333333334,32.21842105263158
2003-03-01,2.03,0.2599999999999998,4.00047619047619,0.045476190476190226,1.2429379999999999,4.3243,0.11120000000000019,1.6,4.99714285714286,-0.014857142857139571,4.684318,2.537,0.16199999999999992,0.9490609,5.25,-0.07000000000000028,4.993598,4.57,0.10000000000000053,3.3215809999999997,0.9651361285226784,0.08628526235909503,2.79858265,-2.2498198412698422,30.634285714285717
2003-04-01,2.16,0.13000000000000034,4.147,0.14652380952380994,1.1273959999999998,4.4663,0.14200000000000035,1.6,5.05190476190476,0.054761904761900126,4.246714,2.659,0.12199999999999989,1.3390360000000001,5.31,0.05999999999999961,3.8265309999999997,4.72,0.14999999999999947,2.969532,0.9438872787173337,0.04385041311275011,2.5182015,-2.2323674603174597,23.99190476190476
2003-05-01,1.77,-0.3900000000000001,3.8152380952381,-0.33176190476190026,0.9029345999999999,4.2197,-0.24660000000000082,1.5,4.67190476190476,-0.3799999999999999,2.914573,2.358,-0.3009999999999997,0.6718884,4.97,-0.33999999999999986,2.929936,4.37,-0.34999999999999964,2.1616470000000003,0.9252576690513411,0.046137220321746115,1.8468298333333335,-2.2974738095238103,20.23952380952381
2003-06-01,1.9,0.1299999999999999,3.61666666666667,-0.19857142857143018,0.5636979,4.1127,-0.10699999999999932,1.3,4.28809523809524,-0.3838095238095205,2.808425,2.607,0.2490000000000001,0.41415609999999997,4.5,-0.46999999999999975,2.0330369999999998,4.2,-0.16999999999999993,1.779711,0.6923922271330429,0.25117850057964536,1.4831711666666667,-1.9874103174603182,20.362380952380953
2003-07-01,2.41,0.5100000000000002,3.97260869565217,0.3559420289855,0.9019166,4.4078,0.2950999999999997,1.2,4.68318181818182,0.3950865800865806,2.6026029999999998,2.666,0.05899999999999972,0.5479887,4.9,0.40000000000000036,1.778907,4.51,0.3099999999999996,1.6469040000000001,0.808331627124003,0.12675790509274004,1.44638655,-1.7799317523056644,19.161363636363635
2003-08-01,2.29,-0.1200000000000001,4.13,0.1573913043478301,1.013514,4.604,0.19620000000000015,1.3,4.902,0.2188181818181798,2.089552,2.875,0.20900000000000007,0.27042259999999996,5.01,0.10999999999999943,1.526718,4.7,0.1900000000000004,1.6564439999999998,0.7935874032938444,0.040301645748578994,1.3094417666666665,-2.080166666666667,19.274285714285714
2003-09-01,1.95,-0.3400000000000001,4.17136363636364,0.04136363636364049,1.1273959999999998,4.7132,0.10919999999999952,1.4,4.75714285714286,-0.14485714285714035,1.982161,2.777,-0.09799999999999986,0.5372164,4.91,-0.09999999999999964,2.171137,4.73,0.03000000000000025,1.567375,0.8076676673305572,0.10073064929963603,1.4642142333333332,-2.39311774891775,19.532380952380954
2003-10-01,1.93,-0.020000000000000018,4.22130434782609,0.04994071146244927,1.014656,4.9071,0.19390000000000018,1.3,4.81545454545455,0.05831168831169009,2.180377,2.882,0.10499999999999998,0.5304876999999999,4.94,0.03000000000000025,2.030457,4.85,0.11999999999999922,1.533698,0.8065163583970236,0.06013330451497717,1.4316126166666667,-2.5059764822134403,18.023478260869567
2003-11-01,2.03,0.09999999999999987,4.353,0.1316956521739101,1.128668,5.065,0.1579000000000006,1.3,4.85684210526316,0.04138755980861042,1.581028,2.993,0.11099999999999977,0.45368379999999997,4.97,0.02999999999999936,1.643489,4.98,0.13000000000000078,1.274556,0.7978233001048621,0.052369431905055025,1.2302374666666667,-2.5063070175438598,17.40105263157895
2003-12-01,2.0,-0.029999999999999805,4.29105263157895,-0.061947368421050086,1.245753,4.896,-0.16900000000000048,1.3,4.72904761904762,-0.12779448621554046,1.576355,2.78,-0.21300000000000008,0.5125993,4.78,-0.1899999999999995,1.38539,4.86,-0.1200000000000001,1.310425,0.8180314584446146,0.05481020122518227,1.2217537166666668,-2.3893500417710953,16.826363636363638
2004-01-01,1.85,-0.1499999999999999,4.17095238095238,-0.12010025062657004,1.122334,4.7875,-0.10850000000000026,1.3,4.58619047619048,-0.14285714285713969,2.0771509999999997,2.852,0.07200000000000006,0.5937673000000001,4.54,-0.2400000000000002,0.625,4.65,-0.20999999999999996,1.2724030000000002,0.7218630961952042,0.1094295079260046,1.1651092166666668,-2.4144404761904767,16.101
2004-02-01,1.61,-0.24,4.11,-0.060952380952379315,1.122334,4.8056,0.01810000000000045,1.5,4.4515,-0.1346904761904799,1.27451,2.681,-0.17099999999999982,0.17251789999999997,4.29,-0.25,-1.831502,4.55,-0.10000000000000053,0.7247427,0.7562871158936048,0.09230201143633233,0.4937670999999999,-2.5380166666666666,15.99842105263158
2004-03-01,1.48,-0.13000000000000012,3.91347826086957,-0.19652173913043036,0.78125,4.7088,-0.0968,1.4,4.2604347826087,-0.19106521739130056,0.6809338,2.632,-0.04899999999999993,0.09069299,4.12,-0.16999999999999993,-1.8292680000000001,4.31,-0.2400000000000002,-0.39870690000000003,0.7154193575902675,0.07080695769731231,0.12081698166666661,-2.5107855072463785,17.687391304347827
2004-04-01,2.11,0.6299999999999999,4.097,0.18352173913043046,1.0033450000000002,4.957,0.24819999999999975,1.2,4.61285714285714,0.35242236024844065,0.7759457,2.809,0.17700000000000005,-0.09702823,4.67,0.5499999999999998,-0.6142506,4.55,0.2400000000000002,-0.16081189999999998,0.7734870353648795,0.14130089356049128,0.351199995,-2.1726428571428564,15.69857142857143
2004-05-01,2.0,-0.10999999999999988,4.25333333333333,0.15633333333332988,1.6778520000000001,5.1118,0.15479999999999983,1.1,4.773,0.16014285714285936,1.6601560000000002,2.888,0.07899999999999974,0.5458111,4.91,0.2400000000000002,0.24752480000000002,4.68,0.1299999999999999,0.21517719999999999,0.8104514480396897,0.0522274027922006,0.9077535166666667,-2.4360222222222214,17.705000000000002
2004-06-01,2.1,0.10000000000000009,4.31272727272727,0.059393939393939554,2.130045,5.2,0.0882000000000005,1.4,4.93272727272727,0.15972727272727028,2.4390240000000003,3.04,0.15200000000000014,0.9399879000000001,4.72,-0.1900000000000004,0.9962639999999999,4.72,0.040000000000000036,0.5816667,0.7667852106220162,0.1278100775721022,1.4144979333333334,-2.3875757575757564,15.342727272727274
2004-07-01,2.01,-0.0900000000000003,4.23681818181818,-0.07590909090909026,1.787709,5.1083,-0.09170000000000034,1.5,4.75,-0.18272727272726996,2.5365849999999996,2.957,-0.08300000000000018,1.1120809999999999,4.47,-0.25,1.2484389999999999,4.57,-0.14999999999999947,0.42125730000000006,0.7417637980009496,0.06885891923037794,1.4343452166666666,-2.3386863636363637,15.502380952380953
2004-08-01,1.78,-0.22999999999999976,4.08045454545455,-0.15636363636362915,1.783723,5.0071,-0.10119999999999951,1.4,4.63095238095238,-0.1190476190476204,2.339181,2.825,-0.13199999999999967,0.862449,4.29,-0.17999999999999972,1.503759,4.42,-0.15000000000000036,0.6178191999999999,0.7480734342503303,0.028198898657072723,1.4178218666666664,-2.428917821067821,16.68409090909091
2004-09-01,1.77,-0.010000000000000009,4.01636363636364,-0.06409090909091031,1.8952060000000002,4.9109,-0.09620000000000051,1.4,4.60238095238095,-0.028571428571429358,1.846453,2.75,-0.07500000000000018,1.001135,4.23,-0.05999999999999961,1.0,4.37,-0.04999999999999982,0.5276473,0.7504940981293788,0.02283814019713566,1.2784068833333333,-2.376607431457432,14.08095238095238
2004-10-01,1.63,-0.14000000000000012,3.8947619047619,-0.12160173160174015,1.785714,4.7683,-0.14259999999999984,1.2,4.55,-0.05238095238095042,1.842871,2.623,-0.12699999999999978,0.8607773000000001,4.19,-0.040000000000000036,1.1194030000000001,4.25,-0.1200000000000001,0.5310179,0.7597219558249646,0.04307163622057003,1.2232972,-2.4160103174603176,14.973809523809523
2004-11-01,1.75,0.1200000000000001,3.78045454545455,-0.11430735930734981,1.8973209999999998,4.6903,-0.07800000000000029,1.3,4.48476190476191,-0.06523809523809021,2.3346299999999998,2.443,-0.18000000000000016,1.2925959999999999,4.05,-0.14000000000000057,1.3681590000000001,4.13,-0.1200000000000001,0.7601291,0.7967119099310959,0.041740239424196655,1.4921391833333333,-2.179752741702743,13.577619047619047
2004-12-01,1.68,-0.07000000000000006,3.57952380952381,-0.20093073593073996,1.901566,4.5316,-0.15869999999999962,1.5,4.32047619047619,-0.16428571428571992,2.42483,2.382,-0.06099999999999994,1.517499,3.94,-0.10999999999999988,1.2422360000000001,3.9,-0.22999999999999998,0.3916355,0.7604598103015701,0.0611412134541044,1.4962944166666665,-2.0955999999999992,12.459545454545456
2005-01-01,1.65,-0.030000000000000027,3.5647619047619,-0.014761904761910305,2.2197560000000003,4.5419,0.010299999999999976,1.8,4.2605,-0.059976190476189295,2.131783,2.249,-0.133,1.331858,3.9,-0.040000000000000036,1.118012,3.84,-0.06000000000000005,0.2800014,0.8002726759033013,0.04912279275399092,1.4802350666666666,-2.0760269841269836,13.437999999999999
2005-02-01,1.7,0.050000000000000044,3.544,-0.020761904761899874,1.442841,4.5884,0.046499999999999986,1.7,4.205,-0.05550000000000033,1.9361080000000002,2.381,0.13199999999999967,1.20481,3.77,-0.1299999999999999,0.9950249,3.76,-0.08000000000000007,-0.02518348,0.7505312962606335,0.09429964864164658,1.2089334033333332,-2.008066666666667,11.708947368421052
2005-03-01,1.79,0.09000000000000008,3.69619047619048,0.15219047619047998,1.66113,4.796,0.20760000000000023,1.7,4.35818181818182,0.15318181818182008,2.125604,2.355,-0.0259999999999998,1.410295,4.02,0.24999999999999956,0.9937888,3.86,0.10000000000000009,0.6888095999999999,0.8295554795571466,0.09606935016618749,1.4299378999999999,-2.05756204906205,13.126363636363635
2005-04-01,1.61,-0.17999999999999994,3.48238095238095,-0.2138095238095299,1.7660040000000001,4.6218,-0.1741999999999999,2.0,4.19380952380952,-0.16437229437230005,2.309913,2.074,-0.28100000000000014,1.4411209999999999,3.87,-0.14999999999999947,0.9888752000000001,3.58,-0.2799999999999998,0.1324361,0.8722708221276796,0.05816723111306053,1.4397248833333334,-2.026998412698412,14.459047619047618
2005-05-01,1.63,0.019999999999999796,3.30409090909091,-0.17829004329004006,1.210121,4.4173,-0.20450000000000035,1.9,4.07380952380952,-0.1200000000000001,2.401537,2.014,-0.06000000000000005,1.41608,3.7,-0.16999999999999993,1.358025,3.34,-0.2400000000000002,0.25765820000000006,0.8341562139802231,0.06385532316467396,1.4239035333333332,-1.8448667388167381,13.967619047619047
2005-06-01,1.67,0.040000000000000036,3.12636363636364,-0.17772727272727007,1.2074639999999999,4.2847,-0.13260000000000005,1.9,3.82818181818182,-0.2456277056277001,1.619048,1.999,-0.01499999999999968,1.081741,3.55,-0.15000000000000036,1.602959,3.11,-0.22999999999999998,0.07853497,0.7833711782986279,0.08295599407716277,1.2482911616666665,-1.6463742424242436,11.868636363636364
2005-07-01,1.92,0.25,3.20571428571429,0.07935064935064995,1.317234,4.3011,0.01639999999999997,2.0,3.8995,0.07131818181818028,1.7126549999999998,1.955,-0.04400000000000004,0.680874,3.56,0.010000000000000231,1.602959,3.06,-0.04999999999999982,0.5521494,0.8123099298770577,0.05484103723477192,1.3109785666666667,-1.410219047619048,11.049
2005-08-01,1.65,-0.27,3.23260869565217,0.02689440993788006,1.533406,4.3249,0.023800000000000487,2.3,3.92045454545455,0.020954545454549667,2.0,1.928,-0.027000000000000135,1.189073,3.62,0.06000000000000005,1.481481,3.14,0.08000000000000007,0.330353,0.828008203490363,0.03681114724245261,1.4723855000000003,-1.7109938735177872,12.951304347826087
2005-09-01,1.78,0.13000000000000012,3.06772727272727,-0.16488142292489982,1.5317290000000001,4.2109,-0.11400000000000077,2.4,3.86857142857143,-0.05188311688311975,2.576336,1.95,0.02200000000000002,0.960686,3.49,-0.1299999999999999,1.856436,2.98,-0.16000000000000014,0.6435145,0.7948496912552669,0.07225590507079073,1.66145025,-1.4811997835497832,12.628095238095238
2005-10-01,2.0,0.21999999999999997,3.23857142857143,0.17084415584416002,1.8640349999999999,4.3482,0.13730000000000064,2.5,4.047,0.1784285714285696,3.238095,2.097,0.14700000000000002,1.3966180000000001,3.68,0.18999999999999995,1.96802,3.17,0.18999999999999995,0.5995931999999999,0.7959163321324058,0.022195307805767856,1.9277268666666663,-1.4301285714285719,14.937619047619048
2005-11-01,2.12,0.1200000000000001,3.44818181818182,0.2096103896103898,1.861993,4.3129,-0.03530000000000033,2.4,4.10714285714286,0.060142857142860606,2.5665400000000003,2.184,0.08700000000000019,1.33328,3.96,0.2799999999999998,1.8404909999999999,3.38,0.20999999999999996,0.4803928,0.7699779153054905,0.1175806447395665,1.7471161333333336,-1.44537077922078,12.147619047619047
2005-12-01,2.06,-0.06000000000000005,3.33761904761905,-0.11056277056276986,1.7563119999999999,4.2186,-0.0942999999999996,2.2,4.041,-0.06614285714285995,1.988636,1.96,-0.2240000000000002,0.9515178,3.83,-0.1299999999999999,1.8404909999999999,3.37,-0.009999999999999787,0.8160052,0.8152313498089131,0.07136124426591754,1.5921603333333332,-1.3995365079365083,11.26
2006-01-01,2.0,-0.06000000000000005,3.32136363636364,-0.0162554112554103,1.4115090000000001,4.0752,-0.14340000000000064,2.1,4.02904761904762,-0.011952380952380715,2.087286,2.153,0.19300000000000006,1.006369,3.65,-0.18000000000000016,1.842752,3.32,-0.050000000000000266,0.8841954,0.7039897357930172,0.13104715892421737,1.5553519,-1.4247685425685432,12.036
2006-02-01,2.02,0.020000000000000018,3.4725,0.1511363636363603,1.8599560000000002,4.1543,0.07910000000000039,2.2,4.17,0.14095238095238027,2.754036,2.252,0.09899999999999975,1.29091,3.72,0.07000000000000028,1.847291,3.42,0.10000000000000009,0.6117529,0.7048585437282198,0.032743384043240675,1.7606576500000004,-1.5114666666666667,12.471052631578948
2006-03-01,2.35,0.33000000000000007,3.63739130434783,0.16489130434782995,1.851852,4.3177,0.1634000000000002,2.2,4.1995652173913,0.029565217391300358,2.17597,2.517,0.2650000000000001,1.383642,3.84,0.11999999999999966,2.583026,3.55,0.1299999999999999,0.6088825,0.6439623786426654,0.07656115604121294,1.8005620833333333,-1.3269427536231886,11.69391304347826
2006-04-01,2.39,0.040000000000000036,3.895,0.25760869565216993,1.4099780000000002,4.5177,0.1999999999999993,2.0,4.41578947368421,0.21622425629290998,2.163688,2.752,0.23499999999999988,1.0287950000000001,4.07,0.23000000000000043,2.325581,3.84,0.29000000000000004,1.122431,0.6319266329285641,0.03187340058529227,1.6750788333333333,-1.5250815789473684,11.84736842105263
2006-05-01,2.48,0.08999999999999986,3.96272727272727,0.0677272727272702,1.956522,4.6488,0.1311,2.2,4.39954545454545,-0.01624401913876028,2.4390240000000003,2.7,-0.0519999999999996,1.059165,4.17,0.09999999999999964,2.679659,3.89,0.050000000000000266,1.484866,0.6788567817166178,0.06945631902589615,1.9698726666666666,-1.4818454545454527,14.454545454545455
2006-06-01,2.54,0.06000000000000005,3.96045454545455,-0.0022727272727203207,1.7353580000000002,4.6645,0.015700000000000713,2.4,4.44136363636364,0.04181818181818997,2.8116209999999997,2.848,0.1479999999999997,1.361907,4.26,0.08999999999999986,2.305825,3.93,0.040000000000000036,1.573034,0.6380777756098964,0.054946628875602165,2.0312908333333333,-1.4773863636363647,16.918636363636363
2006-07-01,2.41,-0.1299999999999999,4.01,0.049545454545449896,1.84182,4.656,-0.008500000000000618,2.6,4.444,0.002636363636359995,2.43218,2.742,-0.10599999999999987,1.5621,4.31,0.04999999999999982,2.184466,3.96,0.029999999999999805,1.50829,0.6790221400415943,0.058511271900325706,2.0214760000000003,-1.6103333333333332,15.325999999999999
2006-08-01,2.24,-0.16999999999999993,3.88391304347826,-0.12608695652173996,1.8338729999999999,4.6535,-0.0024999999999995026,2.5,4.25272727272727,-0.1912727272727297,2.3342669999999996,2.547,-0.19499999999999984,1.424671,4.2,-0.10999999999999943,2.068126,3.84,-0.1200000000000001,1.710748,0.7234029962483179,0.07006440186884788,1.9786141666666666,-1.6561900527009215,13.351739130434783
2006-09-01,2.27,0.029999999999999805,3.75380952380952,-0.13010351966873968,1.508621,4.5522,-0.10130000000000017,2.6,4.06857142857143,-0.18415584415583997,2.139535,2.369,-0.17799999999999994,1.452135,4.12,-0.08000000000000007,1.944107,3.7,-0.13999999999999968,1.582425,0.7471163699615679,0.04116515765183382,1.871137166666667,-1.4905968253968247,12.1845
2006-10-01,2.34,0.06999999999999984,3.78772727272727,0.03391774891774979,1.076426,4.6155,0.06329999999999991,2.5,4.10666666666667,0.038095238095239736,0.7380074000000001,2.495,0.1259999999999999,0.7939003000000001,4.18,0.05999999999999961,2.6538,3.73,0.029999999999999805,1.4794049999999999,0.7224071167138717,0.0358173562671759,1.54025645,-1.4791489898989902,11.306363636363637
2006-11-01,2.16,-0.17999999999999972,3.71409090909091,-0.07363636363635973,1.075269,4.5452,-0.07029999999999959,2.5,3.99952380952381,-0.10714285714285987,1.019462,2.341,-0.15399999999999991,0.25860479999999997,4.16,-0.019999999999999574,2.650602,3.62,-0.10999999999999988,1.310338,0.7568048912833808,0.04547900717482459,1.4690459666666669,-1.56996911976912,10.817619047619049
2006-12-01,2.41,0.25,3.77052631578947,0.05643540669855973,1.4023729999999999,4.6195,0.07430000000000003,2.8,3.96631578947368,-0.03320802005013013,1.392758,2.489,0.1479999999999997,0.4977289000000001,4.24,0.08000000000000007,2.53012,3.65,0.029999999999999805,1.6827009999999998,0.7258421475771754,0.059909260189119316,1.7176134833333334,-1.3792236842105248,10.9645
2007-01-01,2.4,-0.010000000000000231,4.01681818181818,0.2462918660287099,1.3918629999999999,4.8694,0.24989999999999934,2.9,4.12181818181818,0.15550239234450025,1.6728619999999998,2.619,0.13000000000000034,0.6209756999999999,4.39,0.14999999999999947,2.171291,3.9,0.25,1.6357959999999998,0.7535373540621206,0.05737095766686304,1.7321312833333333,-1.5861727272727268,11.0425
2007-02-01,2.2,-0.19999999999999973,4.049,0.03218181818182053,1.718582,4.896,0.02660000000000018,2.7,4.1175,-0.004318181818180555,1.109057,2.556,-0.06300000000000017,0.1020304,4.52,0.1299999999999999,1.20919,3.93,0.03000000000000025,1.938553,0.7973301961337389,0.06278110744316819,1.4629020666666668,-1.8114166666666662,11.155263157894737
2007-03-01,2.21,0.009999999999999787,3.94090909090909,-0.10809090909091035,1.71123,4.8194,-0.0766,2.7,4.04590909090909,-0.0715909090909097,2.0370369999999998,2.702,0.1459999999999999,-0.01143766,4.45,-0.0699999999999994,0.7194245,3.79,-0.14000000000000012,1.9757919999999998,0.7208126052593881,0.10138611579789437,1.5220076399999998,-1.7480363636363632,15.162727272727272
2007-04-01,2.2,-0.009999999999999787,4.1521052631579,0.2111961722488096,1.9251340000000001,5.0439,0.22449999999999992,2.9,4.1715,0.12559090909090997,2.3020259999999997,2.801,0.0990000000000002,0.1728719,4.71,0.2599999999999998,1.076555,4.04,0.25,1.923009,0.7674591608685819,0.06695696253622933,1.7165993166666667,-1.9530842105263169,12.933000000000002
2007-05-01,2.54,0.33999999999999986,4.27904761904762,0.12694235588972003,2.132196,5.1458,0.10190000000000055,2.7,4.29272727272727,0.1212272727272703,2.1978020000000003,3.032,0.23099999999999987,0.45393490000000003,4.88,0.16999999999999993,0.23724789999999998,4.15,0.11000000000000032,1.923889,0.7324648802486787,0.048952097300573226,1.6075116333333332,-1.7565958152958157,13.297727272727274
2007-06-01,2.65,0.10999999999999988,4.56047619047619,0.28142857142857025,2.132196,5.4321,0.2862999999999998,2.5,4.61285714285714,0.32012987012987004,2.187785,3.194,0.16199999999999992,0.4879317,5.19,0.3100000000000005,0.3558719,4.44,0.29000000000000004,1.6575360000000001,0.7797185410576598,0.05731442814641438,1.5535534333333334,-1.9215722222222218,14.947619047619046
2007-07-01,2.44,-0.20999999999999996,4.505,-0.05547619047619001,1.9148939999999999,5.4084,-0.023699999999999832,2.5,4.59,-0.022857142857140467,2.191781,3.108,-0.08599999999999985,0.6308541999999999,5.1,-0.09000000000000075,0.3562945,4.45,0.009999999999999787,1.8512009999999999,0.7910926494412648,0.03945656361041318,1.5741707833333336,-2.0868999999999995,17.273333333333333
2007-08-01,2.34,-0.10000000000000009,4.29652173913043,-0.2084782608695699,2.012712,5.1499,-0.2585000000000006,2.0,4.42863636363636,-0.1613636363636397,2.189781,3.049,-0.05900000000000016,0.7203642,4.91,-0.1899999999999995,0.476758,4.25,-0.20000000000000018,1.8649490000000002,0.7300742776901107,0.06702297786086328,1.5440940333333335,-2.0073430171277984,25.02608695652174
2007-09-01,2.27,-0.06999999999999984,4.226,-0.07052173913043003,2.1231419999999996,4.9928,-0.1570999999999998,2.0,4.35631578947368,-0.07232057416268045,1.730419,3.056,0.007000000000000117,0.4358537,4.81,-0.10000000000000053,0.3575685,4.22,-0.03000000000000025,1.7687599999999999,0.6781505001332852,0.05660322324434463,1.4026238666666666,-2.0068526315789463,22.198947368421056
2007-10-01,2.14,-0.1299999999999999,4.28260869565217,0.056608695652170304,2.662407,4.9576,-0.035199999999999676,2.0,4.36272727272727,0.006411483253589978,2.472528,2.987,-0.06899999999999995,0.7471791999999999,4.91,0.10000000000000053,-0.3525264,4.31,0.08999999999999986,2.188505,0.7117341461949745,0.06878146639809406,1.6196821333333336,-2.1616559947299065,19.115652173913045
2007-11-01,1.63,-0.5100000000000002,4.08909090909091,-0.1935177865612605,2.7659569999999998,4.7263,-0.23130000000000006,2.3,4.12142857142857,-0.24129870129869957,2.385321,2.906,-0.08099999999999996,1.264393,4.76,-0.15000000000000036,-0.23474179999999997,4.22,-0.08999999999999986,2.719614,0.6723378806009327,0.06918823627830314,1.8667571999999997,-2.5071365800865797,25.58238095238095
2007-12-01,1.73,0.10000000000000009,4.20588235294118,0.1167914438502704,3.297872,4.6937,-0.032600000000000406,2.2,4.01578947368421,-0.1056390977443602,2.472528,3.111,0.20500000000000007,1.7700630000000002,4.66,-0.09999999999999964,1.527615,4.31,0.08999999999999986,3.253849,0.5797271895037672,0.1272537236042459,2.4203211666666666,-2.4360619711042317,21.651
2008-01-01,1.33,-0.3999999999999999,4.02772727272727,-0.17815508021391047,3.1678990000000002,4.4925,-0.20120000000000005,2.3,3.84818181818182,-0.16760765550238999,2.3766,2.939,-0.17200000000000015,2.004065,4.52,-0.14000000000000057,2.83353,4.08,-0.22999999999999954,3.4528510000000003,0.5774886952848669,0.030844855300609694,2.6891575,-2.6545681818181808,25.816190476190474
2008-02-01,1.1,-0.22999999999999998,3.95285714285714,-0.07487012987012953,2.851109,4.6234,0.13090000000000046,2.4,3.828,-0.020181818181820077,2.193784,3.059,0.1200000000000001,2.4262770000000002,4.39,-0.1299999999999999,3.584229,4.02,-0.0600000000000005,3.1963790000000003,0.5395808960678283,0.10756696476081348,2.7752963333333334,-2.8788761904761904,25.456
2008-03-01,1.11,0.010000000000000009,3.79947368421053,-0.1533834586466103,2.839117,4.445,-0.1783999999999999,2.6,3.509,-0.31899999999999995,1.8148819999999999,3.033,-0.026000000000000245,2.364599,4.28,-0.10999999999999943,3.8095239999999997,3.92,-0.09999999999999964,3.103508,0.5153639240752376,0.09881892021759363,2.755271666666667,-2.7210789473684214,27.103500000000004
2008-04-01,1.5,0.3899999999999999,4.04,0.24052631578947015,3.147954,4.6432,0.19819999999999993,2.6,3.62863636363636,0.11963636363635999,1.350135,3.242,0.20900000000000007,2.6308540000000002,4.5,0.21999999999999975,3.195266,4.06,0.13999999999999968,3.4092879999999997,0.5252087973620081,0.047551178599531646,2.7222495,-2.5189727272727263,21.562727272727273
2008-05-01,1.58,0.08000000000000007,4.20190476190476,0.16190476190475955,2.400835,4.8683,0.2250999999999994,3.0,3.62142857142857,-0.007207792207789776,1.702509,3.284,0.041999999999999815,2.2839400000000003,4.63,0.1299999999999999,3.195266,4.18,0.1200000000000001,3.34035,0.5961732623440422,0.08340334059689562,2.653816666666667,-2.5509388888888873,18.303333333333335
2008-06-01,1.48,-0.10000000000000009,4.52047619047619,0.3185714285714303,3.02714,5.2103,0.3420000000000005,3.3,3.76,0.13857142857142968,2.230152,3.29,0.006000000000000227,2.855486,4.94,0.3100000000000005,3.073286,4.43,0.25,3.858643,0.7204093999848599,0.13091011612324469,3.0574511666666666,-2.8784626984126986,22.11047619047619
2008-07-01,1.65,0.16999999999999993,4.4904347826087,-0.030041407867489767,3.2359080000000002,5.0494,-0.16089999999999982,3.7,3.75045454545455,-0.00954545454544986,3.127793,3.166,-0.12400000000000011,2.911753,4.94,0.0,3.431953,4.37,-0.05999999999999961,4.18348,0.7211286392137978,0.06514607278178629,3.4318144999999998,-2.6443815546772087,24.321818181818184
2008-08-01,1.68,0.030000000000000027,4.20238095238095,-0.2880538302277502,3.322949,4.7267,-0.3227000000000002,4.2,3.5915,-0.15895454545455,3.392857,2.942,-0.22399999999999975,3.074805,4.69,-0.25,4.2704629999999995,4.11,-0.2599999999999998,4.134858,0.6829342179831193,0.05620741371033403,3.7326553333333337,-2.363763492063492,20.695714285714285
2008-09-01,2.25,0.5700000000000001,4.09409090909091,-0.10829004329004022,3.118503,4.5701,-0.15660000000000007,4.4,3.54095238095238,-0.05054761904761973,3.4914949999999996,2.669,-0.27300000000000013,2.9213709999999997,4.49,-0.20000000000000018,4.513064,3.9,-0.2100000000000004,4.343319,0.7037052379316391,0.07910507063995367,3.7979586666666667,-1.6273572150072142,30.23857142857143
2008-10-01,3.14,0.8900000000000001,3.88347826086957,-0.21061264822133952,2.80083,4.5789,0.008799999999999919,4.8,3.66818181818182,0.12722943722944002,3.395889,2.764,0.09499999999999975,2.927193,4.17,-0.3200000000000003,5.306604,3.57,-0.33000000000000007,4.372221,0.6147461484529061,0.20730892601528153,3.9337895,-0.632426679841898,61.17739130434782
2008-11-01,2.6,-0.54,3.5565,-0.32697826086956994,2.380952,4.2571,-0.32179999999999964,4.2,3.57157894736842,-0.09660287081340035,2.598566,2.226,-0.5379999999999998,2.598034,4.18,0.009999999999999787,5.411765,3.34,-0.22999999999999998,3.9850260000000004,0.733447233230529,0.19264146311076646,3.5290571666666666,-0.9218631578947365,62.66894736842105
2008-12-01,2.14,-0.45999999999999996,3.04789473684211,-0.5086052631578903,1.338826,3.6238,-0.6333000000000002,3.8,2.94571428571429,-0.6258646616541297,1.966041,2.148,-0.07799999999999985,1.45226,3.77,-0.4099999999999997,3.125,2.67,-0.6699999999999999,2.471682,0.6025013095700438,0.22264343822814828,2.3589681666666666,-0.8942348370927329,52.405
2009-01-01,1.73,-0.41000000000000014,3.07095238095238,0.023057644110270115,1.125896,3.6699,0.04610000000000003,3.0,2.81238095238095,-0.13333333333333997,1.160714,2.221,0.07299999999999995,0.7009566999999999,3.69,-0.08000000000000007,2.1814009999999997,2.8,0.1299999999999999,0.9010529,0.5657394479766961,0.09847530262960887,1.5116701,-1.3140388888888883,44.683
2009-02-01,2.06,0.33000000000000007,3.1275,0.05654761904761996,0.9240246,3.6899,0.020000000000000018,2.9,2.96052631578947,0.1481453634085197,1.073345,2.174,-0.04700000000000015,0.1391768,3.75,0.06000000000000005,2.3068049999999998,2.93,0.13000000000000034,1.27839,0.5791195536295783,0.07172260503004897,1.4369569000000002,-1.0453210526315786,45.57052631578947
2009-03-01,1.43,-0.6300000000000001,3.01954545454545,-0.10795454545454986,1.124744,3.2497,-0.44020000000000037,3.1,2.88590909090909,-0.07461722488038003,1.426025,2.175,0.0009999999999998899,0.23746309999999998,3.81,0.06000000000000005,2.522936,2.94,0.009999999999999787,0.8837273000000001,0.5319780180554596,0.18108392513420812,1.5491492333333337,-1.58335909090909,44.79545454545455
2009-04-01,1.69,0.26,3.133,0.11345454545454992,0.4069176,3.4072,0.1575000000000002,2.8,2.95428571428571,0.06837662337662032,1.243339,2.196,0.02100000000000035,-0.42420280000000005,3.9,0.08999999999999986,2.522936,3.18,0.2400000000000002,0.21464989999999998,0.5613314997869453,0.07624743851267195,1.1272732833333332,-1.4384142857142854,38.063809523809525
2009-05-01,1.67,-0.020000000000000018,3.371,0.238,0.7135576,3.6206,0.21340000000000003,2.3,3.202,0.24771428571428977,0.35242290000000004,2.536,0.33999999999999986,-0.3337622,4.12,0.2200000000000002,2.866972,3.57,0.3899999999999997,-0.07012389,0.5258215159792025,0.07264012590267445,0.9715110683333336,-1.7332666666666667,31.977999999999998
2009-06-01,1.78,0.1100000000000001,3.47363636363636,0.10263636363636008,0.0,3.7221,0.10150000000000015,2.1,3.45909090909091,0.2570909090909099,0.08726004,2.478,-0.05799999999999983,-0.9611959000000001,4.23,0.11000000000000032,3.09633,3.62,0.050000000000000266,-0.7184434000000001,0.5733117571817842,0.10200527622339198,0.6006584566666667,-1.7171378787878788,29.140454545454546
2009-07-01,1.71,-0.07000000000000006,3.33782608695652,-0.13581027667984014,0.1011122,3.8238,0.10169999999999968,1.7,3.42909090909091,-0.029999999999999805,-0.25996529999999995,2.192,-0.28600000000000003,-0.9510706,4.05,-0.1800000000000006,3.432494,3.37,-0.25,-0.9500794,0.6419494610190818,0.1448824677373159,0.5120818166666666,-1.6571194993412388,26.162727272727274
2009-08-01,1.76,0.050000000000000044,3.3052380952381,-0.03258799171841975,-0.5025126,3.7142,-0.10959999999999992,1.6,3.4645,0.03540909090909006,-0.9499136,2.124,-0.06800000000000006,-1.177726,4.17,0.1200000000000001,2.275313,3.45,0.08000000000000007,-1.20414,0.6827156790469057,0.0890459697188485,0.00683680000000005,-1.6113230158730165,25.337142857142858
2009-09-01,1.56,-0.19999999999999996,3.26318181818182,-0.042056277056280233,0.0,3.6566,-0.057599999999999874,1.4,3.36571428571429,-0.09878571428571004,-0.7785466999999999,2.155,0.030999999999999694,-0.8099313,4.17,0.0,1.931818,3.38,-0.07000000000000028,-1.168952,0.6634929356457993,0.04755976852627483,0.09573133333333332,-1.7717493506493516,24.92666666666667
2009-10-01,1.41,-0.15000000000000013,3.20909090909091,-0.05409090909091008,-0.2018164,3.5699,-0.0867,1.0,3.4252380952381,0.059523809523809756,-0.8643042,2.207,0.052000000000000046,-0.9225546,4.07,-0.09999999999999964,1.231803,3.25,-0.1299999999999999,-1.8716400000000002,0.6141751886339688,0.08048175220945228,-0.27141870000000007,-1.8785381673881683,24.252272727272725
2009-11-01,1.13,-0.28,3.21714285714286,0.008051948051950308,0.0,3.7592,0.1892999999999998,1.2,3.3925,-0.032738095238099785,0.08733624,2.002,-0.20500000000000007,-0.8336844999999999,4.04,-0.03000000000000025,0.6696429,3.27,0.020000000000000018,-1.7803380000000002,0.701031210718439,0.12639064794717958,-0.10950722666666668,-2.1501404761904768,23.788999999999998
2009-12-01,1.48,0.3500000000000001,3.1385,-0.07864285714286012,0.4065041,3.8871,0.12790000000000035,1.5,3.41619047619048,0.023690476190480148,0.9640665999999999,1.972,-0.029999999999999805,0.0239202,3.98,-0.06000000000000005,1.571268,3.24,-0.029999999999999805,-0.9932027,0.7223916692658086,0.07501381190533217,0.5787593666666667,-1.792298412698413,21.239545454545453
2010-01-01,1.3,-0.17999999999999994,3.2575,0.11899999999999977,0.8097166,4.0025,0.11540000000000017,2.1,3.485,0.06880952380951966,1.323919,2.01,0.03799999999999981,0.2826455,4.08,0.10000000000000009,2.022472,3.37,0.1299999999999999,0.5752701,0.7456004291844259,0.03514785119589294,1.1856705333333335,-2.0675,20.643157894736845
2010-02-01,1.48,0.17999999999999994,3.17,-0.08749999999999991,0.7121058000000001,4.0624,0.05989999999999984,2.6,3.42368421052632,-0.06131578947367977,1.858407,1.931,-0.07899999999999974,1.023668,3.87,-0.20999999999999996,2.480271,3.28,-0.0900000000000003,0.3122063,0.7499670407654818,0.08596978736624211,1.4977763499999999,-1.8095140350877204,22.54
2010-03-01,1.6,0.1200000000000001,3.10217391304348,-0.06782608695651993,0.5055612,4.0915,0.02909999999999968,2.1,3.4904347826087,0.06675057208238,1.5817219999999999,1.941,0.010000000000000009,0.9327709999999999,3.85,-0.020000000000000018,2.9082779999999997,3.2,-0.07999999999999963,0.8927673,0.7561288484719344,0.05685537125814214,1.4868499166666667,-1.6791847826086967,17.767391304347825
2010-04-01,1.29,-0.31000000000000005,3.0645,-0.03767391304348022,1.215806,4.1007,0.009199999999999875,2.4,3.67,0.17956521739129983,1.4035090000000001,1.865,-0.07600000000000007,1.399761,3.84,-0.010000000000000231,3.467561,3.14,-0.06000000000000005,0.8467201999999999,0.8009386659830243,0.09297237309093365,1.7888928666666668,-1.9900333333333333,17.424285714285716
2010-05-01,1.32,0.030000000000000027,2.73428571428571,-0.3302142857142898,1.214575,3.7772,-0.3234999999999997,2.7,3.4455,-0.22449999999999992,1.843723,1.573,-0.29200000000000004,1.372681,3.46,-0.3799999999999999,3.344482,2.73,-0.41000000000000014,0.7050725,0.7976058138703155,0.065500076595479,1.86342225,-1.633330952380952,31.9295
2010-06-01,1.15,-0.17000000000000015,2.54318181818182,-0.19110389610388978,1.215806,3.6007,-0.17650000000000032,2.5,3.29772727272727,-0.14777272727272983,1.394943,1.509,-0.06400000000000006,1.1068129999999998,3.36,-0.10000000000000009,2.558398,2.61,-0.1200000000000001,1.152467,0.7705537075455029,0.04796922005801757,1.6547378333333331,-1.670101515151515,29.916363636363634
2010-07-01,1.14,-0.010000000000000009,2.61590909090909,0.07272727272726964,0.9090908999999999,3.5087,-0.09199999999999964,2.4,3.1852380952381,-0.11248917748917009,0.9556906999999999,1.5,-0.008999999999999897,0.48626729999999996,3.33,-0.029999999999999805,1.8805310000000002,2.7,0.0900000000000003,0.9257711999999999,0.730094365105218,0.08294695940628762,1.2595585166666665,-1.6666411976911981,25.565238095238094
2010-08-01,0.95,-0.18999999999999995,2.35,-0.26590909090908976,1.111111,3.233,-0.27570000000000006,2.3,2.94952380952381,-0.2357142857142902,1.8308630000000001,1.192,-0.30800000000000005,0.4185069,3.12,-0.20999999999999996,1.8909900000000002,2.45,-0.25,1.0811540000000002,0.7543430620435323,0.03388009069679666,1.4387708166666666,-1.5990873015873015,24.74590909090909
2010-09-01,0.75,-0.19999999999999996,2.30045454545455,-0.049545454545449896,1.008065,3.1271,-0.1059000000000001,2.4,2.88142857142857,-0.06809523809523998,1.743679,1.372,0.18000000000000016,0.2934442,3.3,0.17999999999999972,1.8952060000000002,2.53,0.07999999999999963,0.877869,0.6997609967089037,0.12782598971019202,1.3697105333333333,-1.8351638528138534,22.517619047619046
2010-10-01,0.5,-0.25,2.34571428571429,0.04525974025973989,1.213347,3.0685,-0.05860000000000021,2.4,2.766,-0.11542857142856988,1.918047,1.458,0.08599999999999985,0.2830641,3.24,-0.05999999999999961,1.769912,2.64,0.11000000000000032,1.416308,0.6365467237073683,0.09153517818118757,1.5001130166666667,-2.086369047619048,20.37333333333333
2010-11-01,0.74,0.24,2.53272727272727,0.18701298701297997,1.314459,3.311,0.24250000000000016,2.5,3.02238095238095,0.25638095238095016,2.4432810000000003,1.558,0.10000000000000009,0.193953,3.28,0.03999999999999959,2.10643,2.86,0.21999999999999975,1.4860719999999998,0.6556369183954478,0.08625034644775383,1.6740325,-2.0206847041847036,20.095714285714287
2010-12-01,1.0,0.26,2.9147619047619,0.38203463203462995,1.518219,3.6098,0.29879999999999995,2.6,3.2047619047619,0.18238095238094987,1.9965279999999999,1.674,0.11599999999999988,0.24101460000000002,3.61,0.33000000000000007,1.98895,3.21,0.3500000000000001,1.846359,0.7193347977872571,0.10442029107151074,1.6985117666666667,-2.037220634920633,17.56954545454545
2011-01-01,1.08,0.08000000000000007,3.01666666666667,0.10190476190477016,1.305221,3.7273,0.11750000000000016,3.1,3.253,0.048238095238100076,2.351916,1.818,0.14400000000000013,0.5196002000000001,3.75,0.14000000000000012,2.753304,3.28,0.06999999999999984,2.337801,0.7088414900123742,0.03833302499136425,2.061307033333333,-2.0608277777777784,17.3155
2011-02-01,1.03,-0.050000000000000044,3.199,0.18233333333332968,1.7171720000000001,3.8799,0.15260000000000007,3.4,3.41736842105263,0.16436842105262972,2.345786,1.897,0.07899999999999996,0.2785081,3.81,0.06000000000000005,1.980198,3.41,0.13000000000000034,2.45641,0.7204245844173223,0.04880352033413266,2.0296790166666665,-2.2388780701754385,17.43
2011-03-01,0.99,-0.040000000000000036,3.21173913043478,0.012739130434780144,1.9114689999999999,3.7386,-0.1413000000000002,3.7,3.26652173913043,-0.15084668192219963,2.16263,1.931,0.03400000000000003,0.5101517,3.77,-0.040000000000000036,1.195652,3.35,-0.06000000000000005,2.464988,0.6710657781008671,0.076621538469392,1.9908151166666668,-2.2213101449275356,20.723478260869566
2011-04-01,0.75,-0.24,3.34052631578947,0.1287871853546898,2.002002,3.7619,0.023299999999999876,3.5,3.328,0.061478260869569645,3.287197,2.083,0.15200000000000014,1.004233,3.79,0.020000000000000018,0.972973,3.3,-0.050000000000000266,2.913749,0.6213737667540824,0.07502698743943069,2.2800256666666665,-2.517237719298245,16.244
2011-05-01,0.8,0.050000000000000044,3.06090909090909,-0.27961722488037966,1.9,3.5053,-0.2565999999999997,3.8,3.15190476190476,-0.17609523809523964,3.275862,1.849,-0.2340000000000002,0.2588665,3.48,-0.31000000000000005,1.294498,3.01,-0.29000000000000004,3.3414080000000004,0.6061139164679921,0.047919056342968495,2.311772416666667,-2.209518975468975,16.91142857142857
2011-06-01,0.75,-0.050000000000000044,2.89090909090909,-0.16999999999999993,2.002002,3.4144,-0.09089999999999998,3.8,2.98772727272727,-0.1641774891774901,3.697335,1.739,-0.10999999999999988,0.3690044,3.36,-0.1200000000000001,1.626898,2.89,-0.11999999999999966,3.3418339999999995,0.604927738233955,0.031282174629260785,2.472845566666667,-2.1303393939393938,19.153181818181817
2011-07-01,0.38,-0.37,2.74380952380952,-0.14709956709957028,2.102102,3.3137,-0.10070000000000023,3.6,2.9385,-0.04922727272727023,3.098107,1.436,-0.30300000000000016,0.5643210999999999,3.24,-0.11999999999999966,1.4115090000000001,2.75,-0.14000000000000012,3.0796740000000002,0.6810301769524454,0.08571666833308723,2.309285516666667,-2.357001587301587,19.2275
2011-08-01,0.18,-0.2,2.21347826086957,-0.5303312629399501,2.097902,2.7833,-0.5303999999999998,3.8,2.44636363636364,-0.49213636363636004,2.7397259999999997,1.133,-0.30299999999999994,0.4720475,2.6,-0.6400000000000001,1.6375549999999999,2.17,-0.5800000000000001,3.3482809999999996,0.5825710289999948,0.11467839043284334,2.3492519166666668,-2.0443569828722015,35.02913043478261
2011-09-01,0.17,-0.009999999999999981,1.82909090909091,-0.3843873517786598,2.0958080000000003,2.504,-0.2793000000000001,3.9,2.19666666666667,-0.24969696969696997,3.084833,1.003,-0.13000000000000012,0.1922875,2.36,-0.2400000000000002,1.31291,1.83,-0.33999999999999986,3.3746300000000002,0.5406666505034653,0.08829638763593765,2.32674475,-1.78379292929293,36.53
2011-10-01,0.08,-0.09000000000000001,2.00238095238095,0.17329004329004016,2.397602,2.529,0.02499999999999991,4.5,2.296,0.09933333333332994,3.165098,1.082,0.07900000000000018,0.4857769,2.59,0.22999999999999998,1.521739,1.9,0.06999999999999984,3.227825,0.5552841575410055,0.07517892157917574,2.549673483333333,-1.9865634920634916,32.829047619047614
2011-11-01,0.03,-0.05,1.87409090909091,-0.12829004329004023,2.295409,2.2917,-0.23729999999999984,4.3,2.12238095238095,-0.17361904761905,2.896082,0.945,-0.13700000000000012,-0.1124856,2.49,-0.09999999999999964,1.302932,1.69,-0.20999999999999996,2.902357,0.5491356012227134,0.05230832388486048,2.264049066666667,-1.8721953102453102,31.94190476190476
2011-12-01,-0.07,-0.1,1.92761904761905,0.05352813852814009,2.3928220000000002,2.1828,-0.10890000000000022,4.1,1.992,-0.13038095238094982,2.893617,0.74,-0.20499999999999996,-0.525737,2.38,-0.11000000000000032,1.083424,1.68,-0.010000000000000009,2.804411,0.5783317706004621,0.09216354110849995,2.124756166666667,-1.8870698412698417,25.047619047619047
2012-01-01,-0.28,-0.21000000000000002,1.82090909090909,-0.10670995670996009,1.982161,2.1104,-0.07240000000000002,3.7,1.98,-0.01200000000000001,2.297872,0.735,-0.0050000000000000044,-0.7146706,2.22,-0.1599999999999997,0.10718110000000002,1.7,0.020000000000000018,2.287645,0.5367883089730416,0.0692379342477031,1.6100314166666667,-2.0410515151515147,20.228
2012-02-01,-0.28,0.0,1.85190476190476,0.03099567099567002,2.085402,2.2191,0.10870000000000024,3.2,2.021,0.040999999999999925,2.4618,0.72,-0.015000000000000013,-0.7894753000000001,2.4,0.17999999999999972,0.5393744,1.89,0.18999999999999995,1.861832,0.5910124818094563,0.08408818343448135,1.5598221833333332,-2.1303341269841267,18.4205
2012-03-01,-0.09,0.19000000000000003,1.83045454545455,-0.021450216450209947,2.171767,2.323,0.10389999999999988,3.1,2.10681818181818,0.08581818181818024,2.624894,0.854,0.134,-0.8835491,2.48,0.08000000000000007,1.181525,1.95,0.06000000000000005,1.91546,0.5755147656268649,0.052869505863433974,1.68501615,-2.014045454545455,16.167272727272728
2012-04-01,-0.3,-0.21,1.62421052631579,-0.20624401913876,2.158979,2.2117,-0.11129999999999995,3.1,2.0645,-0.04231818181818037,1.926298,0.735,-0.119,-0.9542716,2.34,-0.14000000000000012,0.7494647,1.82,-0.1299999999999999,1.512367,0.582508466636046,0.05274532763994732,1.4154728499999998,-2.0992350877192987,17.823
2012-05-01,-0.5,-0.2,1.33681818181818,-0.2873923444976101,1.962709,1.9416,-0.2701,2.8,1.92227272727273,-0.14222727272726976,2.003339,0.61,-0.125,-0.9895484,2.05,-0.29000000000000004,0.3194888,1.51,-0.31000000000000005,1.300411,0.5425405355614207,0.08160592564150657,1.2327332333333334,-2.061781818181818,21.001818181818184
2012-06-01,-0.46,0.03999999999999998,1.30047619047619,-0.03634199134199001,1.962709,1.7698,-0.17179999999999995,2.5,1.74761904761905,-0.17465367965367995,1.243781,0.678,0.06800000000000006,-1.0136370000000001,1.94,-0.10999999999999988,0.5336179,1.45,-0.06000000000000005,1.02878,0.45684373707627907,0.0921875780300664,1.042541816666667,-1.9409825396825398,21.13095238095238
2012-07-01,-0.69,-0.22999999999999993,1.24227272727273,-0.058203463203459815,1.666667,1.6523,-0.11749999999999994,2.3,1.65619047619048,-0.09142857142857008,1.502504,0.561,-0.11699999999999999,-1.053775,1.73,-0.20999999999999996,0.3211991,1.33,-0.11999999999999988,1.018376,0.43890904223323035,0.050486928316938656,0.95916185,-2.051960533910535,17.565238095238094
2012-08-01,-0.68,0.009999999999999898,1.34173913043478,0.09946640316205002,1.8591,1.6735,0.021199999999999886,2.4,1.82681818181818,0.1706277056276999,1.25,0.569,0.007999999999999896,-0.7141451,1.92,0.18999999999999995,0.2148228,1.44,0.10999999999999988,0.674959,0.4898946997924501,0.07464839513445919,0.9474561166666668,-2.1418428853754934,15.689565217391305
2012-09-01,-0.77,-0.08999999999999997,1.4905,0.14876086956521983,2.150538,1.7222,0.048699999999999966,2.3,1.83789473684211,0.011076555023930013,1.246883,0.599,0.030000000000000027,-0.45304220000000006,2.07,0.1499999999999999,0.3239741,1.51,0.07000000000000006,0.7454294,0.5082620031679198,0.059802031337054265,1.05229705,-2.308265789473685,15.284736842105264
2012-10-01,-0.78,-0.010000000000000009,1.46695652173913,-0.023543478260869888,2.04878,1.7721,0.049900000000000055,2.1,1.81181818181818,-0.026076555023929915,1.160862,0.597,-0.0020000000000000018,-0.4114558,1.98,-0.08999999999999986,0.5353319000000001,1.54,0.030000000000000027,0.4466992,0.4929650847579835,0.04918007388992,0.9800362166666668,-2.307979117259552,16.276190476190475
2012-11-01,-0.79,-0.010000000000000009,1.33590909090909,-0.13104743083004,2.04878,1.7741,0.0020000000000000018,2.4,1.73809523809524,-0.07372294372294008,1.1589399999999999,0.53,-0.06699999999999995,-0.2221703,2.01,0.029999999999999805,1.071811,1.46,-0.08000000000000007,0.37330100000000005,0.5210567332588725,0.05892252452959623,1.1384436166666665,-2.2646840548340545,16.701904761904764
2012-12-01,-0.67,0.12,1.29941176470588,-0.03649732620321,1.9474200000000002,1.8467,0.0726,2.4,1.76789473684211,0.029799498746870157,0.8271298,0.557,0.027000000000000024,-0.37533990000000006,2.08,0.07000000000000028,1.178993,1.51,0.050000000000000044,-0.10822509999999999,0.5398764342503307,0.040162841283736844,0.9783296333333332,-2.180167750257999,17.307
2013-01-01,-0.57,0.10000000000000009,1.51227272727273,0.21286096256685005,2.040816,2.0795,0.2327999999999999,2.4,1.93136363636364,0.16346889952152988,0.8319466999999999,0.789,0.23199999999999998,-0.43443919999999997,2.31,0.22999999999999998,1.3918629999999999,1.8,0.29000000000000004,-0.05400597,0.5360201147622653,0.040675857501825195,1.0293634216666665,-2.3070227272727286,13.505238095238095
2013-02-01,-0.64,-0.07000000000000006,1.5435,0.031227272727269995,1.6536970000000002,2.1781,0.09860000000000024,2.4,1.96789473684211,0.03653110047847008,0.49710020000000005,0.721,-0.06800000000000006,-0.2697197,2.49,0.18000000000000016,1.39485,2.0,0.19999999999999996,0.04810005,0.6189666071720596,0.10091366111167613,0.9540045916666667,-2.4567491228070186,14.072631578947368
2013-03-01,-0.64,0.0,1.3545,-0.18900000000000006,1.545894,1.9768,-0.20130000000000026,2.5,1.8515,-0.1163947368421101,1.237624,0.747,0.026000000000000023,-0.25609299999999996,2.24,-0.25,0.955414,1.92,-0.08000000000000007,-0.1688328,0.541317971867429,0.09982861851589561,0.9690010333333335,-2.321633333333333,13.0315
2013-04-01,-0.64,0.0,1.19619047619048,-0.15830952380952001,1.440922,1.7824,-0.1943999999999999,2.5,1.74863636363636,-0.10286363636363993,0.9860312,0.612,-0.135,-0.5936138000000001,2.07,-0.17000000000000037,1.381509,1.66,-0.26,-0.047649300000000006,0.523854044975814,0.05397085102863656,0.9445331833333334,-2.1515378066378066,13.967272727272727
2013-05-01,-0.05,0.59,1.29409090909091,0.09790043290043005,1.154957,1.9462,0.16379999999999995,2.2,1.90181818181818,0.15318181818182008,0.40916529999999995,0.76,0.14800000000000002,-0.6343876,2.1,0.03000000000000025,1.804671,1.79,0.13000000000000012,-0.46277219999999997,0.5079523684313727,0.04998095509682902,0.7452722500000001,-1.6820181818181816,13.493636363636364
2013-06-01,0.53,0.5800000000000001,1.5305,0.2364090909090899,1.539942,2.3063,0.36009999999999986,2.4,2.2445,0.34268181818181986,0.7371006999999999,1.06,0.30000000000000004,-0.5073840000000001,2.4,0.2999999999999998,1.910828,2.05,0.2599999999999998,-0.21888779999999997,0.5276913697102376,0.04706897538215831,0.9769331499999999,-1.4018833333333334,17.2715
2013-07-01,0.38,-0.15000000000000002,1.56565217391304,0.03515217391304004,1.8322080000000003,2.471,0.1647000000000003,2.6,2.43818181818182,0.19368181818181984,1.151316,1.097,0.03699999999999992,-0.1278708,2.61,0.20999999999999996,2.134472,2.16,0.11000000000000032,-0.1462872,0.5993556974150952,0.0768893574907741,1.2406396666666668,-1.67697233201581,13.974545454545455
2013-08-01,0.68,0.30000000000000004,1.735,0.16934782608696008,1.92123,2.7088,0.2378,2.5,2.61142857142857,0.1732467532467501,1.316872,1.142,0.04499999999999993,-0.002776002,2.84,0.22999999999999998,3.001072,2.34,0.17999999999999972,0.10216130000000001,0.6614688072715122,0.06912786397970237,1.4730932163333332,-1.5495380952380948,14.21
2013-09-01,0.45,-0.23000000000000004,1.88809523809524,0.15309523809523995,1.531101,2.8443,0.13549999999999995,2.4,2.698,0.08657142857143008,1.067323,1.11,-0.031999999999999806,-0.04462776,3.12,0.28000000000000025,3.336921,2.6,0.26000000000000023,0.09248924,0.7439764414284933,0.11516925572433263,1.39720108,-1.92673253968254,14.692000000000002
2013-10-01,0.4,-0.04999999999999999,1.76217391304348,-0.12592132505176012,1.434034,2.6784,-0.16590000000000016,2.4,2.51818181818182,-0.1798181818181801,1.065574,1.07,-0.040000000000000036,-0.05536425,2.95,-0.16999999999999993,2.662407,2.44,-0.16000000000000014,0.07623646,0.6943806209158147,0.05244818146413547,1.2638145349999999,-1.83645928853755,15.407826086956522
2013-11-01,0.6,0.19999999999999996,1.67714285714286,-0.08503105590061999,1.2428299999999999,2.7598,0.08139999999999992,2.0,2.5585,0.04031818181818014,0.6546645000000001,1.031,-0.039000000000000146,-0.2552502,2.86,-0.0900000000000003,2.4390240000000003,2.3,-0.14000000000000012,-0.06039607,0.7109723270493244,0.08450789037159899,1.0034787049999998,-1.5977404761904768,12.924000000000001
2013-12-01,0.8,0.20000000000000007,1.79777777777778,0.12063492063491998,1.3371540000000002,2.9458,0.1860000000000004,1.9,2.6735,0.11500000000000021,0.902379,1.253,0.22199999999999998,0.0797494,2.94,0.08000000000000007,2.436441,2.39,0.0900000000000003,0.1210885,0.6805915364789284,0.05625682784722463,1.12946865,-1.533346296296297,14.192380952380953
2014-01-01,0.53,-0.27,1.75590909090909,-0.04186868686868994,1.4285709999999998,2.91,-0.035800000000000054,1.9,2.53409090909091,-0.13940909090909015,1.237624,0.983,-0.2699999999999999,0.06711316,2.95,0.010000000000000231,2.006336,2.37,-0.020000000000000018,0.13667720000000003,0.7576438439101029,0.10458342957478942,1.1293868933333333,-1.7205000000000001,14.24095238095238
2014-02-01,0.49,-0.040000000000000036,1.5585,-0.19740909090908998,1.339713,2.8147,-0.09529999999999994,1.8,2.42,-0.11409090909091013,1.483924,0.951,-0.03200000000000003,0.05444818,2.85,-0.10000000000000009,2.222222,2.23,-0.14000000000000012,-0.1955128,0.7480162743327625,0.05458620346585204,1.11746573,-1.6473666666666669,15.47
2014-03-01,0.6,0.10999999999999999,1.50857142857143,-0.04992857142856999,1.236917,2.7837,-0.03100000000000014,1.6,2.45428571428571,0.034285714285710256,1.140994,0.955,0.0040000000000000036,-0.1411284,2.94,0.08999999999999986,2.10305,2.16,-0.06999999999999984,-0.22017289999999998,0.7689220938616411,0.05926199898593894,0.9532766166666669,-1.5335928571428568,14.836666666666666
2014-04-01,0.49,-0.10999999999999999,1.4565,-0.0520714285714301,1.041667,2.7417,-0.04200000000000026,1.5,2.4447619047619,-0.009523809523810378,1.545972,0.86,-0.09499999999999997,0.0027728759999999996,2.88,-0.06000000000000005,1.991614,2.06,-0.10000000000000009,-0.6260925,0.7859035246664464,0.03393929627207473,0.9093222293333332,-1.5838269841269834,14.19809523809524
2014-05-01,0.26,-0.22999999999999998,1.32714285714286,-0.12935714285713984,1.332065,2.6989,-0.04279999999999973,1.7,2.3152380952381,-0.12952380952379983,2.03749,0.77,-0.08999999999999997,0.03801521,2.73,-0.1499999999999999,1.876955,1.88,-0.18000000000000016,-0.04458173,0.7858531181841734,0.04803671124631682,1.1566572466666667,-1.6935468253968269,12.475238095238096
2014-06-01,0.27,0.010000000000000009,1.26428571428571,-0.06285714285715005,0.8530806000000001,2.7842,0.08529999999999971,1.5,2.29857142857143,-0.01666666666667016,2.276423,0.714,-0.05600000000000005,0.22081950000000003,2.61,-0.1200000000000001,1.875,1.8,-0.07999999999999985,-0.155783,0.8080415777845671,0.07071854407038249,1.09492335,-1.6418428571428565,11.541428571428572
2014-07-01,0.29,0.019999999999999962,1.11434782608696,-0.1499378881987501,1.041667,2.7343,-0.04989999999999961,1.8,2.19454545454545,-0.1040259740259799,2.357723,0.616,-0.09799999999999998,0.04959362,2.43,-0.17999999999999972,1.8808779999999998,1.6,-0.19999999999999996,0.22612190000000001,0.8167510213585679,0.0564120561831591,1.2259972533333332,-1.4915322134387348,12.296363636363635
2014-08-01,0.23,-0.05999999999999997,0.956190476190476,-0.1581573498964839,0.8482563,2.5347,-0.19960000000000022,1.6,2.062,-0.13254545454545008,2.112104,0.529,-0.08699999999999997,0.0319249,2.36,-0.07000000000000028,2.289282,1.58,-0.020000000000000018,0.03827141,0.799621726897305,0.06492410858470654,1.153306435,-1.4403150793650792,13.491904761904761
2014-09-01,0.55,0.32000000000000006,0.921363636363636,-0.034826839826839984,0.8482563,2.4919,-0.04280000000000017,1.5,2.18095238095238,0.11895238095238003,2.112104,0.589,0.05999999999999994,0.07173394,2.4,0.040000000000000036,1.979167,1.51,-0.07000000000000006,-0.1561305,0.802896745502722,0.07272761360550202,1.0591884566666667,-1.1322026695526692,13.466666666666667
2014-10-01,0.43,-0.12000000000000005,0.790909090909091,-0.13045454545454505,0.8482563,2.2469,-0.24499999999999966,1.3,2.01045454545455,-0.1704978354978297,2.027575,0.558,-0.030999999999999917,-0.08764268,2.21,-0.18999999999999995,2.178423,1.3,-0.20999999999999996,-0.3808919,0.7416797824048463,0.07510158617647333,0.9809532866666668,-1.0893772727272735,18.058695652173913
2014-11-01,0.39,-0.03999999999999998,0.719,-0.07190909090909103,0.7554295999999999,2.1593,-0.08760000000000012,1.3,2.00315789473684,-0.007296650717710129,2.357723,0.413,-0.14500000000000007,-0.01267142,2.05,-0.16000000000000014,2.070393,1.14,-0.16000000000000014,-0.1208651,0.7572551855201979,0.060980602284610975,1.0583348466666667,-1.0240763157894732,13.413157894736841
2014-12-01,0.49,0.09999999999999998,0.588947368421053,-0.13005263157894698,0.5655043000000001,1.9287,-0.23059999999999992,1.1,1.85190476190476,-0.15125313283208008,1.9512200000000002,0.375,-0.03799999999999998,-0.05860127,1.77,-0.2799999999999998,1.9648400000000001,1.01,-0.1299999999999999,-0.20369189999999998,0.6860667819200238,0.08501965782163766,0.8865451883333334,-0.7640920217209688,16.292272727272728
2015-01-01,0.03,-0.45999999999999996,0.39,-0.19894736842105298,0.1877934,1.589,-0.3397000000000001,0.7,1.52571428571429,-0.3261904761904699,1.466993,-0.067,-0.442,-0.3283958,1.45,-0.32000000000000006,2.070393,0.78,-0.22999999999999998,-0.3142458,0.6879510463520437,0.08648611676113115,0.6304229666666666,-0.9146190476190484,19.1195
2015-02-01,0.17,0.14,0.302,-0.08800000000000002,-0.2832861,1.7365,0.14749999999999996,0.5,1.37947368421053,-0.14624060150376006,0.9748171999999998,0.015,0.082,-0.4852901,1.39,-0.06000000000000005,2.070393,0.62,-0.16000000000000003,-0.20553000000000002,0.6911799294339086,0.12521382287974672,0.42851733333333325,-0.737162280701755,15.90421052631579
2015-03-01,0.18,0.009999999999999981,0.227272727272727,-0.074727272727273,-0.04656311,1.7941,0.057600000000000096,0.4,1.42136363636364,0.04188995215310998,1.047542,-0.001,-0.016,-0.8396186999999999,1.54,0.15000000000000013,1.853759,0.58,-0.040000000000000036,0.07355293,0.7540872707549182,0.08082317865964621,0.4147786866666667,-0.7469560606060612,14.812727272727273
2015-04-01,0.11,-0.06999999999999999,0.122,-0.10527272727272699,0.17478670000000002,1.755,-0.039100000000000135,0.3,1.41095238095238,-0.010411255411259868,1.2019229999999999,0.04,0.041,-0.8746200000000001,1.44,-0.10000000000000009,1.9527240000000001,0.34,-0.23999999999999994,0.1631061,0.7652406201497245,0.09765302609059581,0.48631996666666666,-0.7413253968253967,13.494761904761905
2015-05-01,0.32,0.21000000000000002,0.55578947368421,0.43378947368420995,0.8662329,2.0243,0.2693000000000003,0.3,1.744,0.3330476190476199,0.798722,-0.031,-0.07100000000000001,-1.122606,1.65,0.20999999999999996,1.9447290000000002,0.75,0.41,-0.23256559999999998,0.8084489237959863,0.18443476547194645,0.42575205,-0.7955149122807017,13.3385
2015-06-01,0.48,0.15999999999999998,0.792727272727273,0.236937799043063,1.1625510000000001,2.1696,0.14529999999999976,0.4,1.78,0.03600000000000003,0.8744038000000001,0.101,0.132,-1.181885,1.77,0.1200000000000001,2.0449900000000003,0.99,0.24,0.06049992,0.7735740541442552,0.0773082170892301,0.5600932866666667,-0.7872212121212123,14.339545454545457
2015-07-01,0.46,-0.019999999999999962,0.71,-0.08272727272727298,0.8781201999999999,2.1353,-0.0343,0.3,1.56954545454545,-0.2104545454545501,1.032565,-0.035,-0.136,-1.037296,1.7,-0.07000000000000006,2.666667,0.81,-0.17999999999999994,-0.4353352,0.7953291510602197,0.06821244736268282,0.5674534999999999,-0.688307575757575,14.352727272727272
2015-08-01,0.58,0.11999999999999994,0.608571428571429,-0.10142857142857098,0.7956734000000001,1.9799,-0.15539999999999998,0.5,1.3915,-0.17804545454544995,1.272872,-0.124,-0.089,-1.275994,1.49,-0.20999999999999996,1.831129,0.66,-0.15000000000000002,-0.07651354,0.759705553953295,0.045722095361176454,0.5078611433333333,-0.4209952380952381,19.42809523809524
2015-09-01,0.65,0.07000000000000006,0.654090909090909,0.04551948051947996,0.7956734000000001,1.8814,-0.09850000000000003,0.4,1.48142857142857,0.08992857142857003,1.272872,-0.1,0.023999999999999994,-1.402519,1.6,0.1100000000000001,2.0429009999999996,0.71,0.04999999999999993,-0.1723313,0.7448235298988304,0.07334995676800415,0.4894326833333333,-0.38781991341991306,24.377142857142857
2015-10-01,0.63,-0.020000000000000018,0.518181818181818,-0.13590909090909098,0.5952844,1.846,-0.035399999999999876,0.2,1.46333333333333,-0.01809523809523994,1.0333860000000001,-0.272,-0.17200000000000001,-1.44361,1.57,-0.030000000000000027,2.13198,0.66,-0.04999999999999993,0.06691094,0.8016681665631268,0.06412942385961647,0.4306585566666667,-0.3342525252525247,16.789545454545454
2015-11-01,0.62,-0.010000000000000009,0.516190476190476,-0.0019913419913419883,0.8781201999999999,1.9779,0.1318999999999999,0.2,1.6335,0.1701666666666699,1.032565,-0.311,-0.03899999999999998,-1.359875,1.63,0.05999999999999983,2.434077,0.8,0.14,0.08598179,0.8645425192748849,0.08443639900338658,0.5451448316666666,-0.42109841269841264,16.21
2015-12-01,0.73,0.10999999999999999,0.5455,0.029309523809524007,0.17478670000000002,1.9234,-0.05449999999999999,0.4,1.45952380952381,-0.17397619047619006,1.3556620000000001,-0.039,0.272,-1.3924969999999999,1.55,-0.07999999999999985,2.738337,0.93,0.13,0.06059446,0.7258891489769074,0.16054055048009042,0.5561471933333334,-0.3315706349206351,18.025454545454547
2016-01-01,0.53,-0.19999999999999996,0.4305,-0.11499999999999999,0.17478670000000002,1.7833,-0.1400999999999999,0.5,1.258,-0.20152380952380988,1.6064260000000001,-0.299,-0.26,-1.308355,1.45,-0.10000000000000009,2.3326569999999998,0.77,-0.16000000000000003,0.0509473,0.7597111951261479,0.059496517965657435,0.5594103333333332,-0.3687999999999999,23.717894736842105
2016-02-01,0.32,-0.21000000000000002,0.172857142857143,-0.257642857142857,0.5076142,1.5032,-0.2801,0.6,1.1245,-0.13349999999999995,2.011263,-0.453,-0.15400000000000003,-1.266628,1.39,-0.06000000000000005,2.941176,0.77,0.0,0.765889,0.7612954550172567,0.1089632499053326,0.9265523666666665,-0.43125952380952387,22.517
2016-03-01,0.16,-0.16,0.171428571428571,-0.001428571428571973,0.10080650000000001,1.5434,0.040200000000000014,0.6,1.26818181818182,0.14368181818182002,1.3556620000000001,-0.387,0.066,-0.8284864,1.33,-0.05999999999999983,3.235591,0.82,0.04999999999999993,0.3866679,0.7558734024540563,0.06817901027613389,0.8083735,-0.6310017316017318,15.84909090909091
2016-04-01,0.12,-0.04000000000000001,0.134285714285714,-0.037142857142857005,0.3009027,1.5688,0.025399999999999867,0.8,1.33619047619048,0.06800865800865985,1.266825,-0.245,0.14200000000000002,-0.8607582,1.3,-0.030000000000000027,3.3266129999999996,0.81,-0.009999999999999898,0.8014305,0.7296631994253355,0.06875936607269037,0.9391688333333333,-0.6973793650793657,14.300476190476191
2016-05-01,0.3,0.18,0.132857142857143,-0.0014285714285710016,-0.0998004,1.5366,-0.032200000000000006,0.7,1.35,0.013809523809520163,1.664025,-0.298,-0.05299999999999999,-0.351995,1.4,0.09999999999999987,3.313253,0.77,-0.040000000000000036,0.7919275,0.7556810284337525,0.05587700021868681,1.0029016833333333,-0.5152428571428571,14.852857142857141
2016-06-01,0.09,-0.21,-0.0168181818181818,-0.1496753246753248,0.19920320000000002,1.3105,-0.22609999999999997,0.7,1.16818181818182,-0.1818181818181801,1.497242,-0.508,-0.21000000000000002,-0.43994540000000004,1.17,-0.22999999999999998,3.406814,0.52,-0.25,0.6269094,0.7438748319667827,0.036515305874494634,0.9983705333333334,-0.5173106060606064,17.774545454545457
2016-07-01,-0.03,-0.12,-0.154285714285714,-0.13746753246753218,0.2988048,0.9569,-0.3536,0.8,1.051,-0.11718181818182005,1.493711,-0.543,-0.03500000000000003,-0.37406809999999996,0.96,-0.20999999999999996,3.696304,0.17,-0.35,1.0244790000000001,0.6777382006390389,0.12975774429458498,1.15653845,-0.43676904761904756,13.1585
2016-08-01,0.11,0.14,-0.131739130434783,0.022546583850931,0.4970179,0.7421,-0.2148,0.9,1.04272727272727,-0.008272727272729874,1.256873,-0.462,0.08100000000000002,-0.20289839999999998,1.07,0.1100000000000001,4.395605000000001,0.1,-0.07,1.052867,0.6472354910691984,0.11766287311236735,1.3165774166666668,-0.2835146903820812,12.399565217391304
2016-09-01,0.0,-0.11,-0.0840909090909091,0.04764822134387389,0.3976143,0.8243,0.08220000000000005,1.0,1.08619047619048,0.043463203463209865,1.099764,-0.522,-0.06,-0.1430916,1.23,0.15999999999999992,4.004004,0.22,0.12,1.141268,0.697951673449137,0.07580755930453917,1.24992645,-0.4590665945165951,14.21952380952381
2016-10-01,0.11,0.11,0.002,0.0860909090909091,0.5976096,1.078,0.25370000000000004,1.3,1.1665,0.08030952380952017,1.3375299999999999,-0.362,0.16000000000000003,-0.1815248,1.34,0.1100000000000001,3.578529,0.24,0.01999999999999999,0.9074699,0.7080387289313111,0.08035485893839679,1.2566022833333332,-0.4674166666666667,14.585238095238097
2016-11-01,0.43,0.32,0.189090909090909,0.187090909090909,0.7968128000000001,1.3818,0.30379999999999985,1.3,1.43761904761905,0.2711190476190499,1.493711,-0.13,0.23199999999999998,-0.21279070000000003,1.58,0.24,3.6633660000000003,0.43,0.19,1.1804379999999999,0.7385328074638973,0.045518333547718774,1.3702561833333335,-0.38475165945165973,15.236190476190476
2016-12-01,0.5,0.07,0.251904761904762,0.06281385281385302,0.8024071999999999,1.4336,0.05180000000000007,1.5,1.732,0.29438095238094997,1.180173,-0.135,-0.0050000000000000044,-0.3381996,1.76,0.17999999999999994,3.553801,0.61,0.18,1.386454,0.8100961615978225,0.11030196870645119,1.3474392666666668,-0.442084126984127,12.472380952380954
2017-01-01,0.4,-0.09999999999999998,0.250909090909091,-0.0009956709956709942,1.504514,1.4203,-0.01330000000000009,1.8,1.72238095238095,-0.00961904761905008,1.501976,-0.072,0.06300000000000001,-0.006757602,1.69,-0.07000000000000006,3.468781,0.65,0.040000000000000036,1.7408740000000003,0.7730873996272409,0.0463155489690469,1.668231233,-0.54359834054834,11.6085
2017-02-01,0.34,-0.06,0.258,0.007090909090908981,1.616162,1.3058,-0.11449999999999982,1.9,1.70210526315789,-0.02027568922306,2.129338,-0.213,-0.14100000000000001,0.3489182,1.74,0.050000000000000044,2.7586209999999998,0.66,0.010000000000000009,1.395586,0.8027095363464031,0.0758873001962844,1.6914375333333334,-0.5688175438596483,11.530526315789475
2017-03-01,0.43,0.08999999999999997,0.348260869565217,0.090260869565217,1.9133939999999998,1.194,-0.11180000000000012,2.3,1.71434782608696,0.012242562929070111,2.045633,-0.1,0.11299999999999999,0.6460109,1.77,0.030000000000000027,2.546523,0.69,0.029999999999999916,1.779461,0.7546117627054058,0.0786112917504088,1.8718369833333333,-0.5061014492753628,11.89782608695652
2017-04-01,0.37,-0.06,0.225555555555556,-0.122705314009661,1.4,1.0789,-0.11509999999999998,2.3,1.52315789473684,-0.19118993135011997,1.5637219999999998,-0.096,0.0040000000000000036,0.5678371,1.61,-0.15999999999999992,2.4390240000000003,0.57,-0.12,1.260691,0.6986370602955837,0.06638947397375097,1.5885456833333331,-0.4486022417153994,13.136315789473684
2017-05-01,0.4,0.030000000000000027,0.336363636363636,0.11080808080807997,1.698302,1.1175,0.03859999999999997,2.6,1.51318181818182,-0.009976076555020086,1.636789,-0.145,-0.04899999999999999,0.4378066,1.59,-0.020000000000000018,2.2351799999999997,0.56,-0.009999999999999898,1.869218,0.6919804853316966,0.05685110673703363,1.7462159333333334,-0.4286742424242428,10.862272727272726
2017-06-01,0.58,0.17999999999999994,0.25047619047619,-0.08588744588744596,1.192843,1.0846,-0.03289999999999993,2.7,1.50272727272727,-0.010454545454549935,1.319876,-0.025,0.12,0.47939890000000007,1.53,-0.06000000000000005,2.131783,0.46,-0.10000000000000003,1.7488380000000001,0.6642172667384189,0.0797427768216819,1.5954564833333336,-0.22046724386724348,10.513636363636364
2017-07-01,0.48,-0.09999999999999998,0.455714285714286,0.205238095238096,1.390268,1.2713,0.1867000000000001,2.6,1.908,0.4052727272727299,1.0069709999999998,0.06,0.08499999999999999,0.1972007,1.69,0.15999999999999992,1.926782,0.66,0.2,1.715423,0.7306540788164781,0.10664826419672084,1.4727741166666668,-0.5275023809523811,10.2645
2017-08-01,0.36,-0.12,0.346086956521739,-0.10962732919254703,1.384768,1.1241,-0.1472,2.6,1.88363636363636,-0.024363636363639918,1.163693,-0.114,-0.174,0.3292611,1.62,-0.06999999999999984,1.531101,0.63,-0.030000000000000027,2.1974549999999997,0.7671678122543647,0.061616139731213646,1.5343796833333334,-0.5549705533596833,11.975652173913044
2017-09-01,0.49,0.13,0.347142857142857,0.0010559006211179889,1.584158,1.2436,0.11949999999999994,2.7,2.0495,0.1658636363636401,1.398601,0.017,0.131,0.46271819999999997,1.59,-0.030000000000000027,1.347449,0.62,-0.010000000000000009,2.149314,0.7801109214912532,0.08510251815027957,1.6070400333333332,-0.48787380952380954,10.437999999999999
2017-10-01,0.5,0.010000000000000009,0.3725,0.025357142857143022,1.683168,1.3816,0.1379999999999999,2.8,2.05095238095238,0.0014523809523798725,1.5527950000000001,-0.029,-0.046,0.6520411,1.66,0.06999999999999984,1.631478,0.88,0.26,2.11732,0.791968248409644,0.11021200418038554,1.7394670166666666,-0.5526753968253966,10.125454545454545
2017-11-01,0.56,0.06000000000000005,0.308181818181818,-0.064318181818182,1.284585,1.3299,-0.05169999999999986,2.8,1.91857142857143,-0.13238095238095005,1.394268,-0.053,-0.023999999999999997,0.6609573000000001,1.59,-0.06999999999999984,1.241643,0.76,-0.12,1.6918240000000002,0.7670931252528593,0.041412418059481315,1.5122128833333333,-0.4156088744588745,10.54047619047619
2017-12-01,0.44,-0.12000000000000005,0.296842105263158,-0.011339712918659983,1.59204,1.2781,-0.05180000000000007,2.8,1.91526315789474,-0.0033082706766898173,2.099533,-0.095,-0.042,0.7870397,1.57,-0.020000000000000018,1.1439469999999998,0.72,-0.040000000000000036,1.8673369999999998,0.77398789767536,0.01927513016501489,1.7149827833333333,-0.5075342105263163,10.2645
2018-01-01,0.61,0.16999999999999998,0.474545454545455,0.17770334928229697,1.383399,1.3931,0.11499999999999999,2.7,2.19818181818182,0.2829186602870799,1.869159,0.103,0.198,0.8387053,1.74,0.16999999999999993,1.6283530000000002,0.85,0.13,1.736111,0.7930963313227318,0.05956466309172069,1.6926212166666665,-0.5164712121212124,11.062380952380952
2018-02-01,0.75,0.14,0.659,0.18445454545454504,1.39165,1.6034,0.21029999999999993,2.7,2.32421052631579,0.12602870813396994,1.6988419999999997,0.116,0.013000000000000012,0.7402101,1.98,0.24,1.6299139999999999,0.91,0.06000000000000005,1.5779530000000002,0.8439345191719831,0.08903488337198913,1.6230948500000002,-0.5154350877192984,22.464736842105264
2018-03-01,0.69,-0.06000000000000005,0.52952380952381,-0.12947619047619008,1.086957,1.508,-0.09539999999999993,2.5,2.18857142857143,-0.13563909774436,2.1588279999999997,0.054,-0.062000000000000006,0.6281071999999999,1.99,0.010000000000000009,2.1967529999999997,0.77,-0.14,1.6076059999999999,0.8531975389755785,0.058186512957714036,1.6963752,-0.48334920634920686,19.023809523809526
2018-04-01,0.78,0.09000000000000008,0.48,-0.04952380952380997,1.47929,1.5108,0.0027999999999999137,2.3,2.24904761904762,0.060476190476189906,2.309469,0.12,0.066,0.7953932,1.93,-0.06000000000000005,2.190476,0.71,-0.06000000000000005,1.901902,0.8541920999122694,0.05899803191818514,1.8294217,-0.3866412698412698,18.267619047619046
2018-05-01,0.76,-0.020000000000000018,0.45,-0.02999999999999997,1.2770139999999999,1.5016,-0.009199999999999875,2.2,2.37545454545455,0.12640692640693008,2.2239259999999996,-0.008,-0.128,0.8031968,1.89,-0.040000000000000036,2.376426,0.66,-0.04999999999999993,1.7291779999999999,0.9212888580080675,0.08318198486089802,1.7682901333333332,-0.3848424242424249,14.124545454545455
2018-06-01,0.74,-0.020000000000000018,0.327142857142857,-0.122857142857143,2.062868,1.4229,-0.07869999999999999,2.3,2.20904761904762,-0.1664069264069301,2.222222,-0.012,-0.004,0.9992394,1.82,-0.06999999999999984,2.27704,0.55,-0.10999999999999999,1.9021569999999999,0.8917021432597486,0.055167823497873865,1.9605877333333332,-0.3128484126984128,13.678095238095239
2018-07-01,0.84,0.09999999999999998,0.274545454545455,-0.05259740259740203,1.8609209999999998,1.3739,-0.049000000000000155,2.3,2.18714285714286,-0.021904761904759873,2.4539880000000003,0.042,0.054000000000000006,1.146591,1.76,-0.06000000000000005,2.5519849999999997,0.51,-0.040000000000000036,2.06541,0.8726084214386357,0.04236698728714241,2.063149166666667,-0.18459805194805246,13.147619047619049
2018-08-01,0.78,-0.05999999999999994,0.290869565217391,0.01632411067193601,1.853659,1.3991,0.02520000000000011,2.3,2.29545454545455,0.10831168831168991,2.990798,-0.032,-0.07400000000000001,1.230301,1.77,0.010000000000000009,3.016023,0.52,0.010000000000000009,2.051345,0.9185638116027747,0.05792786609744909,2.2403543333333333,-0.26057068511199,12.54695652173913
2018-09-01,0.91,0.13,0.3705,0.079630434782609,1.851852,1.5023,0.10319999999999996,2.4,2.35368421052632,0.058229665071769965,2.835249,0.113,0.14500000000000002,1.181087,1.9,0.1299999999999999,3.418803,0.6,0.07999999999999996,1.9957919999999998,0.9077829981378919,0.03314312276064466,2.2804638333333336,-0.22991403508772013,12.910526315789474
2018-10-01,1.1,0.19000000000000006,0.399090909090909,0.028590909090909,1.9474200000000002,1.5462,0.04390000000000005,2.2,2.48863636363636,0.13495215311004038,2.217125,0.071,-0.04200000000000001,0.9894733,2.0,0.10000000000000009,3.399433,0.67,0.07000000000000006,2.323713,0.9609713539932346,0.06142810276828581,2.1795273833333333,-0.09582121212121142,19.35217391304348
2018-11-01,1.04,-0.06000000000000005,0.314090909090909,-0.08500000000000002,2.341463,1.4541,-0.09210000000000007,2.2,2.40761904761905,-0.08101731601731021,2.444614,-0.015,-0.086,1.106587,1.94,-0.06000000000000005,3.113208,0.6,-0.07000000000000006,2.269775,0.9643690899554721,0.01185476503413185,2.2459411666666664,-0.07680165945165984,19.38904761904762
2018-12-01,0.98,-0.06000000000000005,0.187058823529412,-0.12703208556149698,2.056807,1.3125,-0.14159999999999995,2.2,2.05789473684211,-0.3497243107769399,1.6755520000000002,-0.154,-0.139,0.9219925999999999,1.83,-0.10999999999999988,3.487276,0.47,-0.13,1.962721,0.9126368663198121,0.09058606304611867,2.050724766666667,0.029424406604746323,24.953157894736844
2019-01-01,0.78,-0.19999999999999996,0.132727272727273,-0.054331550802139,1.5594540000000001,1.3221,0.009600000000000053,2.0,1.95363636363636,-0.10425837320575004,1.987768,-0.21,-0.055999999999999994,0.6914908000000001,1.78,-0.050000000000000044,3.487276,0.43,-0.03999999999999998,2.041632,0.9060257718118874,0.03646014239790674,1.9612701333333333,-0.1214106060606055,19.57238095238095
2019-02-01,0.78,0.0,0.0555,-0.077227272727273,1.372549,1.239,-0.08309999999999995,1.8,1.90736842105263,-0.046267942583730015,1.4426729999999999,-0.236,-0.025999999999999995,0.5600928000000001,1.71,-0.07000000000000006,3.113208,0.36,-0.07,1.875911,0.9009983075755046,0.021672648284793553,1.6940723000000002,-0.05931140350877173,15.234736842105262
2019-03-01,0.53,-0.25,0.010952380952381,-0.044547619047619,1.466276,1.19,-0.049000000000000155,1.8,1.71238095238095,-0.19498746867168015,1.509434,-0.352,-0.11599999999999999,0.5785826,1.66,-0.050000000000000044,2.990654,0.29,-0.07,1.8930650000000002,0.8854435129716871,0.05900072360067981,1.7063352666666667,-0.22188888888888847,14.485238095238095
2019-04-01,0.56,0.030000000000000027,-0.0395,-0.050452380952381,1.263363,1.1906,0.000600000000000156,1.8,1.72428571428571,0.011904761904760086,1.881114,-0.267,0.08499999999999996,0.7290729,1.71,0.050000000000000044,2.889096,0.3779,0.08790000000000003,1.851056,0.8780201963648036,0.05373584569561402,1.7356169833333333,-0.2227142857142851,12.949047619047619
2019-05-01,0.4,-0.16000000000000003,-0.134545454545455,-0.09504545454545499,2.036857,1.13,-0.06060000000000021,2.0,1.66454545454545,-0.05974025974025987,2.025506,-0.445,-0.178,0.7080104,1.66,-0.050000000000000044,2.878366,0.2153,-0.16260000000000002,2.143075,0.924907288101905,0.05602596316683514,1.9653024,-0.2817166666666657,16.721818181818183
2019-06-01,0.31,-0.09000000000000002,-0.315263157894737,-0.18071770334928203,1.4436959999999999,0.919,-0.21099999999999985,1.9,1.4625,-0.2020454545454502,2.3988009999999997,-0.482,-0.03699999999999998,0.6342693,1.43,-0.22999999999999998,2.504638,0.0452,-0.1701,2.1625080000000003,0.8720205865598117,0.06941487202158733,1.84065205,-0.19990614035087712,15.836000000000002
2019-07-01,0.26,-0.04999999999999999,-0.388260869565217,-0.07299771167047997,1.634615,0.8304,-0.08860000000000001,1.9,1.51909090909091,0.056590909090910024,2.0209580000000003,-0.654,-0.17200000000000004,0.600248,1.44,0.010000000000000009,1.935484,0.0208,-0.024399999999999998,1.780172,0.9351682318847325,0.08063191609933887,1.6452461666666667,-0.2013383399209488,13.305909090909092
2019-08-01,-0.05,-0.31,-0.649090909090909,-0.26083003952569206,1.7241380000000002,0.5776,-0.2528,2.0,1.2052380952381,-0.31385281385280983,2.010424,-0.975,-0.32099999999999995,0.3118107,1.15,-0.29000000000000004,1.9213169999999997,-0.2884,-0.3092,1.65592,0.9370508130403471,0.028717540343015286,1.60393495,-0.22005786435786517,18.97909090909091
2019-09-01,0.15,0.2,-0.594761904761905,0.054329004329004005,1.4354069999999999,0.5981,0.020499999999999963,1.7,1.364,0.1587619047619,1.9374069999999999,-0.7,0.275,0.31790440000000003,1.21,0.06000000000000005,1.561065,-0.2315,0.05689999999999998,1.444043,0.9086462176299989,0.0957427423419446,1.3993044,-0.12430634920634917,15.559000000000001
2019-10-01,0.15,0.0,-0.469545454545455,0.12521645021645006,1.241643,0.6373,0.03920000000000001,1.7,1.44954545454545,0.08554545454544993,1.8698580000000002,-0.511,0.18899999999999995,0.14831329999999998,1.26,0.050000000000000044,1.461187,-0.1598,0.07170000000000001,1.452558,0.8707034987500254,0.055687375510653586,1.3122598833333332,-0.2177499999999992,15.466521739130435
2019-11-01,0.17,0.020000000000000018,-0.352380952380952,0.11716450216450297,1.1439469999999998,0.765,0.12770000000000004,1.5,1.4995,0.049954545454550026,1.86428,-0.58,-0.06899999999999995,-0.25311100000000003,1.45,0.18999999999999995,1.8298259999999997,-0.0015,0.1583,1.608611,0.9064391269435137,0.09328956037255734,1.2822588333333333,-0.293436507936508,12.5235
2019-12-01,0.15,-0.020000000000000018,-0.299444444444444,0.052936507936508004,1.055662,0.8308,0.06579999999999997,1.5,1.6045,0.10499999999999998,2.172285,-0.456,0.12399999999999994,-0.1311894,1.47,0.020000000000000018,1.639344,0.0671,0.06860000000000001,1.8038740000000002,0.8947461950265021,0.0371679499375674,1.3399959333333333,-0.3861592592592593,13.756666666666666
2020-01-01,-0.14,-0.29000000000000004,-0.313636363636364,-0.014191919191919977,1.535509,0.7235,-0.10729999999999995,1.4,1.49227272727273,-0.11222727272726996,2.2488759999999997,-0.698,-0.24199999999999994,0.1557662,1.39,-0.08000000000000007,1.36612,0.10557,0.03846999999999999,1.7506849999999998,0.9015998219181188,0.09608587942458055,1.4094927000000002,-0.5899510606060611,13.94095238095238
2020-02-01,-0.28,-0.14,-0.466,-0.15236363636363603,1.7408119999999998,0.633,-0.09050000000000002,1.8,1.29473684210526,-0.19753588516747,2.39521,-0.832,-0.134,0.2022912,1.35,-0.039999999999999813,1.8298259999999997,-0.04565,-0.15122,1.296567,0.915155479759651,0.05505143060192523,1.5441177,-0.6023478070175434,19.628947368421052
2020-03-01,-0.17,0.11000000000000001,-0.541363636363636,-0.07536363636363602,1.653403,0.4609,-0.17210000000000003,1.7,0.819090909090909,-0.4756459330143511,2.156134,-0.368,0.46399999999999997,-0.06220843,0.93,-0.42000000000000004,0.9074409999999999,-0.16768,-0.12203,1.042233,0.6310191190028297,0.335008565236329,1.2328337616666667,-0.3588245454545455,57.73681818181819
2020-04-01,-0.43,-0.26,-0.4495,0.09186363636363604,1.465503,0.3577,-0.10319999999999996,1.5,0.657142857142857,-0.16194805194805195,0.8862629999999999,-0.487,-0.119,-0.5151643,0.7,-0.2300000000000001,0.7246376999999999,-0.07415,0.09353,0.6389584,0.531386030524961,0.13452643504917314,0.7833663,-0.5473654761904762,41.453809523809525
2020-05-01,-0.5,-0.07,-0.5165,-0.06699999999999995,0.6012024,0.2743,-0.08340000000000003,0.9,0.551,-0.10614285714285698,-0.2205882,-0.471,0.016000000000000014,-1.062972,0.47,-0.22999999999999998,0.8122744000000001,-0.060684,0.013465999999999992,-0.3621562,0.46515794484884376,0.09080564269087796,0.11129339999999999,-0.5411860000000001,30.897000000000002
2020-06-01,-0.68,-0.18000000000000005,-0.434285714285714,0.08221428571428596,0.41030829999999996,0.278,0.0037000000000000366,0.7,0.561363636363636,0.010363636363635909,-0.36603220000000003,-0.439,0.03199999999999997,-1.3245719999999999,0.65,0.18000000000000005,1.266968,0.0060952,0.0667792,-0.01194208,0.47576439540758664,0.0652979394518169,0.11245500333333334,-0.7836955203463204,31.119545454545456
2020-07-01,-1.0,-0.31999999999999995,-0.52304347826087,-0.08875776397515606,0.225048,0.2094,-0.06860000000000002,0.8,0.516363636363636,-0.04499999999999993,0.6603081000000001,-0.529,-0.09000000000000002,-1.2747680000000001,0.61,-0.040000000000000036,1.356239,-0.073217,-0.0793122,0.7085836999999999,0.4967837982336046,0.02169776883226383,0.41256846666666663,-1.0350838596837943,26.840454545454545
2020-08-01,-1.08,-0.08000000000000007,-0.523333333333333,-0.0002898550724629301,-1.040877,0.2717,0.062299999999999994,1.1,0.5635,0.047136363636363976,0.14598540000000002,-0.41,0.11900000000000005,-0.9198853000000001,0.69,0.07999999999999996,1.346499,-0.040333,0.032884000000000004,0.5270994999999999,0.5020676125295571,0.040894825150044944,0.1931369333333333,-1.171922277777778,22.88952380952381
2020-09-01,-0.94,0.14000000000000012,-0.524090909090909,-0.0007575757575760678,-0.8541610999999999,0.273,0.0013000000000000234,0.5,0.55952380952381,-0.003976190476190022,0.1461988,-0.5,-0.09000000000000002,-0.8661587,0.65,-0.039999999999999925,1.717902,-0.082591,-0.042258,0.8014594,0.5134287861057143,0.03566290263567459,0.24087340000000004,-1.0026403167388167,27.64761904761905
2020-10-01,-0.82,0.12,-0.607272727272727,-0.08318181818181791,-0.8541610999999999,0.3058,0.032799999999999996,0.7,0.602857142857143,0.043333333333333,0.51395,-0.518,-0.018000000000000016,-0.7998837,0.67,0.020000000000000018,1.620162,-0.028566,0.054025,0.3929156,0.5502167043330942,0.05121669670347682,0.26216380000000006,-0.8908030692640693,29.438636363636363
2020-11-01,-0.93,-0.1100000000000001,-0.614761904761905,-0.007489177489177989,-0.7489059,0.3836,0.07779999999999998,0.9,0.6885,0.08564285714285702,0.6588579999999999,-0.509,0.009000000000000008,-0.5703256,0.79,0.12,1.707098,-0.00026,0.028306,0.27675279999999997,0.5985818682020758,0.04974049707351536,0.37057955,-1.053013015873016,24.9955
2020-12-01,-1.06,-0.13,-0.6185,-0.003738095238095096,-0.195072,0.3224,-0.06119999999999998,0.6,0.730952380952381,0.04245238095238102,0.9530791999999999,-0.525,-0.016000000000000014,-0.6847875,0.91,0.12,0.7168459,0.005439,0.005699,0.1902723,0.6341943443501485,0.0616155885113849,0.26338965,-1.1975485634920635,22.37409090909091
2021-01-01,-1.02,0.040000000000000036,-0.5835,0.03500000000000003,-0.5671076999999999,0.3672,0.044800000000000006,0.8,0.8055,0.07454761904761897,0.7331378000000001,-0.454,0.07100000000000001,-0.8138226,1.01,0.09999999999999998,1.437556,0.070066,0.064627,0.4915897,0.6494795366388896,0.023066582109679778,0.3468922000000001,-1.2225443333333335,24.91
2021-02-01,-0.71,0.31000000000000005,-0.4455,0.138,1.202405,0.6222,0.25499999999999995,0.9,1.09947368421053,0.29397368421052994,1.023392,-0.229,0.225,-0.5443183000000001,1.28,0.27,2.515723,0.24712,0.177054,1.583439,0.6988357133466738,0.059222638997610356,1.1134401166666668,-1.1390489473684215,23.140526315789476
2021-03-01,-0.63,0.07999999999999996,-0.364782608695652,0.08071739130434802,1.498502,0.8456,0.22340000000000004,0.7,1.49652173913043,0.39704805491990003,1.091703,-0.267,-0.038000000000000006,-0.5040331,1.46,0.17999999999999994,3.3273379999999997,0.39866,0.15154,1.3573709999999999,0.8156644764512843,0.1455828968777755,1.2451468166666666,-1.2248331884057964,21.84304347826087
2021-04-01,-0.76,-0.13,-0.325,0.03978260869565198,1.794616,0.8515,0.005900000000000016,1.0,1.51619047619048,0.019668737060050123,2.196193,-0.21,0.05700000000000002,-0.2452262,1.42,-0.040000000000000036,3.057554,0.37016,-0.028500000000000025,1.6860830000000002,0.7924041443882597,0.03790052048600933,1.5815366333333334,-1.3638084126984134,17.416190476190476
2021-05-01,-0.84,-0.07999999999999996,-0.2235,0.1015,1.992032,0.9058,0.054300000000000015,1.6,1.524,0.007809523809519936,3.3898309999999996,-0.134,0.07599999999999998,0.32786329999999997,1.47,0.050000000000000044,2.954342,0.42118,0.05102000000000001,2.2439169999999997,0.7656441554664934,0.03115345988387616,2.0846642166666665,-1.50058,19.7605
2021-06-01,-0.87,-0.030000000000000027,-0.288636363636364,-0.06513636363636402,2.191235,0.8549,-0.050900000000000056,2.1,1.425,-0.09899999999999998,3.6002940000000003,-0.2,-0.066,0.5509537,1.47,0.0,2.680965,0.36155,-0.059630000000000016,1.830343,0.7731681907074948,0.03226152780706893,2.1589651166666664,-1.4738022727272726,16.956818181818182
2021-07-01,-1.16,-0.2899999999999999,-0.451363636363636,-0.162727272727272,2.38806,0.6979,-0.15700000000000003,2.4,1.25142857142857,-0.17357142857143004,3.061224,-0.373,-0.173,0.6044704000000001,1.24,-0.22999999999999998,2.854594,0.1808,-0.18075,1.330008,0.7597541006823363,0.0261410957844013,2.106392733333333,-1.5842941558441557,17.603333333333335
2021-08-01,-1.03,0.1299999999999999,-0.538636363636364,-0.087272727272728,3.7111330000000002,0.644,-0.05389999999999995,2.1,1.19190476190476,-0.05952380952380998,3.717201,-0.347,0.026000000000000023,0.6787791999999999,1.23,-0.010000000000000009,3.011515,0.11013,-0.07066999999999998,1.380454,0.7611332218191822,0.042347121995724435,2.433180366666667,-1.411733066378066,17.472727272727273
2021-09-01,-0.85,0.18000000000000005,-0.362727272727273,0.17590909090909101,3.8114339999999998,0.8023,0.1583,3.0,1.263,0.07109523809523988,4.087591000000001,-0.166,0.18099999999999997,0.8815960999999999,1.42,0.18999999999999995,3.3777779999999997,0.26964,0.15950999999999999,2.052986,0.7419360709716273,0.04336771806150441,2.8685641833333335,-1.3877021212121212,19.824761904761903
2021-10-01,-0.96,-0.10999999999999999,-0.204285714285714,0.15844155844155902,4.112337,1.083,0.28069999999999995,2.9,1.597,0.3340000000000001,4.382761,-0.046,0.12000000000000001,0.9423667,1.67566666666667,0.25566666666667004,4.074402,0.38059,0.11095,2.511341,0.8204711997388732,0.0927675590903022,3.15386795,-1.7076618253968259,17.871428571428574
2021-11-01,-1.07,-0.1100000000000001,-0.313636363636364,-0.10935064935065,4.404405000000001,0.9394,-0.14359999999999995,3.8,1.68571428571429,0.08871428571428996,4.654545,-0.234,-0.188,1.241863,1.60777777777778,-0.06788888888889,3.5335690000000004,0.26672,-0.11386999999999997,2.810339,0.8866001429502859,0.09575267326244484,3.4074535000000004,-1.7286626166426178,18.50047619047619
2021-12-01,-1.04,0.030000000000000027,-0.384285714285714,-0.07064935064935002,4.814443,0.8375,-0.10189999999999999,4.6,1.45,-0.23571428571428998,4.720407,-0.127,0.10700000000000001,1.532864,1.707,0.0992222222222201,5.071174,0.13796,-0.12876,3.272997,0.8619871059226296,0.1345890705964105,4.0019808333333335,-1.6435290476190478,21.354545454545455
2022-01-01,-0.65,0.39,-0.114761904761905,0.269523809523809,4.90982,1.2051,0.36760000000000004,4.8,1.759,0.30899999999999994,4.8034930000000005,0.045,0.172,1.5311,1.90988888888889,0.20288888888889,5.314437,0.36028,0.22232,3.869276,0.8824584016148392,0.07273049502992676,4.204687666666666,-1.5107511640211642,23.181
2022-02-01,-0.79,-0.14,0.15,0.264761904761905,4.158416000000001,1.4891,0.28400000000000003,4.9,1.87947368421053,0.12047368421053006,5.137482,0.263,0.21800000000000003,1.6487880000000001,2.119,0.20911111111111014,3.242769,0.60603,0.24574999999999997,3.688367,0.8535760754976164,0.057808941686691886,3.7959703333333334,-1.8744339473684215,25.748421052631578
2022-03-01,-0.52,0.27,0.281739130434783,0.131739130434783,4.330709,1.5457,0.056599999999999984,5.5,2.13217391304348,0.25270022883294985,5.687545,0.677,0.41400000000000003,2.150872,2.5315,0.41249999999999964,3.655353,0.82046,0.21443,4.2919089999999995,0.8852672296562999,0.1455402180877864,4.269398,-1.8514288405797104,26.968695652173913
2022-04-01,0.01,0.53,0.746315789473684,0.46457665903890105,5.876592,1.8362,0.2905,6.2,2.704,0.5718260869565204,6.661891000000001,0.824,0.1469999999999999,2.386192,2.6935,0.16199999999999992,4.537522,1.47152,0.65106,5.966897,0.8650723011662436,0.21318496781868415,5.271515666666667,-1.7025892982456141,24.3735
2022-05-01,0.21,0.19999999999999998,0.952727272727273,0.20641148325358893,6.25,1.9069,0.07069999999999999,7.8,2.91857142857143,0.21457142857142975,6.771203999999999,0.779,-0.04499999999999993,2.548044,2.64225,-0.051249999999999574,5.391304,1.76563,0.2941100000000001,6.360725,0.8635932207923763,0.14529448608724035,5.853546166666668,-1.6175131168831172,29.313636363636363
2022-06-01,0.65,0.44000000000000006,1.445,0.4922727272727271,7.017544,2.3824,0.47550000000000003,7.9,3.31545454545455,0.39688311688311995,7.7304960000000005,1.149,0.37,2.942478,3.12575,0.4834999999999998,5.744125,1.86309,0.09745999999999988,7.2660100000000005,0.8856151246786078,0.14996008922318166,6.433442166666667,-1.5634490909090917,28.23318181818182
2022-07-01,0.14,-0.51,1.08190476190476,-0.36309523809524014,6.705539,2.1454,-0.2370000000000001,8.2,3.04315789473684,-0.2722966507177098,8.132957000000001,0.52,-0.629,3.3849709999999997,2.90942857142857,-0.2163214285714301,6.33131,1.53262,-0.3304699999999998,8.681004,1.0089548692902475,0.15140883880634262,6.905963500000001,-1.7320852046783615,24.995238095238093
2022-08-01,0.67,0.53,1.03434782608696,-0.04755693581779985,6.673114,2.3278,0.1823999999999999,8.8,2.85909090909091,-0.18406698564593027,7.5896,0.786,0.266,3.433475,3.336,0.42657142857142993,6.792778,1.60696,0.07433999999999985,8.488443,1.018894816128663,0.21991443956512596,6.962901666666667,-1.3216997891963116,22.169565217391302
2022-09-01,1.68,1.0099999999999998,1.79545454545455,0.76110671936759,6.9565220000000005,3.5007,1.1729000000000003,8.6,3.14789473684211,0.28880382775120017,7.012623,1.163,0.377,3.45212,3.418,0.0820000000000003,6.5348239999999995,2.07702,0.47006000000000014,9.831681,0.9721132754520195,0.3879382025935978,7.064628333333334,-0.8370115470494437,27.34181818181818
2022-10-01,1.58,-0.09999999999999987,2.18666666666667,0.39121212121212,8.574182,4.1096,0.6089000000000002,8.8,3.38052631578947,0.23263157894735986,6.857943,1.12,-0.04299999999999993,3.252485,3.596875,0.17887499999999967,6.893617,2.19704,0.1200199999999998,10.83762,1.1173102293954835,0.2266419149509099,7.535974500000001,-1.1851179970760235,30.005714285714287
2022-11-01,1.34,-0.24,2.06636363636364,-0.12030303030303013,8.820708999999999,3.4171,-0.6925000000000003,9.6,3.16619047619048,-0.2143358395989896,6.879777000000001,1.055,-0.06500000000000017,2.996002,3.122875,-0.47399999999999975,7.508533,2.00986,-0.18717999999999968,10.85325,0.9148498337476312,0.2414753667399416,7.7763785,-1.1328981854256865,23.29909090909091
2022-12-01,1.58,0.24,2.0852380952381,0.018874458874460043,8.803827,3.5015,0.08440000000000003,9.3,2.9415,-0.22469047619048022,6.7961160000000005,1.565,0.51,2.960212,3.13588888888889,0.01301388888888999,6.519898,1.97433,-0.035530000000000284,11.46453,0.7639321228340982,0.24378797197272567,7.640763833333334,-0.9539094973544979,21.784285714285716
2023-01-01,1.28,-0.30000000000000004,2.19272727272727,0.1074891774891702,8.118433999999999,3.5115,0.009999999999999787,9.2,2.93761904761905,-0.003880952380950209,6.319445,1.257,-0.30800000000000005,2.840312,2.88445454545455,-0.25143434343434024,5.8873,2.083,0.10867000000000027,12.33864,0.7965956645882976,0.18034171730697804,7.450688499999999,-1.1977168109668115,20.16904761904762
2023-02-01,1.49,0.20999999999999996,2.3705,0.17777272727272964,8.65019,3.5553,0.04380000000000006,8.8,3.17421052631579,0.23659147869674024,5.918789,1.446,0.18900000000000006,3.2825330000000004,3.1458,0.2613454545454501,7.045839999999999,2.366,0.2829999999999999,11.678460000000001,0.7673882931342646,0.08601474111887138,7.562635333333334,-1.1863017543859653,20.1205
2023-03-01,1.16,-0.33000000000000007,2.38347826086957,0.012978260869570324,8.679245,3.5638,0.008500000000000174,9.2,2.99347826086957,-0.18073226544622,5.245232,1.227,-0.21899999999999986,3.371806,2.97327272727273,-0.17252727272726975,6.297229,2.35278,-0.01322000000000001,11.95271,0.8017876389692462,0.10750816260156482,7.457703666666667,-1.4223015415019786,21.644347826086957
2023-04-01,1.26,0.10000000000000009,2.35944444444444,-0.02403381642513036,7.400555000000001,3.6503,0.08650000000000002,8.9,2.91611111111111,-0.07736714975846004,4.298187,1.08,-0.14700000000000002,2.945302,3.175625,0.20235227272726997,6.510851000000001,2.37289,0.02010999999999985,10.63924,0.8892580485889902,0.12360754502042613,6.782355833333334,-1.3323950925925916,17.817894736842106
2023-05-01,1.46,0.19999999999999996,2.34227272727273,-0.017171717171709844,7.169117,3.9621,0.31179999999999986,7.8,3.04545454545455,0.12934343434343987,4.405875,0.848,-0.2320000000000001,2.565343,3.329,0.15337500000000004,6.435644,2.32386,-0.04903000000000013,10.4718,1.0758153922170521,0.18939996335311635,6.474629833333332,-1.1817812121212135,17.63608695652174
2023-06-01,1.59,0.13000000000000012,2.37636363636364,0.03409090909091006,6.102004,4.3659,0.40379999999999994,7.9,3.33818181818182,0.2927272727272703,3.357472,0.966,0.118,2.158705,3.5665,0.23749999999999982,6.6666669999999995,2.4648,0.14094000000000007,9.66869,1.18082432634408,0.13353270981536114,5.975589666666667,-1.2562909090909093,14.003181818181817
2023-07-01,1.6,0.010000000000000009,2.45666666666667,0.0803030303030301,6.375227,4.4372,0.07129999999999992,7.3,3.452,0.11381818181817982,2.812296,0.979,0.013000000000000012,1.710877,3.66916666666667,0.10266666666667001,6.362154,2.52176,0.05696000000000012,9.311228,1.2072217244964971,0.035943679688082056,5.645296999999999,-1.3192988888888895,13.932380952380951
2023-08-01,1.85,0.25,2.54565217391304,0.08898550724636989,6.165005000000001,4.5298,0.09260000000000002,6.4,3.65409090909091,0.2020909090909102,3.265839,0.952,-0.027000000000000024,1.605105,3.7665,0.09733333333333016,5.394525,2.75213,0.23037000000000019,9.262551,1.249891393745774,0.09224361631570353,5.348837500000001,-1.1833621805006582,15.85391304347826
2023-09-01,2.24,0.3900000000000001,2.66142857142857,0.11577639751553015,6.142728,4.4199,-0.10989999999999966,6.3,3.816,0.16190909090908967,3.997379,1.087,0.135,1.5543049999999998,3.88671428571429,0.12021428571428983,4.842615,2.8879,0.13576999999999995,7.453482000000001,1.1965785568305443,0.10076649103937017,5.048418166666667,-0.886490476190477,15.173333333333332
2023-10-01,2.46,0.21999999999999975,2.82318181818182,0.16175324675324987,4.525289,4.5695,0.1495999999999995,6.3,4.062,0.24600000000000044,3.7982970000000003,1.046,-0.040999999999999925,1.654665,3.96742857142857,0.08071428571428019,3.343949,3.02373,0.1358299999999999,6.482086,1.2653935974069357,0.09610694612852066,4.350714333333333,-0.7886400649350649,18.887727272727272
2023-11-01,2.14,-0.31999999999999984,2.60136363636364,-0.22181818181817992,3.7885459999999997,4.2721,-0.29739999999999966,4.7,3.71095238095238,-0.35104761904762016,3.120936,0.822,-0.2240000000000001,1.693438,3.62157142857143,-0.34585714285714,4.047619,2.75495,-0.26878,6.51755,1.2218702467647777,0.0569130385388245,3.9780148333333334,-0.8238229076479078,14.01909090909091
2023-12-01,1.72,-0.42000000000000015,2.10210526315789,-0.49925837320575006,3.166227,3.8622,-0.40989999999999993,4.2,3.23421052631579,-0.47674185463659,3.116883,0.656,-0.16599999999999993,1.443668,3.24058333333333,-0.3809880952381004,4.769475,2.20821,-0.5467400000000002,5.779393,1.146436435127653,0.13522784382004369,3.7459409999999997,-0.8305515204678351,12.7185
2024-01-01,1.73,0.010000000000000009,2.17454545454545,0.07244019138755986,3.7102470000000003,3.9319,0.0697000000000001,4.2,3.34636363636364,0.11215311004785011,3.3964730000000003,0.83,0.17399999999999993,1.7148889999999999,3.5805,0.33991666666667,4.765687000000001,2.23068,0.022470000000000212,4.389332,1.157759430970962,0.11385291441721382,3.696104666666667,-0.9523315151515153,13.388636363636364
2024-02-01,1.92,0.18999999999999995,2.33190476190476,0.15735930735931003,2.887139,4.123,0.19110000000000005,4.2,3.504,0.1576363636363598,2.8589990000000003,0.828,-0.0020000000000000018,1.278613,3.76769230769231,0.18719230769231032,4.678826,2.43,0.19932000000000016,5.425287,1.218317791706554,0.07577164631771893,3.554810666666667,-0.910766178266178,13.980476190476189
2024-03-01,1.88,-0.040000000000000036,2.3495,0.017595238095239996,2.517361,4.033,-0.08999999999999986,3.8,3.444,-0.06000000000000005,2.783171,0.639,-0.18899999999999995,1.168413,3.607125,-0.1605673076923102,4.50237,2.396,-0.03400000000000025,4.532363,1.2332284014342871,0.07784247761019839,3.2172796666666663,-0.8647708333333335,13.7875
2024-04-01,2.28,0.3999999999999999,2.44571428571429,0.09621428571429025,2.153316,4.2172,0.1841999999999997,3.8,3.69590909090909,0.25190909090908997,2.897618,0.693,0.05399999999999994,1.044914,3.78866666666667,0.18154166666667004,3.9184949999999996,2.51305,0.11704999999999988,4.06451,1.2949757235982466,0.07170308099483914,2.9798088333333332,-0.6122566738816753,16.137727272727275
2024-05-01,2.16,-0.11999999999999966,2.51954545454545,0.07383116883115992,2.2298459999999998,4.2229,0.005700000000000038,3.0,3.64181818181818,-0.05409090909091008,2.685422,0.915,0.2220000000000001,1.3678219999999999,3.695875,-0.09279166666666994,3.643411,2.37638,-0.13666999999999963,3.893181,1.2077076639688618,0.1303291744815543,2.8032803333333334,-0.7352531060606053,13.058695652173913
2024-06-01,2.08,-0.08000000000000007,2.4845,-0.03504545454544994,2.403434,4.1644,-0.05850000000000044,2.8,3.3915,-0.25031818181817966,2.8662419999999997,0.559,-0.356,1.390092,3.5492,-0.1466750000000001,3.009259,2.25761,-0.11877000000000004,3.7363839999999997,1.277710712022352,0.12195247761732546,2.7009018333333334,-0.6543683333333328,12.667
2024-07-01,1.85,-0.22999999999999998,2.45826086956522,-0.02623913043478021,2.226027,4.1386,-0.02579999999999938,2.8,3.40772727272727,0.01622727272726987,2.6717560000000002,0.45,-0.10900000000000004,1.328071,3.4625,-0.0867,2.6073619999999997,2.12817,-0.12944000000000022,2.5574,1.311166703224591,0.05666689689002134,2.3651026666666666,-0.8242096903820815,14.373913043478263
2024-08-01,1.76,-0.09000000000000008,2.20772727272727,-0.25053359683795007,2.3057220000000003,3.9444,-0.19420000000000037,3.1,3.0715,-0.33622727272727015,2.5300439999999997,0.451,0.0010000000000000009,1.290586,3.29645454545455,-0.16604545454544972,2.750191,1.93209,-0.1960799999999998,2.600636,1.237095546192798,0.11149478268087697,2.429529833333333,-0.7238619696969704,19.312272727272727
2024-09-01,1.63,-0.13000000000000012,2.16714285714286,-0.04058441558440995,1.8723400000000001,3.9053,-0.03909999999999991,3.1,2.94444444444444,-0.1270555555555597,1.953371,0.41,-0.041000000000000036,1.060383,3.2987619047619,0.00230735930734971,2.617398,1.92729,-0.0048000000000001375,1.923787,1.2326585056101966,0.04602678109261486,2.0878798333333335,-0.8121565343915331,17.663333333333334
2024-10-01,1.95,0.32000000000000006,2.2295652173913,0.06242236024844017,1.612903,4.1993,0.29400000000000004,2.6,3.18636363636364,0.24191919191919986,1.640379,0.451,0.041000000000000036,0.8429778,3.54139130434783,0.2426293995859301,3.004622,2.04304,0.11575000000000002,1.5978430000000001,1.330638945753592,0.10667491263326974,1.8831207999999997,-0.6584433596837946,19.960869565217394
2024-11-01,1.92,-0.030000000000000027,2.30571428571429,0.07614906832298995,2.0373509999999997,4.4164,0.2171000000000003,3.2,3.2785,0.09213636363636013,2.0176540000000003,0.289,-0.16200000000000003,0.6229607,3.66871428571429,0.12732298136646003,2.59344,2.06743,0.024389999999999912,1.574303,1.4548240851845267,0.12729525561835495,2.007618116666667,-0.7509597619047637,16.015238095238097
2024-12-01,2.24,0.3200000000000003,2.17888888888889,-0.12682539682539984,2.216539,4.4345,0.01809999999999956,3.5,3.1615,-0.11699999999999999,1.8891689999999999,0.317,0.028000000000000025,0.7307315,3.59888888888889,-0.0698253968253999,2.352049,2.1015,0.03407000000000027,1.559644,1.4359815834201395,0.0746137995115874,2.0413554166666663,-0.3920462962962965,15.866190476190477
2025-01-01,2.16,-0.08000000000000007,2.48363636363636,0.30474747474746966,2.640545,4.6627,0.22820000000000018,3.5,3.28863636363636,0.12713636363635983,1.831965,0.383,0.066,0.6264271,3.88440909090909,0.2855202020201997,2.198635,2.32138,0.21987999999999985,0.8153094,1.486409568406227,0.09227794412207783,1.9354802500000001,-0.6772936363636348,16.763636363636365
2025-02-01,1.86,-0.30000000000000004,2.4055,-0.0781363636363599,2.295918,4.5063,-0.15639999999999965,3.9,3.05631578947368,-0.23232057416268015,1.8951360000000002,0.396,0.013000000000000012,0.4015543,3.88015,-0.004259090909089824,2.3484849999999997,2.25515,-0.06623000000000001,0.927945,1.439481211478443,0.09304786612630962,1.9615063833333333,-0.8899026315789464,16.968
2025-03-01,1.85,-0.010000000000000009,2.74142857142857,0.33592857142857024,2.286198,4.6448,0.13849999999999962,3.7,3.01047619047619,-0.045839598997489794,2.644836,0.514,0.118,0.3247596,4.01747619047619,0.13732619047618977,3.552532,2.60248,0.3473299999999999,1.28577,1.4219070808288643,0.1485312791473363,2.299015933333333,-1.0717768253968245,21.841428571428573
2025-04-01,1.94,0.08999999999999986,2.5105,-0.23092857142857026,2.286198,4.5762,-0.0686,3.7,3.10857142857143,0.09809523809523979,2.644836,0.326,-0.188,0.3423062,3.89547368421053,-0.12200250626565978,2.6395169999999997,2.41995,-0.18252999999999986,1.28577,1.4696166295973059,0.11911145104680951,1.4909115999999998,-0.8661158521303269,31.966190476190473
2025-05-01,2.07,0.1299999999999999,2.56285714285714,0.052357142857140104,2.286198,4.6004,0.024199999999999555,3.7,3.22142857142857,0.11285714285714032,2.644836,0.259,-0.067,0.3423062,4.0091,0.11362631578947013,2.6395169999999997,2.39785,-0.02210000000000001,1.28577,1.5195484630506273,0.07255834146390602,1.4909115999999998,-0.7717726190476188,20.46227272727273
2025-06-01,1.95,-0.11999999999999988,2.51904761904762,-0.04380952380952019,2.286198,4.5248,-0.07559999999999967,3.7,3.314,0.09257142857142986,2.644836,0.41,0.15099999999999997,0.3423062,3.94865,-0.06044999999999989,2.6395169999999997,2.31458,-0.08327000000000018,1.28577,1.4543930143941164,0.09952833363682442,1.4909115999999998,-0.8885129365079372,18.403333333333336
