date,vix,vix_log_change
2015-01-30,20.97,0.11136590133574975
2015-02-02,19.43,-0.07627458152447986
2015-02-03,17.33,-0.11437915966183398
2015-02-04,18.33,0.05609995812409885
2015-02-05,16.85,-0.08418840505324265
2015-02-06,17.29,0.02577764289682838
2015-02-09,18.55,0.07034148935824502
2015-02-10,17.23,-0.07381773851360585
2015-02-11,16.96,-0.015794420176081125
2015-02-12,15.34,-0.10039383442464711
2015-02-13,14.69,-0.043296805753324286
2015-02-16,14.69,0.0
2015-02-17,15.8,0.07284294984713524
2015-02-18,15.45,-0.02240093668916643
2015-02-19,15.29,-0.010409983402783762
2015-02-20,14.3,-0.0669394826751093
2015-02-23,14.56,0.018018505502678472
2015-02-24,13.69,-0.06161240346818264
2015-02-25,13.84,0.010897310889166345
2015-02-26,13.91,0.00504505574582792
2015-02-27,13.34,-0.041840965447873746
2015-03-02,13.04,-0.022745483988971138
2015-03-03,13.86,0.060985437263250564
2015-03-04,14.23,0.02634541834000359
2015-03-05,14.04,-0.013442013504096018
2015-03-06,15.2,0.0793850292545657
2015-03-09,15.06,-0.009253205480483029
2015-03-10,16.69,0.10276751530199624
2015-03-11,16.87,0.010727158884133114
2015-03-12,15.42,-0.08987152842269364
2015-03-13,16.0,0.036923354104597905
2015-03-16,15.61,-0.024676987712440646
2015-03-17,15.66,0.0031979560353163627
2015-03-18,13.97,-0.11419751729378635
2015-03-19,14.07,0.007132697857427317
2015-03-20,13.02,-0.0775582343458745
2015-03-23,13.41,0.02951406051316363
2015-03-24,13.62,0.01553860342777913
2015-03-25,15.44,0.1254222438752639
2015-03-26,15.8,0.023048395436291003
2015-03-27,15.07,-0.047303927394517054
2015-03-30,14.51,-0.03786794574230745
2015-03-31,15.29,0.052360953044874314
2015-04-01,15.11,-0.011842243656322804
2015-04-02,14.67,-0.029552184129757464
2015-04-03,14.67,0.0
2015-04-06,14.74,0.004760294606299897
2015-04-07,14.78,0.0027100287588650573
2015-04-08,13.98,-0.05564717871439129
2015-04-09,13.09,-0.06577915688385572
2015-04-10,12.58,-0.039740328649513934
2015-04-13,13.94,0.10265415406008316
2015-04-14,13.67,-0.019558754596519456
2015-04-15,12.84,-0.06263835247404304
2015-04-16,12.6,-0.01886848430438315
2015-04-17,13.89,0.09747234280882022
2015-04-20,13.3,-0.043405121538544034
2015-04-21,13.25,-0.0037664827954770885
2015-04-22,12.71,-0.04160846723086831
2015-04-23,12.48,-0.01826172226008138
2015-04-24,12.29,-0.015341439363337983
2015-04-27,13.12,0.06535185993799963
2015-04-28,12.41,-0.055635184299427376
2015-04-29,13.39,0.07600556048656548
2015-04-30,14.55,0.08308283391442028
2015-05-01,12.7,-0.13598900015295579
2015-05-04,12.85,0.011741817876683047
2015-05-05,14.31,0.10761478222713095
2015-05-06,15.15,0.057041938387018654
2015-05-07,15.13,-0.0013210041551139362
2015-05-08,12.86,-0.1625578089907913
2015-05-11,13.85,0.07416351382387454
2015-05-12,13.86,0.0007217611284096037
2015-05-13,13.76,-0.007241161256559714
2015-05-14,12.74,-0.07701918236118033
2015-05-15,12.38,-0.028664382887567008
2015-05-18,12.73,0.02787914531286484
2015-05-19,12.85,0.009382398771913714
2015-05-20,12.88,0.0023319093349787323
2015-05-21,12.11,-0.061644163111206574
2015-05-22,12.13,0.0016501653909579694
2015-05-25,12.13,0.0
2015-05-26,14.06,0.14765216342656018
2015-05-27,13.27,-0.05782803803840286
2015-05-28,13.31,0.003009784062903975
2015-05-29,13.84,0.03904731778250348
2015-06-01,13.97,0.009349223079346825
2015-06-02,14.24,0.019142732714959365
2015-06-03,13.66,-0.041583051841185714
2015-06-04,14.71,0.07405568047070199
2015-06-05,14.21,-0.0345815925043369
2015-06-08,15.29,0.07325307783196155
2015-06-09,14.47,-0.05512147929757827
2015-06-10,13.22,-0.09034670621985219
2015-06-11,12.85,-0.028387023082311558
2015-06-12,13.78,0.06987445424428351
2015-06-15,15.39,0.11049968226527573
2015-06-16,14.81,-0.0384153195710808
2015-06-17,14.5,-0.02115397885317849
2015-06-18,13.19,-0.0946896826973056
2015-06-19,13.96,0.056737130605003294
2015-06-22,12.74,-0.0914494471902092
2015-06-23,12.11,-0.050715092579016297
2015-06-24,13.26,0.09072042719271556
2015-06-25,14.01,0.05501937559119918
2015-06-26,14.02,0.0007135212575284378
2015-06-29,18.85,0.2960280322875759
2015-06-30,18.23,-0.03344432520344842
2015-07-01,16.09,-0.12487062768627988
2015-07-02,16.79,0.04258551008515754
2015-07-03,16.79,0.0
2015-07-06,17.01,0.013017935318321072
2015-07-07,16.09,-0.05560344540347861
2015-07-08,19.66,0.20038815371472873
2015-07-09,19.97,0.015645032708703432
2015-07-10,16.83,-0.1710681392250093
2015-07-13,13.9,-0.19127416806606856
2015-07-14,13.37,-0.038875449022794495
2015-07-15,13.23,-0.01052641298698731
2015-07-16,12.11,-0.08845542056186328
2015-07-17,11.95,-0.013300279187481223
2015-07-20,12.25,0.02479465861321639
2015-07-21,12.22,-0.002451983247286904
2015-07-22,12.12,-0.008216973102280978
2015-07-23,12.64,0.04200940807754305
2015-07-24,13.74,0.08344489807549182
2015-07-27,15.6,0.12695962746128808
2015-07-28,13.44,-0.1490355791604876
2015-07-29,12.5,-0.07250669078674798
2015-07-30,12.13,-0.030046921352296696
2015-07-31,12.12,-0.0008247423147906829
2015-08-03,12.56,0.0356601803988843
2015-08-04,13.0,0.03443219642148421
2015-08-05,12.51,-0.03842103298271704
2015-08-06,13.77,0.0959639882617438
2015-08-07,13.39,-0.02798415303748225
2015-08-10,12.23,-0.09061621000400022
2015-08-11,13.71,0.11423354387514228
2015-08-12,13.61,-0.0073206769108487
2015-08-13,13.49,-0.008856146443710244
2015-08-14,12.83,-0.050162491592119274
2015-08-17,13.02,0.014700458152878237
2015-08-18,13.79,0.05745705502478726
2015-08-19,15.25,0.10063581124820997
2015-08-20,19.14,0.22720088297138785
2015-08-21,28.03,0.38149497915188846
2015-08-24,40.74,0.373935045621963
2015-08-25,36.02,-0.12313607105084978
2015-08-26,30.32,-0.17226677897363896
2015-08-27,26.1,-0.14987224644552333
2015-08-28,26.05,-0.0019175461292717522
2015-08-31,28.43,0.08742715746353236
2015-09-01,31.4,0.09936296725129923
2015-09-02,26.09,-0.18525579376557078
2015-09-03,25.61,-0.01856919893720299
2015-09-04,27.8,0.08205312048515756
2015-09-07,27.8,0.0
2015-09-08,24.9,-0.11016821722592951
2015-09-09,26.23,0.05203599040812046
2015-09-10,24.37,-0.07355092624166737
2015-09-11,23.2,-0.04920058896485058
2015-09-14,24.25,0.04426433871122759
2015-09-15,22.54,-0.07312510877186185
2015-09-16,21.35,-0.05423976893699667
2015-09-17,21.14,-0.009884759232541729
2015-09-18,22.28,0.052522434616991465
2015-09-21,20.14,-0.10098152776866698
2015-09-22,22.44,0.10813719336407956
2015-09-23,22.13,-0.013910926591537365
2015-09-24,23.47,0.05878885579997384
2015-09-25,23.62,0.006370800906283947
2015-09-28,27.63,0.1568083281661088
2015-09-29,26.83,-0.029381474497792492
2015-09-30,24.5,-0.09084754688685104
2015-10-01,22.55,-0.08293805160199419
2015-10-02,20.94,-0.07407386050629627
2015-10-05,19.54,-0.06919755882775425
2015-10-06,19.4,-0.007190580545354486
2015-10-07,18.4,-0.05292240145434235
2015-10-08,17.42,-0.05473169319058302
2015-10-09,17.08,-0.019710783063933146
2015-10-12,16.17,-0.05475051477140802
2015-10-13,17.67,0.0887106127425894
2015-10-14,18.03,0.02016875088362058
2015-10-15,16.05,-0.11632818763920083
2015-10-16,15.05,-0.06433085838113994
2015-10-19,14.98,-0.004662013105811713
2015-10-20,15.75,0.05012438718256895
2015-10-21,16.7,0.058568354151067314
2015-10-22,14.45,-0.1447143048642685
2015-10-23,14.46,0.0006918021721777912
2015-10-26,15.29,0.05581280321035198
2015-10-27,15.43,0.009114646434098539
2015-10-28,14.33,-0.07395842453498869
2015-10-29,14.61,0.01935098392252721
2015-10-30,15.07,0.030999786875796076
2015-11-02,14.15,-0.06299138854915709
2015-11-03,14.54,0.02718884801612642
2015-11-04,15.51,0.06458150508307403
2015-11-05,15.05,-0.03010698599356232
2015-11-06,14.33,-0.04902274935480433
2015-11-09,16.52,0.1422165262527515
2015-11-10,15.29,-0.07737274815186135
2015-11-11,16.06,0.049132688577644856
2015-11-12,18.37,0.13438719070841865
2015-11-13,20.08,0.08900539559649401
2015-11-16,18.16,-0.100502921650381
2015-11-17,18.84,0.03676089597506982
2015-11-18,16.85,-0.11163161234984642
2015-11-19,16.99,0.008274278885469943
2015-11-20,15.47,-0.09372227109886566
2015-11-23,15.62,0.009649479826564722
2015-11-24,15.93,0.019651979510417306
2015-11-25,15.19,-0.04756680731427565
2015-11-26,15.19,0.0
2015-11-27,15.12,-0.00461894585629441
2015-11-30,16.13,0.06466252138573036
2015-12-01,14.67,-0.0948762999822268
2015-12-02,15.91,0.08114325019480484
2015-12-03,18.11,0.1295164295456268
2015-12-04,14.81,-0.20116164361561495
2015-12-07,15.84,0.06723575810657234
2015-12-08,17.6,0.10536051565782678
2015-12-09,19.61,0.1081407381641486
2015-12-10,19.34,-0.013864150183106716
2015-12-11,24.39,0.23199772220268056
2015-12-14,22.73,-0.07048757436337683
2015-12-15,20.95,-0.0815469914963054
2015-12-16,17.86,-0.1595750709197934
2015-12-17,18.94,0.05871251230957908
2015-12-18,20.7,0.08885761251339108
2015-12-21,18.7,-0.1016101764107824
2015-12-22,16.6,-0.11912082849804317
2015-12-23,15.57,-0.0640567095165907
2015-12-24,15.74,0.01085925714335012
2015-12-25,15.74,0.0
2015-12-28,16.91,0.07169991992123181
2015-12-29,16.08,-0.05032889915966887
2015-12-30,17.29,0.07255203594437898
2015-12-31,18.21,0.05184259404431746
2016-01-01,18.21,0.0
2016-01-04,20.7,0.12816280653180678
2016-01-05,19.34,-0.0679582102461751
2016-01-06,20.59,0.06263003101455
2016-01-07,24.99,0.1936702238071626
2016-01-08,27.01,0.07773142295766355
2016-01-11,24.3,-0.1057308174580216
2016-01-12,22.47,-0.07829526414926491
2016-01-13,25.22,0.11545624433953572
2016-01-14,23.95,-0.05166900667984953
2016-01-15,27.02,0.12060900867512858
2016-01-18,27.02,0.0
2016-01-19,26.05,-0.0365595643326766
2016-01-20,27.59,0.0574356200298185
2016-01-21,26.69,-0.033164424812761606
2016-01-22,22.34,-0.17791016977537844
2016-01-25,24.15,0.07790558645752732
2016-01-26,22.5,-0.07076907088820761
2016-01-27,23.11,0.026750115075915293
2016-01-28,22.42,-0.030312006642275513
2016-01-29,20.2,-0.10427081323685483
2016-02-01,19.98,-0.010950831186751664
2016-02-02,21.98,0.09540117575506768
2016-02-03,21.65,-0.01512749452697637
2016-02-04,21.84,0.008737696428205322
2016-02-05,23.38,0.06813780516721835
2016-02-08,26.0,0.10621558197755965
2016-02-09,26.54,0.020556490882579492
2016-02-10,26.29,-0.00946439016227174
2016-02-11,28.14,0.06800341294445333
2016-02-12,25.4,-0.10244287766175253
2016-02-15,25.4,0.0
2016-02-16,24.11,-0.052122481831410994
2016-02-17,22.31,-0.07759168374863856
2016-02-18,21.64,-0.030491554466160142
2016-02-19,20.53,-0.05265622294743855
2016-02-22,19.38,-0.05764562456822242
2016-02-23,20.98,0.07932799650553113
2016-02-24,20.72,-0.012470185576868964
2016-02-25,19.11,-0.08088765913910034
2016-02-26,19.81,0.03597510245827751
2016-02-29,20.55,0.03667408023178442
2016-03-01,17.7,-0.14929630136246042
2016-03-02,17.09,-0.03507114245228404
2016-03-03,16.7,-0.023084777704789783
2016-03-04,16.86,0.009535233150999911
2016-03-07,17.35,0.028648553819158984
2016-03-08,18.67,0.07332545116076306
2016-03-09,18.34,-0.017833490725312817
2016-03-10,18.05,-0.015938782049428557
2016-03-11,16.5,-0.08978530387235528
2016-03-14,16.92,0.0251359732715426
2016-03-15,16.84,-0.004739345363896863
2016-03-16,14.99,-0.11637369669967423
2016-03-17,14.44,-0.037381178649826374
2016-03-18,14.02,-0.029517251858235838
2016-03-21,13.79,-0.016541189801233536
2016-03-22,14.17,0.02718336189737869
2016-03-23,14.94,0.05291512600208215
2016-03-24,14.74,-0.01347729294348099
2016-03-25,14.74,0.0
2016-03-28,15.24,0.03335866349730976
2016-03-29,13.82,-0.09780673191897638
2016-03-30,13.56,-0.018992535827274448
2016-03-31,13.95,0.02835522575512517
2016-04-01,13.1,-0.06286727806026882
2016-04-04,14.12,0.07498000185799025
2016-04-05,15.42,0.08807313607008727
2016-04-06,14.09,-0.09020004222459432
2016-04-07,16.16,0.13707372718236055
2016-04-08,15.36,-0.05077232537342358
2016-04-11,16.26,0.05694137640013874
2016-04-12,14.85,-0.09070823887095614
2016-04-13,13.84,-0.07043691505918481
2016-04-14,13.72,-0.008708327891784329
2016-04-15,13.62,-0.007315321576373268
2016-04-18,13.35,-0.02002291587510774
2016-04-19,13.24,-0.008273834337396035
2016-04-20,13.28,0.003016593539425294
2016-04-21,13.95,0.04922036421908693
2016-04-22,13.22,-0.053748673843834194
2016-04-25,14.08,0.06302451630635586
2016-04-26,13.96,-0.008559253395669764
2016-04-27,13.77,-0.013703784593662949
2016-04-28,15.22,0.10011803969297617
2016-04-29,15.7,0.03105035992072258
2016-05-02,14.68,-0.0671746891678926
2016-05-03,15.6,0.06078489106912155
2016-05-04,16.05,0.028437935320533736
2016-05-05,15.91,-0.008761007226329554
2016-05-06,14.72,-0.07774072904896512
2016-05-09,14.57,-0.010242493093616911
2016-05-10,13.63,-0.06669137449867213
2016-05-11,14.69,0.07489374447734454
2016-05-12,14.41,-0.01924458017435482
2016-05-13,15.04,0.04279090851026268
2016-05-16,14.68,-0.024227295335323973
2016-05-17,15.57,0.05885996265953741
2016-05-18,15.95,0.02411284338494646
2016-05-19,16.33,0.02354507775152026
2016-05-20,15.2,-0.07170847913014322
2016-05-23,15.82,0.03997953448727731
2016-05-24,14.42,-0.09265883048270496
2016-05-25,13.9,-0.036727291720156874
2016-05-26,13.43,-0.03439782960149973
2016-05-27,13.12,-0.02335322701920317
2016-05-30,13.12,0.0
2016-05-31,14.19,0.07839970765600812
2016-06-01,14.2,0.0007044734352636972
2016-06-02,13.63,-0.04096871889877374
2016-06-03,13.47,-0.011808255286168468
2016-06-06,13.65,0.01327453120869615
2016-06-07,14.05,0.028882874148786097
2016-06-08,14.08,0.002132954950141208
2016-06-09,14.64,0.039002157803269544
2016-06-10,17.03,0.15121898614143126
2016-06-13,20.97,0.20811635023923136
2016-06-14,20.5,-0.022667958769465812
2016-06-15,20.14,-0.017716998853946286
2016-06-16,19.37,-0.03898240987151169
2016-06-17,19.41,0.002062919762014115
2016-06-20,18.37,-0.05506949795388438
2016-06-21,18.48,0.0059701669865037665
2016-06-22,21.17,0.13589601893323566
2016-06-23,17.25,-0.20477294166940485
2016-06-24,25.76,0.40101075775878403
2016-06-27,23.85,-0.07703868390180268
2016-06-28,18.75,-0.24059046491793046
2016-06-29,16.64,-0.11938431702335706
2016-06-30,15.63,-0.06261729095967761
2016-07-01,14.77,-0.05659404789009681
2016-07-04,14.77,0.0
2016-07-05,15.58,0.05338994389931395
2016-07-06,14.96,-0.04060806789627103
2016-07-07,14.76,-0.013459153374004718
2016-07-08,13.2,-0.11170398958000138
2016-07-11,13.54,0.02543143789180391
2016-07-12,13.55,0.0007382798415811465
2016-07-13,13.04,-0.03836499082720346
2016-07-14,12.82,-0.0170151050059828
2016-07-15,12.67,-0.011769457159476193
2016-07-18,12.44,-0.01831990702201436
2016-07-19,11.97,-0.038513567741151444
2016-07-20,11.77,-0.01684959829769639
2016-07-21,12.74,0.07919272887183171
2016-07-22,12.02,-0.058174721036955646
2016-07-25,12.87,0.06832709250097357
2016-07-26,13.05,0.013889112160667239
2016-07-27,12.83,-0.01700195514115732
2016-07-28,12.72,-0.008610620715569173
2016-07-29,11.87,-0.06916134929039952
2016-08-01,12.44,0.04690287868945697
2016-08-02,13.37,0.07209630380281817
2016-08-03,12.86,-0.0388916723043784
2016-08-04,12.42,-0.0348136423041403
2016-08-05,11.39,-0.08657229904624186
2016-08-08,11.5,0.009611257910113302
2016-08-09,11.66,0.013817145553141952
2016-08-10,12.05,0.032900479014317696
2016-08-11,11.68,-0.031186682536582744
2016-08-12,11.55,-0.011192540432278353
2016-08-15,11.81,0.022261193241468025
2016-08-16,12.64,0.06791975850944043
2016-08-17,12.19,-0.036250445225531
2016-08-18,11.43,-0.06437446568646088
2016-08-19,11.34,-0.007905179507113225
2016-08-22,12.27,0.07882096042321374
2016-08-23,12.38,0.008925008533630319
2016-08-24,13.45,0.08289683879139798
2016-08-25,13.63,0.013294139660593007
2016-08-26,13.65,0.0014662759225276822
2016-08-29,12.94,-0.05341623255821437
2016-08-30,13.12,0.013814494443188607
2016-08-31,13.42,0.022608348027592484
2016-09-01,13.48,0.00446097394062539
2016-09-02,11.98,-0.11796851279685772
2016-09-05,11.98,0.0
2016-09-06,12.02,0.0033333364197583037
2016-09-07,11.94,-0.006677821142605733
2016-09-08,12.51,0.046634216514363835
2016-09-09,17.5,0.33567255645064886
2016-09-12,15.16,-0.14354050071524282
2016-09-13,17.85,0.1633431280114226
2016-09-14,18.14,0.01611593646134235
2016-09-15,16.3,-0.1069543368742738
2016-09-16,15.37,-0.05874755026221257
2016-09-19,15.53,0.010356079610091218
2016-09-20,15.92,0.024802543255641574
2016-09-21,13.3,-0.17981214518852884
2016-09-22,12.02,-0.10119210612064666
2016-09-23,12.29,0.022213994470881904
2016-09-26,14.5,0.16536272584858525
2016-09-27,13.1,-0.10153641921942302
2016-09-28,12.39,-0.055722534566054804
2016-09-29,14.02,0.1235951859653932
2016-09-30,13.29,-0.05347300888129025
2016-10-03,13.57,0.020849601121623706
2016-10-04,13.63,0.004411771861663638
2016-10-05,12.99,-0.048093415025932895
2016-10-06,12.84,-0.011614532420693102
2016-10-07,13.48,0.04864180722234579
2016-10-10,13.38,-0.007446050784078562
2016-10-11,15.36,0.13800567301944344
2016-10-12,15.91,0.035181114630169485
2016-10-13,16.69,0.04786189532404839
2016-10-14,16.12,-0.034749000595261315
2016-10-17,16.21,0.0055675986691023915
2016-10-18,15.28,-0.05908355200921056
2016-10-19,14.41,-0.058622373726943344
2016-10-20,13.75,-0.046883585898850555
2016-10-21,13.34,-0.030271783625102522
2016-10-24,13.02,-0.024280403707054532
2016-10-25,13.46,0.03323568743615857
2016-10-26,14.24,0.05633258176724798
2016-10-27,15.36,0.07571182173569602
2016-10-28,16.19,0.052627039970018163
2016-10-31,17.06,0.05234277437398882
2016-11-01,18.56,0.0842721852945214
2016-11-02,19.32,0.040132101426317845
2016-11-03,22.08,0.1335313926245223
2016-11-04,22.51,0.0192874335097466
2016-11-07,18.71,-0.1849015146326427
2016-11-08,18.74,0.001602136524277764
2016-11-09,14.38,-0.2648219245173755
2016-11-10,14.74,0.024726534468289874
2016-11-11,14.17,-0.03943783305860116
2016-11-14,14.48,0.021641333254981188
2016-11-15,13.37,-0.07975499584371892
2016-11-16,13.72,0.025841231183887814
2016-11-17,13.35,-0.027338237451481007
2016-11-18,12.85,-0.03817257350502956
2016-11-21,12.42,-0.03403573483589595
2016-11-22,12.41,-0.0008054772888170803
2016-11-23,12.43,0.0016103063061039258
2016-11-24,12.43,0.0
2016-11-25,12.34,-0.007266887045378034
2016-11-28,13.15,0.06357574014653178
2016-11-29,12.9,-0.01919444725614694
2016-11-30,13.33,0.03278982282299081
2016-12-01,14.07,0.054027736935680526
2016-12-02,14.12,0.0035473609387981497
2016-12-05,12.14,-0.15108644643374358
2016-12-06,11.79,-0.029254071082073008
2016-12-07,12.22,0.035822239194169825
2016-12-08,12.64,0.033792434975262076
2016-12-09,11.75,-0.0730131481285432
2016-12-12,12.64,0.0730131481285432
2016-12-13,12.72,0.00630916919326463
2016-12-14,13.19,0.03628340881724723
2016-12-15,12.79,-0.030795351138471982
2016-12-16,12.2,-0.047227663851540314
2016-12-19,11.71,-0.04099277412958502
2016-12-20,11.45,-0.022453447609377175
2016-12-21,11.27,-0.015845401948563875
2016-12-22,11.43,0.014097149755034621
2016-12-23,11.44,0.0008745081449323955
2016-12-26,11.44,0.0
2016-12-27,11.99,0.046956983087770965
2016-12-28,12.95,0.07702281910612374
2016-12-29,13.37,0.03191760296830504
2016-12-30,14.04,0.048897007483813315
2017-01-02,14.04,0.0
2017-01-03,12.85,-0.08856658725643607
2017-01-04,11.85,-0.08101594376008858
2017-01-05,11.67,-0.015306421282675675
2017-01-06,11.32,-0.03045037352342783
2017-01-09,11.56,0.020979790469194626
2017-01-10,11.49,-0.006073771383567017
2017-01-11,11.26,-0.020220469149120124
2017-01-12,11.54,0.024562638368409218
2017-01-13,11.23,-0.027230492329601397
2017-01-16,11.23,0.0
2017-01-17,11.87,0.05542543987122439
2017-01-18,12.48,0.05011315431970509
2017-01-19,12.78,0.023754086008107134
2017-01-20,11.54,-0.10206218786943522
2017-01-23,11.77,0.019734660192232134
2017-01-24,11.07,-0.06131517455163982
2017-01-25,10.81,-0.023767115069428968
2017-01-26,10.63,-0.016791439297259902
2017-01-27,10.58,-0.004714765923703457
2017-01-30,11.88,0.1158908875043454
2017-01-31,11.99,0.009216655104923976
2017-02-01,11.81,-0.015126338830151909
2017-02-02,11.93,0.010109605900553653
2017-02-03,10.97,-0.08389196182268543
2017-02-06,11.37,0.03581403347530543
2017-02-07,11.29,-0.007060929600874122
2017-02-08,11.45,0.014072351838678276
2017-02-09,10.88,-0.05106348857245191
2017-02-10,10.85,-0.002761161441328319
2017-02-13,11.07,0.02007366673407729
2017-02-14,10.74,-0.03026365763982719
2017-02-15,11.97,0.1084284304891634
2017-02-16,11.76,-0.017699577099401065
2017-02-17,11.49,-0.02322685060981655
2017-02-20,11.49,0.0
2017-02-21,11.57,0.006938449344920716
2017-02-22,11.74,0.01458627319436534
2017-02-23,11.71,-0.002558636790324531
2017-02-24,11.47,-0.02070824646834657
2017-02-27,12.09,0.05264373348542195
2017-02-28,12.92,0.06639783372775465
2017-03-01,12.54,-0.029852963149681333
2017-03-02,11.81,-0.05997690499550368
2017-03-03,10.96,-0.07469434868940139
2017-03-06,11.24,0.02522656294567538
2017-03-07,11.45,0.018510885534703814
2017-03-08,11.86,0.03518166356933072
2017-03-09,12.3,0.036427868808792674
2017-03-10,11.66,-0.053435081456025824
2017-03-13,11.35,-0.026946436994934597
2017-03-14,12.3,0.08038151845096042
2017-03-15,11.63,-0.05601129584779896
2017-03-16,11.21,-0.036781729446504485
2017-03-17,11.28,0.006225008985844216
2017-03-20,11.34,0.005305052229693352
2017-03-21,12.47,0.09498946139233899
2017-03-22,12.81,0.02690035621669784
2017-03-23,13.12,0.023911667607300124
2017-03-24,12.96,-0.012270092591814219
2017-03-27,12.5,-0.036139046615873305
2017-03-28,11.53,-0.08077631002728802
2017-03-29,11.42,-0.009586130053103492
2017-03-30,11.54,0.010453056852089304
2017-03-31,12.37,0.0694549253244432
2017-04-03,12.38,0.0008080808520536387
2017-04-04,11.79,-0.04883055270717085
2017-04-05,12.89,0.08920010240181675
2017-04-06,12.39,-0.03956212131004522
2017-04-07,12.87,0.03800932596698425
2017-04-10,14.05,0.08772337417171983
2017-04-11,15.07,0.07008361685864894
2017-04-12,15.77,0.04540338833654323
2017-04-13,15.96,0.011976191046715545
2017-04-14,15.96,0.0
2017-04-17,14.66,-0.08496289556315739
2017-04-18,14.42,-0.01650656460170241
2017-04-19,14.93,0.03475647969429607
2017-04-20,14.15,-0.05365798746185213
2017-04-21,14.63,0.03335959094278618
2017-04-24,10.84,-0.299831219020533
2017-04-25,10.76,-0.007407441277861526
2017-04-26,10.85,0.008329525252829928
2017-04-27,10.36,-0.04621284315513163
2017-04-28,10.82,0.0434440365869988
2017-05-01,10.11,-0.06787124038595582
2017-05-02,10.59,0.04638512658093541
2017-05-03,10.68,0.008462673918733454
2017-05-04,10.46,-0.020814374895271825
2017-05-05,10.57,0.010461341245369571
2017-05-08,9.77,-0.07870333382745498
2017-05-09,9.96,0.019260605541815412
2017-05-10,10.21,0.024790560580067567
2017-05-11,10.6,0.03748636894144708
2017-05-12,10.4,-0.019048194970694432
2017-05-15,10.42,0.0019212301778939178
2017-05-16,10.65,0.021832855830213216
2017-05-17,15.59,0.3810697909142511
2017-05-18,14.66,-0.061506986611179926
2017-05-19,12.04,-0.1968882565778305
2017-05-22,10.93,-0.09672313769222773
2017-05-23,10.72,-0.01940014654579114
2017-05-24,10.02,-0.06752805998593736
2017-05-25,9.99,-0.00299850299625648
2017-05-26,9.81,-0.018182319083190457
2017-05-29,9.81,0.0
2017-05-30,10.38,0.05647860416047079
2017-05-31,10.41,0.002886004889135041
2017-06-01,9.89,-0.05124273699225679
2017-06-02,9.75,-0.014256860624864753
2017-06-05,10.07,0.03229342172071492
2017-06-06,10.45,0.03704127168034921
2017-06-07,10.39,-0.005758173299684088
2017-06-08,10.16,-0.02238536296079996
2017-06-09,10.7,0.05178529931752429
2017-06-12,11.46,0.06861896981873317
2017-06-13,10.42,-0.09513567496137254
2017-06-14,10.64,0.020893447588277603
2017-06-15,10.9,0.024142305321599444
2017-06-16,10.38,-0.048881911497355546
2017-06-19,10.37,-0.0009638554963067314
2017-06-20,10.86,0.04616929226435351
2017-06-21,10.75,-0.010180559932117639
2017-06-22,10.48,-0.025437075680775578
2017-06-23,10.02,-0.04488558323617742
2017-06-26,9.9,-0.012048338516174262
2017-06-27,11.06,0.11080023895364466
2017-06-28,10.03,-0.09775439412034492
2017-06-29,11.44,0.13153538397780773
2017-06-30,11.18,-0.022989518224698635
2017-07-03,11.22,0.0035714323675972715
2017-07-04,11.22,0.0
2017-07-05,11.07,-0.013459153374004718
2017-07-06,12.54,0.12468478848422881
2017-07-07,11.19,-0.11390301288094085
2017-07-10,11.11,-0.007174918672295139
2017-07-11,10.89,-0.020000666706669445
2017-07-12,10.3,-0.05570104170927914
2017-07-13,9.9,-0.039609138095045626
2017-07-14,9.51,-0.04019088058324538
2017-07-17,9.82,0.03207724580907545
2017-07-18,9.89,0.0071030232682463
2017-07-19,9.79,-0.010162689092201749
2017-07-20,9.58,-0.02168386455964999
2017-07-21,9.36,-0.02323230149326827
2017-07-24,9.43,0.007450806155865575
2017-07-25,9.43,0.0
2017-07-26,9.6,0.017867001828424378
2017-07-27,10.11,0.05176193455858913
2017-07-28,10.29,0.017647516813578346
2017-07-31,10.26,-0.002919710103334694
2017-08-01,10.09,-0.016708005377105817
2017-08-02,10.28,0.018655425661501468
2017-08-03,10.44,0.015444322427473622
2017-08-04,10.03,-0.04006398048064863
2017-08-07,9.93,-0.01002012391676299
2017-08-08,10.96,0.09869180346278839
2017-08-09,11.11,0.013593322131669083
2017-08-10,16.04,0.3672399987868298
2017-08-11,15.51,-0.03360062524992102
2017-08-14,12.33,-0.22944966001219447
2017-08-15,12.04,-0.023800877295578005
2017-08-16,11.74,-0.02523262548072447
2017-08-17,15.55,0.2810588242252927
2017-08-18,14.26,-0.08660222363909309
2017-08-21,13.19,-0.07799944825692684
2017-08-22,11.35,-0.1502412228018115
2017-08-23,12.25,0.07630819306332448
2017-08-24,12.23,-0.0016339872916550924
2017-08-25,11.28,-0.0808607036291682
2017-08-28,11.32,0.003539826705123872
2017-08-29,11.7,0.033017769028673705
2017-08-30,11.22,-0.04189094170915997
2017-08-31,10.59,-0.05778774048123525
2017-09-01,10.13,-0.04440884135272327
2017-09-04,10.13,0.0
2017-09-05,12.23,0.1883906314384891
2017-09-06,11.63,-0.050303983168507926
2017-09-07,11.55,-0.006902529562770265
2017-09-08,12.12,0.0481715436733654
2017-09-11,10.73,-0.1218134239985611
2017-09-12,10.58,-0.014078130212453743
2017-09-13,10.5,-0.0075901692666757725
2017-09-14,10.44,-0.0057306747089849175
2017-09-15,10.17,-0.02620237239402412
2017-09-18,10.15,-0.0019685045726722805
2017-09-19,10.18,0.002951305634580237
2017-09-20,9.78,-0.04008552707565061
2017-09-21,9.67,-0.011311174581523087
2017-09-22,9.59,-0.008307420569856117
2017-09-25,10.21,0.06264674328122766
2017-09-26,10.17,-0.003925422116105803
2017-09-27,9.87,-0.02994235661507849
2017-09-28,9.55,-0.03295869895275105
2017-09-29,9.51,-0.004197277935340082
2017-10-02,9.45,-0.006329135051647672
2017-10-03,9.51,0.006329135051647672
2017-10-04,9.63,0.012539349252735477
2017-10-05,9.19,-0.04676728944243891
2017-10-06,9.65,0.04884197898329923
2017-10-09,10.33,0.06809436778065248
2017-10-10,10.08,-0.024499020488324863
2017-10-11,9.85,-0.023081807459224724
2017-10-12,9.91,0.006072893157898829
2017-10-13,9.61,-0.03074012535969528
2017-10-16,9.91,0.03074012535969528
2017-10-17,10.31,0.03956994968697236
2017-10-18,10.07,-0.023553591298397958
2017-10-19,10.05,-0.001988072225385995
2017-10-20,9.97,-0.007992050531338002
2017-10-23,11.07,0.10465816274679884
2017-10-24,11.16,0.008097210232619112
2017-10-25,11.23,0.006252811797187174
2017-10-26,11.3,0.006213956967942913
2017-10-27,9.8,-0.1424203400417685
2017-10-30,10.5,0.06899287148695121
2017-10-31,10.18,-0.03095024604110108
2017-11-01,10.2,0.0019627091678486863
2017-11-02,9.93,-0.026827242233144144
2017-11-03,9.14,-0.08290009259102238
2017-11-06,9.4,0.028049303809899673
2017-11-07,9.89,0.05081445635866233
2017-11-08,9.78,-0.011184661587894773
2017-11-09,10.5,0.07103577311675169
2017-11-10,11.29,0.07254212099809276
2017-11-13,11.5,0.018429657207633898
2017-11-14,11.59,0.00779562198245598
2017-11-15,13.13,0.1247570309630448
2017-11-16,11.76,-0.1101957458442242
2017-11-17,11.43,-0.028462464663761455
2017-11-20,10.65,-0.07068158565128524
2017-11-21,9.73,-0.09034599595752058
2017-11-22,9.88,0.01529861556186285
2017-11-23,9.88,0.0
2017-11-24,9.67,-0.021484202294573596
2017-11-27,9.87,0.020471543980187246
2017-11-28,10.03,0.01608074852845398
2017-11-29,10.7,0.06466313949401625
2017-11-30,11.28,0.052787504602052504
2017-12-01,11.43,0.013210231736806577
2017-12-04,11.68,0.02163649959336178
2017-12-05,11.33,-0.03042390236016601
2017-12-06,11.02,-0.027742271315146727
2017-12-07,10.16,-0.08125336157443241
2017-12-08,9.58,-0.05878085016756707
2017-12-11,9.34,-0.025371339742017884
2017-12-12,9.92,0.06024666905603038
2017-12-13,10.18,0.02587208982559508
2017-12-14,10.49,0.029997411285829223
2017-12-15,9.42,-0.10758733381993402
2017-12-18,9.53,0.011609629077839134
2017-12-19,10.03,0.05113588430773319
2017-12-20,9.72,-0.03139498350149639
2017-12-21,9.62,-0.010341353794732555
2017-12-22,9.9,0.028690492462929207
2017-12-25,9.9,0.0
2017-12-26,10.25,0.03474294844387282
2017-12-27,10.47,0.021236319298028494
2017-12-28,10.18,-0.028089013760069115
2017-12-29,11.04,0.08110002972657249
2018-01-01,11.04,0.0
2018-01-02,9.77,-0.12220857479425762
2018-01-03,9.15,-0.06556258676726134
2018-01-04,9.22,0.007621158281072571
2018-01-05,9.22,0.0
2018-01-08,9.52,0.03201981123477138
2018-01-09,10.08,0.05715841383994835
2018-01-10,9.82,-0.02613214027684796
2018-01-11,9.88,0.006091389393402036
2018-01-12,10.16,0.027945930390559592
2018-01-15,10.16,0.0
2018-01-16,11.66,0.1377057387720102
2018-01-17,11.91,0.021214202444862718
2018-01-18,12.22,0.025695570376240262
2018-01-19,11.27,-0.08092962569176443
2018-01-22,11.03,-0.021525494786273747
2018-01-23,11.1,0.006326275052877417
2018-01-24,11.47,0.03278982282299081
2018-01-25,11.58,0.00954454100356994
2018-01-26,11.08,-0.04413779082571123
2018-01-29,13.84,0.2224212688703857
2018-01-30,14.79,0.06638832653318483
2018-01-31,13.54,-0.08830300923857948
2018-02-01,13.47,-0.005183277061856284
2018-02-02,17.31,0.25081937876584526
2018-02-05,37.32,0.7682450067910249
2018-02-06,29.98,-0.2189988833046912
2018-02-07,27.73,-0.07801563304676495
2018-02-08,33.46,0.1878358359309913
2018-02-09,29.06,-0.1409880374165411
2018-02-12,25.61,-0.1263797579307031
2018-02-13,24.97,-0.025307795919752074
2018-02-14,19.26,-0.2596446979217024
2018-02-15,19.13,-0.006772622917817994
2018-02-16,19.46,0.017103293305697598
2018-02-19,19.46,0.0
2018-02-20,20.6,0.05692999903767637
2018-02-21,20.02,-0.0285593019084609
2018-02-22,18.72,-0.06713930283762837
2018-02-23,16.49,-0.12683833447793846
2018-02-26,15.8,-0.04274419653858663
2018-02-27,18.59,0.1626138617004318
2018-02-28,19.85,0.06558020539984666
2018-03-01,22.47,0.12397707906403843
2018-03-02,19.59,-0.13716185424078864
2018-03-05,18.73,-0.04489271550045215
2018-03-06,18.36,-0.019952131263652806
2018-03-07,17.76,-0.03322564762832014
2018-03-08,16.54,-0.07116704796847895
2018-03-09,14.64,-0.12202418106237944
2018-03-12,15.78,0.07498580688456258
2018-03-13,16.35,0.035484581925534275
2018-03-14,17.23,0.052424153196575674
2018-03-15,16.59,-0.03785194633748512
2018-03-16,15.8,-0.04879016416943216
2018-03-19,19.02,0.18548111708432335
2018-03-20,18.2,-0.04406946303449466
2018-03-21,17.86,-0.01885801863439651
2018-03-22,23.34,0.26760505141005675
2018-03-23,24.87,0.06349363095690341
2018-03-26,21.03,-0.16771226810070505
2018-03-27,22.5,0.06756531949576594
2018-03-28,22.87,0.016310698824315573
2018-03-29,19.97,-0.1355948606069659
2018-03-30,19.97,0.0
2018-04-02,23.62,0.16786266334149236
2018-04-03,21.1,-0.1128207702871955
2018-04-04,20.06,-0.05054525794823128
2018-04-05,18.94,-0.05745169477585721
2018-04-06,21.49,0.12631162289648667
2018-04-09,21.77,0.012945164592037095
2018-04-10,20.47,-0.06157247557325807
2018-04-11,20.24,-0.011299555253933224
2018-04-12,18.49,-0.09043079902023132
2018-04-13,17.41,-0.06018529161893582
2018-04-16,16.56,-0.05005460482298396
2018-04-17,15.25,-0.08241064590369307
2018-04-18,15.6,0.022691411202070633
2018-04-19,15.96,0.02281467776617152
2018-04-20,16.88,0.056043897146148325
2018-04-23,16.34,-0.03251339973595435
2018-04-24,18.02,0.09786616274833504
2018-04-25,17.84,-0.010039125028328488
2018-04-26,16.24,-0.09396579241833125
2018-04-27,15.41,-0.0524606854015075
2018-04-30,15.93,0.03318747458993254
2018-05-01,15.49,-0.02800946949317984
2018-05-02,15.97,0.03051730779814399
2018-05-03,15.9,-0.0043928530007351085
2018-05-04,14.77,-0.07372101268289777
2018-05-07,14.75,-0.001355013757459389
2018-05-08,14.71,-0.0027155481724827624
2018-05-09,13.42,-0.09178140306981053
2018-05-10,13.23,-0.014259153416671388
2018-05-11,12.65,-0.04482976295333474
2018-05-14,12.93,0.021892977610236564
2018-05-15,14.63,0.12352402224826697
2018-05-16,13.42,-0.08632808348849741
2018-05-17,13.43,0.0007448789916106868
2018-05-18,13.42,-0.0007448789916106868
2018-05-21,13.08,-0.02566178551448317
2018-05-22,13.22,0.010646488394487896
2018-05-23,12.58,-0.04962258315124579
2018-05-24,12.53,-0.00398248236431753
2018-05-25,13.22,0.05360506551556332
2018-05-28,13.22,0.0
2018-05-29,17.02,0.2526582887216877
2018-05-30,14.94,-0.13034694344055664
2018-05-31,15.43,0.03227148667039792
2018-06-01,13.46,-0.13659134215848745
2018-06-04,12.74,-0.05497567407256465
2018-06-05,12.4,-0.027050177533026076
2018-06-06,11.64,-0.06324903030769935
2018-06-07,12.13,0.0412342806526671
2018-06-08,12.18,0.004113539325791837
2018-06-11,12.35,0.013860800792235395
2018-06-12,12.34,-0.0008100445967444969
2018-06-13,12.94,0.04747727059551288
2018-06-14,12.12,-0.0654663084315863
2018-06-15,11.98,-0.01161838795386494
2018-06-18,12.31,0.027173347509058754
2018-06-19,13.35,0.0811044446498963
2018-06-20,12.79,-0.042852769255507184
2018-06-21,14.64,0.13509389294241458
2018-06-22,13.77,-0.061265195792602256
2018-06-25,17.33,0.22994679098695103
2018-06-26,15.92,-0.08486292331127743
2018-06-27,17.91,0.11778303565638337
2018-06-28,16.85,-0.06100855927424975
2018-06-29,16.09,-0.04615269579407899
2018-07-02,15.6,-0.030927046748800535
2018-07-03,16.14,0.03402974858631147
2018-07-04,16.14,0.0
2018-07-05,14.97,-0.07525246441026567
2018-07-06,13.37,-0.11303480731768545
2018-07-09,12.69,-0.05219910938755534
2018-07-10,12.64,-0.003947893007584913
2018-07-11,13.63,0.07540685698972993
2018-07-12,12.58,-0.08016499443614666
2018-07-13,12.18,-0.0323129889905438
2018-07-16,12.83,0.051990916345794336
2018-07-17,12.06,-0.06189198732850576
2018-07-18,12.1,0.00331126130365611
2018-07-19,12.87,0.06169356900533973
2018-07-20,12.86,-0.0007773027985620296
2018-07-23,12.62,-0.018838861696405917
2018-07-24,12.41,-0.016780257896551465
2018-07-25,12.29,-0.009716675638572259
2018-07-26,12.14,-0.012280137946591108
2018-07-27,13.03,0.07074860550540141
2018-07-30,14.26,0.09020402384939619
2018-07-31,12.83,-0.1056722363586049
2018-08-01,13.15,0.02463557999622834
2018-08-02,12.19,-0.07580581513059315
2018-08-03,11.64,-0.04616850118988847
2018-08-06,11.27,-0.032303114251607035
2018-08-07,10.93,-0.030633025863237684
2018-08-08,10.85,-0.007346222201978669
2018-08-09,11.27,0.03797924806521635
2018-08-10,13.16,0.15503759784548654
2018-08-13,14.78,0.11609298962288417
2018-08-14,13.31,-0.10475928311303528
2018-08-15,14.64,0.09524187612614554
2018-08-16,13.45,-0.08477840248531754
2018-08-17,12.64,-0.062112717329136924
2018-08-20,12.49,-0.011938064581225039
2018-08-21,12.86,0.029193394671986894
2018-08-22,12.25,-0.04859578181873703
2018-08-23,12.41,0.012976662225779645
2018-08-24,11.99,-0.034429630177092996
2018-08-27,12.16,0.014078907498598081
2018-08-28,12.5,0.027576767770234767
2018-08-29,12.25,-0.020202707317519497
2018-08-30,13.53,0.09938350519196071
2018-08-31,12.86,-0.05078772337322368
2018-09-03,12.86,0.0
2018-09-04,13.16,0.02306020708769818
2018-09-05,13.91,0.05542608003818028
2018-09-06,14.65,0.05183232952772476
2018-09-07,14.88,0.015577693941869697
2018-09-10,14.16,-0.04959694113937241
2018-09-11,13.22,-0.06869025384203331
2018-09-12,13.14,-0.0060698213670757895
2018-09-13,12.37,-0.06038682665206796
2018-09-14,12.07,-0.02455115129495633
2018-09-17,13.68,0.12521187708496395
2018-09-18,12.79,-0.06727129660365305
2018-09-19,11.75,-0.08481037500058308
2018-09-20,11.8,0.00424629088145112
2018-09-21,11.68,-0.01022155407153802
2018-09-24,12.2,0.04355797433912967
2018-09-25,12.42,0.01787212476612199
2018-09-26,12.89,0.037143740445763296
2018-09-27,12.41,-0.037949217734580376
2018-09-28,12.12,-0.023645618575347527
2018-10-01,12.0,-0.009950330853167877
2018-10-02,12.05,0.004158010148663571
2018-10-03,11.61,-0.037197864226863775
2018-10-04,14.22,0.2027826286652945
2018-10-05,14.82,0.04132819549284639
2018-10-08,15.69,0.05704594687699993
2018-10-09,15.95,0.01643526248591254
2018-10-10,22.96,0.3642947422205123
2018-10-11,24.98,0.08432193324606585
2018-10-12,21.31,-0.1588990585869059
2018-10-15,21.3,-0.0004693733951461887
2018-10-16,17.62,-0.18967245220734608
2018-10-17,17.4,-0.012564414287550285
2018-10-18,20.06,0.14225757631330627
2018-10-19,19.89,-0.0085106896679088
2018-10-22,19.64,-0.012648789939560867
2018-10-23,20.71,0.053048372481173
2018-10-24,25.23,0.1974170872454737
2018-10-25,24.22,-0.040855024528020145
2018-10-26,24.16,-0.002480365058332268
2018-10-29,24.7,0.02210487056731747
2018-10-30,23.35,-0.05620625951902536
2018-10-31,21.23,-0.09518170839974127
2018-11-01,19.34,-0.09323978569001667
2018-11-02,19.51,0.008751664609871757
2018-11-05,19.96,0.022803116248297783
2018-11-06,19.91,-0.002508152807212838
2018-11-07,16.36,-0.1963827869015038
2018-11-08,16.72,0.021766276481954172
2018-11-09,17.36,0.037563101575648794
2018-11-12,20.45,0.16381417325660674
2018-11-13,20.02,-0.0212511086017364
2018-11-14,21.25,0.05962512148335142
2018-11-15,19.98,-0.06162512215001836
2018-11-16,18.14,-0.09661232853341684
2018-11-19,20.1,0.1026003703780396
2018-11-20,22.48,0.11190620996045997
2018-11-21,20.8,-0.07767303831821781
2018-11-22,20.8,0.0
2018-11-23,21.52,0.034029748586311026
2018-11-26,18.9,-0.12982081322798678
2018-11-27,19.02,0.006329135051647672
2018-11-28,18.49,-0.028261011718210938
2018-11-29,18.79,0.016094768026340578
2018-11-30,18.07,-0.03907170882123667
2018-12-03,16.44,-0.09453571497610325
2018-12-04,20.74,0.23234681317334704
2018-12-05,20.74,0.0
2018-12-06,21.19,0.021465169478826596
2018-12-07,23.23,0.09191517450211029
2018-12-10,22.64,-0.0257262934473359
2018-12-11,21.76,-0.03964483134723995
2018-12-12,21.46,-0.013882684785189614
2018-12-13,20.65,-0.03847541779551067
2018-12-14,21.63,0.046365920557925655
2018-12-17,24.52,0.12540787110304308
2018-12-18,25.58,0.04232168508268597
2018-12-19,25.58,0.0
2018-12-20,28.38,0.10387387558120009
2018-12-21,30.11,0.05917267076174593
2018-12-24,36.07,0.18060415242180516
2018-12-25,36.07,0.0
2018-12-26,30.41,-0.1706899932261745
2018-12-27,29.96,-0.014908343040254568
2018-12-28,28.34,-0.05558892438648444
2018-12-31,25.42,-0.10873796850122597
2019-01-01,25.42,0.0
2019-01-02,23.22,-0.09052228949156271
2019-01-03,25.45,0.0917017667267861
2019-01-04,21.38,-0.17425983739963247
2019-01-07,21.4,0.0009350164309065434
2019-01-08,20.47,-0.04443052235460776
2019-01-09,19.98,-0.024228626452790447
2019-01-10,19.5,-0.02431730765070661
2019-01-11,18.19,-0.06954247303966987
2019-01-14,19.07,0.0472444270822967
2019-01-15,18.6,-0.02495483889317196
2019-01-16,19.04,0.023380448644063634
2019-01-17,18.06,-0.05284248137437997
2019-01-18,17.8,-0.014501090690799856
2019-01-21,17.8,0.0
2019-01-22,20.8,0.15575452940923284
2019-01-23,19.52,-0.06351340572232589
2019-01-24,18.89,-0.03280689947152826
2019-01-25,17.42,-0.08101371008906133
2019-01-28,18.87,0.07995438795610177
2019-01-29,19.13,0.013684424071702672
2019-01-30,17.66,-0.07995558827634763
2019-01-31,16.57,-0.06370836373734212
2019-02-01,16.14,-0.02629316859666897
2019-02-04,15.73,-0.025730945771616387
2019-02-05,15.57,-0.01022373122427922
2019-02-06,15.38,-0.012278021768409086
2019-02-07,16.37,0.06238242730554555
2019-02-08,15.72,-0.0405166043819829
2019-02-11,15.97,0.015778175225860558
2019-02-12,15.43,-0.034398295851851834
2019-02-13,15.65,0.014157250611092742
2019-02-14,16.22,0.03577413170110466
2019-02-15,14.91,-0.08421291991061963
2019-02-18,14.91,0.0
2019-02-19,14.88,-0.0020140993717010502
2019-02-20,14.02,-0.05953314779850194
2019-02-21,14.46,0.0309013351241747
2019-02-22,13.51,-0.06795606475851157
2019-02-25,14.85,0.09456971327660124
2019-02-26,15.17,0.021319928111732445
2019-02-27,14.7,-0.03147229957575037
2019-02-28,14.78,0.0054274217353649234
2019-03-01,13.57,-0.08541344167327791
2019-03-04,14.63,0.07521274118525545
2019-03-05,14.74,0.007490671729157405
2019-03-06,15.74,0.06564035622806674
2019-03-07,16.59,0.05259486121309598
2019-03-08,16.05,-0.033091254626328226
2019-03-11,14.33,-0.11335360773594427
2019-03-12,13.77,-0.039862929099517164
2019-03-13,13.41,-0.026491615446976535
2019-03-14,13.5,0.006688988150796771
2019-03-15,12.88,-0.04701396476817621
2019-03-18,13.1,0.016936509530898203
2019-03-19,13.56,0.03451205230514365
2019-03-20,13.91,0.025483723423102234
2019-03-21,13.63,-0.020334760226910387
2019-03-22,16.48,0.18987427877288443
2019-03-25,16.33,-0.009143617498951873
2019-03-26,14.68,-0.10651788379600413
2019-03-27,15.15,0.03151450876900874
2019-03-28,14.43,-0.048691159169599096
2019-03-29,13.71,-0.05118387921155598
2019-04-01,13.4,-0.02287078661735764
2019-04-02,13.36,-0.002989538848365836
2019-04-03,13.74,0.02804611868570328
2019-04-04,13.58,-0.011713164663653242
2019-04-05,12.82,-0.05759167063802595
2019-04-08,13.18,0.027694077581837284
2019-04-09,14.28,0.08015942783707697
2019-04-10,13.3,-0.07109592168372991
2019-04-11,13.02,-0.021277398447284934
2019-04-12,12.01,-0.08074700068853113
2019-04-15,12.32,0.02548432201348172
2019-04-16,12.18,-0.011428695823623158
2019-04-17,12.6,0.03390155167568132
2019-04-18,12.09,-0.04131814933073086
2019-04-19,12.09,0.0
2019-04-22,12.42,0.026929411878631626
2019-04-23,12.28,-0.011336153786336567
2019-04-24,13.14,0.06768909033746828
2019-04-25,13.25,0.008336539375766616
2019-04-26,12.73,-0.0400361398629161
2019-04-29,13.11,0.02941388520629351
2019-04-30,13.12,0.0007624857403345509
2019-05-01,14.8,0.12048939725412611
2019-05-02,14.42,-0.026011048913266333
2019-05-03,12.87,-0.11371711024876774
2019-05-06,15.44,0.18206252298859482
2019-05-07,19.32,0.22417928418774213
2019-05-08,19.4,0.00413223728491019
2019-05-09,19.1,-0.015584731016697884
2019-05-10,16.04,-0.1746027326142161
2019-05-13,20.55,0.24777533850387545
2019-05-14,18.06,-0.12916139295340434
2019-05-15,16.44,-0.09398215836080537
2019-05-16,15.29,-0.07251836968706327
2019-05-17,15.96,0.04288657208069191
2019-05-20,16.31,0.021692824611259542
2019-05-21,14.95,-0.0870671167962267
2019-05-22,14.75,-0.013468217050866649
2019-05-23,16.92,0.13725327139224852
2019-05-24,15.85,-0.06532685385478798
2019-05-27,15.85,0.0
2019-05-28,17.5,0.09903138060617911
2019-05-29,17.9,0.022599831917240465
2019-05-30,17.3,-0.03409421134297563
2019-05-31,18.71,0.07835163878226492
2019-06-03,18.86,0.007985136919312907
2019-06-04,16.97,-0.10559619795917641
2019-06-05,16.09,-0.053249118241843085
2019-06-06,15.93,-0.0099938370823347
2019-06-07,16.3,0.022960983890759845
2019-06-10,15.94,-0.02233343445064806
2019-06-11,15.99,0.003131853483794078
2019-06-12,15.91,-0.005015684496167516
2019-06-13,15.82,-0.005672880010187509
2019-06-14,15.28,-0.03473017860113359
2019-06-17,15.35,0.004570690294831703
2019-06-18,15.15,-0.013114942077827596
2019-06-19,14.33,-0.05564529011529773
2019-06-20,14.75,0.028887840945748255
2019-06-21,15.4,0.04312442663375471
2019-06-24,15.26,-0.009132483563272675
2019-06-25,16.28,0.06470233471808351
2019-06-26,16.21,-0.004309024826809615
2019-06-27,15.82,-0.024353373408076973
2019-06-28,15.08,-0.04790559975969799
2019-07-01,14.06,-0.07003547619729078
2019-07-02,12.93,-0.08378369359875304
2019-07-03,12.57,-0.028237170181609983
2019-07-04,12.57,0.0
2019-07-05,13.28,0.054946121446131535
2019-07-08,13.96,0.049936953285938834
2019-07-09,14.09,0.009269228576362476
2019-07-10,13.03,-0.07821093477383512
2019-07-11,12.93,-0.007704198352987746
2019-07-12,12.39,-0.04266049714271514
2019-07-15,12.68,0.023136253368028825
2019-07-16,12.86,0.014095769800393398
2019-07-17,13.97,0.08279045445939737
2019-07-18,13.53,-0.032002731086173686
2019-07-19,14.45,0.06578497237574421
2019-07-22,13.53,-0.06578497237574421
2019-07-23,12.61,-0.07041929220586862
2019-07-24,12.07,-0.043767114867387935
2019-07-25,12.74,0.05402361503457698
2019-07-26,12.16,-0.0465947736059964
2019-07-29,12.83,0.053634302089524244
2019-07-30,13.94,0.08297622670483262
2019-07-31,16.12,0.14529833174610474
2019-08-01,17.87,0.10306259209285429
2019-08-02,17.61,-0.01465640666322221
2019-08-05,24.59,0.3338729337199866
2019-08-06,20.17,-0.19814350426198057
2019-08-07,19.49,-0.034294838446651266
2019-08-08,16.91,-0.1419963506089803
2019-08-09,17.97,0.060798537884978465
2019-08-12,21.09,0.1600952936952158
2019-08-13,17.52,-0.1854559089824379
2019-08-14,22.1,0.23223452301546166
2019-08-15,21.18,-0.04252026835044642
2019-08-16,18.47,-0.13690954596211213
2019-08-19,16.88,-0.09001830504333741
2019-08-20,17.5,0.03607139176165752
2019-08-21,15.8,-0.10219094089654757
2019-08-22,16.68,0.054200456897679494
2019-08-23,19.87,0.17500065963312483
2019-08-26,19.32,-0.028070227779353196
2019-08-27,20.31,0.04997254680792107
2019-08-28,19.35,-0.0484209561165021
2019-08-29,17.88,-0.0790096497304229
2019-08-30,18.98,0.05970302343641354
2019-09-02,18.98,0.0
2019-09-03,19.66,0.03520032153723873
2019-09-04,17.33,-0.12614701099150594
2019-09-05,16.27,-0.06311618249656803
2019-09-06,15.0,-0.08127272012873643
2019-09-09,15.27,0.017839918128331078
2019-09-10,15.2,-0.004594691378310589
2019-09-11,14.61,-0.03958920208962269
2019-09-12,14.22,-0.027056801387513207
2019-09-13,13.74,-0.03433813758089155
2019-09-16,14.67,0.06549330536068743
2019-09-17,14.44,-0.015802458690210575
2019-09-18,13.95,-0.03452262519730542
2019-09-19,14.05,0.007142887512380458
2019-09-20,15.32,0.0865367685326901
2019-09-23,14.91,-0.027127035535797983
2019-09-24,17.05,0.13411807495287853
2019-09-25,15.96,-0.06606461170786293
2019-09-26,16.07,0.006868587727758335
2019-09-27,17.22,0.06911731925016351
2019-09-30,16.24,-0.05859416426605257
2019-10-01,18.56,0.1335313926245223
2019-10-02,20.56,0.1023387132289102
2019-10-03,19.12,-0.07261253296370906
2019-10-04,17.04,-0.115171386222086
2019-10-07,17.86,0.04700005404718377
2019-10-08,20.28,0.1270716032746293
2019-10-09,18.64,-0.08432536946553748
2019-10-10,17.57,-0.05911690705843897
2019-10-11,15.58,-0.12020486175640377
2019-10-14,14.57,-0.0670234202354889
2019-10-15,13.54,-0.07331635272298431
2019-10-16,13.68,0.010286644710275183
2019-10-17,13.79,0.008008779610806371
2019-10-18,14.25,0.032813214909448885
2019-10-21,14.0,-0.017699577099401065
2019-10-22,14.46,0.032328887115360416
2019-10-23,14.01,-0.03161485638170314
2019-10-24,13.71,-0.02164586677469238
2019-10-25,12.65,-0.08046827840069382
2019-10-28,13.11,0.03571808260207909
2019-10-29,13.2,0.0068415318167165395
2019-10-30,12.33,-0.06818151241607229
2019-10-31,13.22,0.06969551724728751
2019-11-01,12.3,-0.07213157204516829
2019-11-04,12.83,0.042186916249173034
2019-11-05,13.1,0.020826051579560634
2019-11-06,12.62,-0.0373293730940385
2019-11-07,12.73,0.00867855545624785
2019-11-08,12.07,-0.05323837745987481
2019-11-11,12.69,0.05009124661685593
2019-11-12,12.68,-0.0007883327172164556
2019-11-13,13.0,0.024923408452456997
2019-11-14,13.05,0.00383877630716567
2019-11-15,12.05,-0.07972347383203848
2019-11-18,12.46,0.03345885342264321
2019-11-19,12.86,0.031598205450166006
2019-11-20,12.78,-0.006240269860084524
2019-11-21,13.13,0.027018239365316443
2019-11-22,12.34,-0.06205366983746341
2019-11-25,11.87,-0.038831809855665256
2019-11-26,11.54,-0.028194947541622994
2019-11-27,11.75,0.01803397951021468
2019-11-28,11.75,0.0
2019-11-29,12.62,0.07142961652289914
2019-12-02,14.91,0.1667492716635799
2019-12-03,15.96,0.0680534632450156
2019-12-04,14.8,-0.07545841125159347
2019-12-05,14.52,-0.01910017137341935
2019-12-06,13.62,-0.0639877086752838
2019-12-09,15.86,0.1522609154853356
2019-12-10,15.68,-0.01141420128444004
2019-12-11,14.99,-0.04500270280775531
2019-12-12,13.94,-0.07262090678212862
2019-12-13,12.63,-0.09868746896997793
2019-12-16,12.14,-0.03956915073104739
2019-12-17,12.29,0.012280137946591108
2019-12-18,12.58,0.023322327694351053
2019-12-19,12.5,-0.006379606964038942
2019-12-20,12.51,0.0007996801705640877
2019-12-23,12.61,0.007961825498008501
2019-12-24,12.67,0.004746844356219526
2019-12-25,12.67,0.0
2019-12-26,12.65,-0.0015797791595182353
2019-12-27,13.43,0.059833795361616815
2019-12-30,14.82,0.09848660933279474
2019-12-31,13.78,-0.07275935428242875
2020-01-01,13.78,0.0
2020-01-02,12.47,-0.09989250589356713
2020-01-03,14.02,0.11715912191449895
2020-01-06,13.85,-0.012199648973096444
2020-01-07,13.79,-0.0043415408281370915
2020-01-08,13.45,-0.02496458575736238
2020-01-09,12.54,-0.07005557084307368
2020-01-10,12.56,0.0015936258352780008
2020-01-13,12.32,-0.01929320293467862
2020-01-14,12.39,0.005665737535677007
2020-01-15,12.42,0.0024183808642819216
2020-01-16,12.32,-0.008084118399958928
2020-01-17,12.1,-0.018018505502678472
2020-01-20,12.1,0.0
2020-01-21,12.85,0.06013835873853335
2020-01-22,12.91,0.0046583935173223345
2020-01-23,12.98,0.005407506417392849
2020-01-24,14.56,0.11486833149259601
2020-01-27,18.23,0.22479054592203163
2020-01-28,16.28,-0.11313122811617715
2020-01-29,16.39,0.006734032181344052
2020-01-30,15.49,-0.05647673832696132
2020-01-31,18.84,0.19578761471943995
2020-02-03,17.97,-0.047278568352749684
2020-02-04,16.05,-0.11299485121944253
2020-02-05,15.15,-0.05770831762064654
2020-02-06,14.96,-0.01262055940904716
2020-02-07,15.47,0.033522692038643775
2020-02-10,15.04,-0.028189346063281384
2020-02-11,15.18,0.009265453445790328
2020-02-12,13.74,-0.09966748517328083
2020-02-13,14.15,0.02940333729504374
2020-02-14,13.68,-0.033779711894842634
2020-02-17,13.68,0.0
2020-02-18,14.83,0.08071724395543667
2020-02-19,14.38,-0.030813803856940325
2020-02-20,15.56,0.0788651664573452
2020-02-21,17.08,0.09320466961017804
2020-02-24,25.03,0.3821669170832589
2020-02-25,27.85,0.10675786092961026
2020-02-26,27.56,-0.010467520227835259
2020-02-27,39.16,0.35129037151685205
2020-02-28,40.11,0.023969862119651797
2020-03-02,33.42,-0.1824711566147137
2020-03-03,36.82,0.09688665263768392
2020-03-04,31.99,-0.14061782184350502
2020-03-05,39.62,0.213910687308978
2020-03-06,41.94,0.05690598420336901
2020-03-09,54.46,0.2612264617718396
2020-03-10,47.3,-0.14095619174772622
2020-03-11,53.9,0.13062018241706408
2020-03-12,75.47,0.33660474838182575
2020-03-13,57.83,-0.2662275541266501
2020-03-16,82.69,0.35759100356394846
2020-03-17,75.91,-0.08555024770539887
2020-03-18,76.45,0.007088504346395297
2020-03-19,72.0,-0.05997081335901644
2020-03-20,66.04,-0.08640549996412794
2020-03-23,61.59,-0.06976109935297536
2020-03-24,61.67,0.001298069304449534
2020-03-25,63.95,0.03630393902145013
2020-03-26,61.0,-0.047227663851540314
2020-03-27,65.54,0.07178677909735764
2020-03-30,57.08,-0.13820685066203353
2020-03-31,53.54,-0.0640247545164292
2020-04-01,57.06,0.06367430769314764
2020-04-02,50.91,-0.11404397787110954
2020-04-03,46.8,-0.08417616499064318
2020-04-06,45.24,-0.03390155167568132
2020-04-07,46.7,0.031762513426931704
2020-04-08,43.35,-0.07443746144830055
2020-04-09,41.67,-0.03952525779218874
2020-04-10,41.67,0.0
2020-04-13,41.17,-0.012071609652549053
2020-04-14,37.76,-0.0864594945045134
2020-04-15,40.84,0.07841165201916489
2020-04-16,40.11,-0.01803631351450319
2020-04-17,38.15,-0.050099922051495493
2020-04-20,43.83,0.13879275670025182
2020-04-21,45.41,0.03541383067914161
2020-04-22,41.98,-0.07853903071737278
2020-04-23,41.38,-0.014395642075089476
2020-04-24,35.93,-0.14122507119197003
2020-04-27,33.29,-0.07631554953849351
2020-04-28,33.57,0.008375759405010008
2020-04-29,31.23,-0.07225363969695664
2020-04-30,34.15,0.08938341472181177
2020-05-01,37.19,0.0852773219201799
2020-05-04,35.97,-0.03335465022944639
2020-05-05,33.61,-0.06786161597051787
2020-05-06,34.12,0.015060080886463822
2020-05-07,31.44,-0.08180275506247225
2020-05-08,27.98,-0.11659099832367081
2020-05-11,27.57,-0.014761744201629678
2020-05-12,33.04,0.18099072361707158
2020-05-13,35.28,0.06559728248581331
2020-05-14,32.61,-0.07869724133736256
2020-05-15,31.89,-0.022326508779261456
2020-05-18,29.3,-0.08470496499894464
2020-05-19,30.53,0.04112229072376472
2020-05-20,27.99,-0.08686250321942435
2020-05-21,29.53,0.05355939222846917
2020-05-22,28.16,-0.04750416446598971
2020-05-25,28.16,0.0
2020-05-26,28.01,-0.005340942017824535
2020-05-27,27.62,-0.014021441290871017
2020-05-28,28.59,0.03451685835307439
2020-05-29,27.51,-0.03850743139773716
2020-06-01,28.23,0.025835667328914624
2020-06-02,26.84,-0.05049193016191689
2020-06-03,25.66,-0.04495995291599053
2020-06-04,25.81,0.005828654543031941
2020-06-05,24.52,-0.05127290266251183
2020-06-08,25.81,0.05127290266251183
2020-06-09,27.57,0.0659662113051831
2020-06-10,27.57,0.0
2020-06-11,40.79,0.3917087282937617
2020-06-12,36.09,-0.12242113467477012
2020-06-15,34.4,-0.04795925427534442
2020-06-16,33.67,-0.021449331206369493
2020-06-17,33.47,-0.005957717949748087
2020-06-18,32.94,-0.015961790473741022
2020-06-19,35.12,0.06408304401742182
2020-06-22,31.77,-0.10024832048549115
2020-06-23,31.37,-0.012670426078837949
2020-06-24,33.84,0.07579151253543603
2020-06-25,32.22,-0.049056156989194744
2020-06-26,34.73,0.07501648900715452
2020-06-29,31.78,-0.08876670564741262
2020-06-30,30.43,-0.043408197199690246
2020-07-01,28.62,-0.06132318978057505
2020-07-02,27.68,-0.03339564337883605
2020-07-03,27.68,0.0
2020-07-06,27.94,0.009349223079347269
2020-07-07,29.43,0.05195520841656531
2020-07-08,28.08,-0.046956983087770965
2020-07-09,29.26,0.04116381643436817
2020-07-10,27.29,-0.06970106087173145
2020-07-13,32.19,0.16513551059046971
2020-07-14,29.52,-0.08658784557844479
2020-07-15,27.76,-0.06147186409366823
2020-07-16,28.0,0.008608374536600127
2020-07-17,25.68,-0.08649203135344319
2020-07-20,24.46,-0.0486733485627342
2020-07-21,24.84,0.015416126806251373
2020-07-22,24.32,-0.02115619996731155
2020-07-23,26.08,0.06986967996048588
2020-07-24,25.84,-0.009245058144050855
2020-07-27,24.74,-0.04350231195005927
2020-07-28,25.44,0.02790137150757932
2020-07-29,24.1,-0.05411089797531199
2020-07-30,24.76,0.027017607319786308
2020-07-31,24.46,-0.012190317557369212
2020-08-03,24.28,-0.007386164067729073
2020-08-04,23.76,-0.021649471696853162
2020-08-05,22.99,-0.03294415571935394
2020-08-06,22.65,-0.01489948684604725
2020-08-07,22.21,-0.019617214022706886
2020-08-10,22.13,-0.003608483843377641
2020-08-11,24.03,0.08236889568541894
2020-08-12,22.28,-0.07561363468929416
2020-08-13,22.13,-0.006755260996124779
2020-08-14,22.05,-0.0036215521701032927
2020-08-17,21.35,-0.032260862218221664
2020-08-18,21.51,0.007466203605005273
2020-08-19,22.54,0.046773565331991396
2020-08-20,22.72,0.007954085241320463
2020-08-21,22.54,-0.007954085241320463
2020-08-24,22.37,-0.007570733109591998
2020-08-25,22.03,-0.015315614687786194
2020-08-26,23.27,0.05475981649994832
2020-08-27,24.47,0.05028290014037973
2020-08-28,22.96,-0.06369430600321424
2020-08-31,26.41,0.13998915485767505
2020-09-01,26.12,-0.011041421900810366
2020-09-02,26.57,0.017081455363491482
2020-09-03,33.6,0.23474330719743675
2020-09-04,30.75,-0.08863607271663199
2020-09-07,30.75,0.0
2020-09-08,31.46,0.022826903377604957
2020-09-09,28.81,-0.08799434853369448
2020-09-10,29.71,0.030761140378078977
2020-09-11,26.87,-0.10047326684711644
2020-09-14,25.85,-0.03869982167296149
2020-09-15,25.59,-0.010108950782740767
2020-09-16,26.04,0.017432167168670798
2020-09-17,26.46,0.01600034134644135
2020-09-18,25.83,-0.02409755157906046
2020-09-21,27.78,0.07277973021844852
2020-09-22,26.86,-0.03367814623110599
2020-09-23,28.58,0.06206898140662975
2020-09-24,28.51,-0.002452269577140953
2020-09-25,26.38,-0.07764875563541196
2020-09-28,26.19,-0.007228488769547958
2020-09-29,26.27,0.003049945177827862
2020-09-30,26.37,0.0037993966677469793
2020-10-01,26.7,0.012436565041008318
2020-10-02,27.63,0.0342385735291213
2020-10-05,27.96,0.011872778430284558
2020-10-06,29.48,0.05293714995552623
2020-10-07,28.06,-0.049366992646821206
2020-10-08,26.36,-0.062497365040008024
2020-10-09,25.0,-0.05297188476610604
2020-10-12,25.07,0.0027960873020016486
2020-10-13,26.07,0.03911331577520816
2020-10-14,26.4,0.01257878220686015
2020-10-15,26.97,0.021361126999368096
2020-10-16,27.41,0.01618277316305594
2020-10-19,29.18,0.06257563277994516
2020-10-20,29.35,0.005809003179465755
2020-10-21,28.65,-0.024139103113356875
2020-10-22,28.11,-0.01902805824230791
2020-10-23,27.55,-0.020122849319517133
2020-10-26,32.46,0.1640060264875216
2020-10-27,33.35,0.027049210275187807
2020-10-28,40.28,0.1887972954887287
2020-10-29,37.59,-0.06911701027427508
2020-10-30,38.02,0.01137427948419667
2020-11-02,37.13,-0.02368706887129468
2020-11-03,35.55,-0.04348511193973881
2020-11-04,29.57,-0.18417982238486408
2020-11-05,27.58,-0.06966946149923015
2020-11-06,24.86,-0.10383078628259046
2020-11-09,25.75,0.035174541027179984
2020-11-10,24.8,-0.0375909739388085
2020-11-11,23.45,-0.05597315827864824
2020-11-12,25.35,0.07790823514490386
2020-11-13,23.1,-0.0929461125094444
2020-11-16,22.45,-0.028542003339484534
2020-11-17,22.71,0.011514741929203876
2020-11-18,23.84,0.04855948607968186
2020-11-19,23.11,-0.03109941791085946
2020-11-20,23.7,0.02520962385479608
2020-11-23,22.66,-0.04487379254122548
2020-11-24,21.64,-0.04605780162157913
2020-11-25,21.25,-0.01818655860785512
2020-11-26,21.25,0.0
2020-11-27,20.84,-0.01948267848525953
2020-11-30,20.57,-0.013040513220300642
2020-12-01,20.77,0.00967593422315538
2020-12-02,21.17,0.019075447258752654
2020-12-03,21.28,0.005182579326669767
2020-12-04,20.79,-0.023295562603522058
2020-12-07,21.3,0.024234970845458115
2020-12-08,20.68,-0.029540023075151023
2020-12-09,22.27,0.07407343162904789
2020-12-10,22.52,0.01116332200221315
2020-12-11,23.31,0.034478649776175985
2020-12-14,24.72,0.058730179541824246
2020-12-15,22.89,-0.07691249862501426
2020-12-16,22.5,-0.017184824754101324
2020-12-17,21.93,-0.025659746780577475
2020-12-18,21.57,-0.016552102028731586
2020-12-21,25.16,0.15395197143117478
2020-12-22,24.23,-0.03766389700380568
2020-12-23,23.31,-0.038709081780768706
2020-12-24,21.53,-0.07943514167139387
2020-12-25,21.53,0.0
2020-12-28,21.7,0.007864949170142133
2020-12-29,23.08,0.06165418109348497
2020-12-30,22.77,-0.01352256156425069
2020-12-31,22.75,-0.0008787346786887085
2021-01-01,22.75,0.0
2021-01-04,26.97,0.17015999175467922
2021-01-05,25.34,-0.062340962258645494
2021-01-06,25.07,-0.01071226272279091
2021-01-07,22.37,-0.11395113666816403
2021-01-08,21.56,-0.036881029461242054
2021-01-11,24.08,0.1105418743998241
2021-01-12,23.33,-0.03164153440728157
2021-01-13,22.21,-0.04919744812700255
2021-01-14,23.25,0.045762494127029374
2021-01-15,24.34,0.045815955526015806
2021-01-18,24.34,0.0
2021-01-19,23.24,-0.04624615557567102
2021-01-20,21.58,-0.07410797215372167
2021-01-21,21.32,-0.012121360532344916
2021-01-22,21.91,0.027297554309731353
2021-01-25,23.19,0.05677799766006553
2021-01-26,23.02,-0.007357747973704143
2021-01-27,37.21,0.48021413906479493
2021-01-28,30.21,-0.20840454695995092
2021-01-29,33.09,0.09105812653494061
2021-02-01,30.24,-0.09006557062218867
2021-02-02,25.56,-0.16813692180199835
2021-02-03,22.91,-0.10945513304392973
2021-02-04,21.77,-0.05104062121894826
2021-02-05,20.87,-0.04222015415734681
2021-02-08,21.24,0.017573475284628604
2021-02-09,21.63,0.018195043591229698
2021-02-10,21.99,0.01650656460170241
2021-02-11,21.25,-0.03423090919624405
2021-02-12,19.97,-0.06212574794270198
2021-02-15,19.97,0.0
2021-02-16,21.46,0.07195958977482864
2021-02-17,21.5,0.0018621979310644576
2021-02-18,22.49,0.04501783083760724
2021-02-19,22.05,-0.019758164078369056
2021-02-22,23.45,0.06155789299943315
2021-02-23,23.11,-0.014605070605998804
2021-02-24,21.34,-0.07968217841268244
2021-02-25,28.89,0.3029122686045369
2021-02-26,27.95,-0.03307831487703572
2021-03-01,23.35,-0.17982021548620208
2021-03-02,24.1,0.03161485638170314
2021-03-03,26.67,0.10132749769731353
2021-03-04,28.57,0.06881787804875872
2021-03-05,24.66,-0.14717471850648334
2021-03-08,25.47,0.032318791255167234
2021-03-09,24.03,-0.05819823924298806
2021-03-10,22.56,-0.06312462311851919
2021-03-11,21.91,-0.029235273022483188
2021-03-12,20.69,-0.05729266184992321
2021-03-15,20.03,-0.032419342079724967
2021-03-16,19.79,-0.012054390063252374
2021-03-17,19.23,-0.02870520001378596
2021-03-18,21.58,0.11529540022930007
2021-03-19,20.95,-0.029628313461842026
2021-03-22,18.88,-0.10403548565079213
2021-03-23,20.3,0.07251772533038725
2021-03-24,21.2,0.04338029563022516
2021-03-25,19.81,-0.0678143209675075
2021-03-26,18.86,-0.049143583505148136
2021-03-29,20.74,0.0950209255960699
2021-03-30,19.61,-0.05602456259312616
2021-03-31,19.4,-0.01076657413897264
2021-04-01,17.33,-0.11283396234176779
2021-04-02,17.33,0.0
2021-04-05,17.91,0.032920112345105945
2021-04-06,18.12,0.011657084542212814
2021-04-07,17.16,-0.05443520655501688
2021-04-08,16.95,-0.012313260233357326
2021-04-09,16.69,-0.015458096152715317
2021-04-12,16.91,0.013095425236745228
2021-04-13,16.65,-0.015494946484036376
2021-04-14,16.99,0.020214719257388047
2021-04-15,16.57,-0.02503110424536903
2021-04-16,16.25,-0.019500922662725184
2021-04-19,17.29,0.06203539091945265
2021-04-20,18.68,0.07732513310549738
2021-04-21,17.5,-0.06525255187122792
2021-04-22,18.71,0.06685725935652975
2021-04-23,17.33,-0.07661903655848379
2021-04-26,17.64,0.01772994685113094
2021-04-27,17.56,-0.004545462371674969
2021-04-28,17.28,-0.01607382483106079
2021-04-29,17.61,0.01891715913220482
2021-04-30,18.61,0.055232148146044935
2021-05-03,18.31,-0.016251711967740334
2021-05-04,19.48,0.061940939527969974
2021-05-05,19.15,-0.017085582587734294
2021-05-06,18.39,-0.040495677010425
2021-05-07,16.69,-0.09699730094248604
2021-05-10,19.66,0.1637763770452767
2021-05-11,21.84,0.10515703615768368
2021-05-12,27.59,0.2337102373524904
2021-05-13,23.13,-0.1763229119858467
2021-05-14,18.81,-0.2067418329304087
2021-05-17,19.72,0.04724470586155016
2021-05-18,21.34,0.07894989669911778
2021-05-19,22.18,0.038607736048613894
2021-05-20,20.67,-0.07050760822854407
2021-05-21,20.15,-0.025479085300985194
2021-05-24,18.4,-0.09085362377775175
2021-05-25,18.84,0.023631604533277173
2021-05-26,17.36,-0.08181355991601302
2021-05-27,16.74,-0.036367644170875124
2021-05-28,16.76,0.0011940299926078701
2021-05-31,16.76,0.0
2021-06-01,17.9,0.06580561779277216
2021-06-02,17.48,-0.02374334261931965
2021-06-03,18.04,0.03153414440708824
2021-06-04,16.42,-0.09409141061019533
2021-06-07,16.42,0.0
2021-06-08,17.07,0.03882243278206676
2021-06-09,17.89,0.046919360714278824
2021-06-10,16.1,-0.10542262553021065
2021-06-11,15.65,-0.028348355004255144
2021-06-14,16.39,0.04620047576957642
2021-06-15,17.02,0.03771773038948956
2021-06-16,18.15,0.06428143756563154
2021-06-17,17.75,-0.022285044789434938
2021-06-18,20.7,0.15374818434989868
2021-06-21,17.89,-0.14589180275069547
2021-06-22,16.66,-0.0712312607819312
2021-06-23,16.32,-0.02061928720273576
2021-06-24,15.97,-0.021679387309039733
2021-06-25,15.62,-0.022159817815381455
2021-06-28,15.76,0.00892294001819316
2021-06-29,16.02,0.016362857210480364
2021-06-30,15.83,-0.011931067747292357
2021-07-01,15.48,-0.022358005731339947
2021-07-02,15.07,-0.026842855523177
2021-07-05,15.07,0.0
2021-07-06,16.44,0.08701137698963013
2021-07-07,16.2,-0.01470614738969589
2021-07-08,19.0,0.15942773692810208
2021-07-09,16.18,-0.1606630675360945
2021-07-12,16.17,-0.0006182380413299882
2021-07-13,17.12,0.05708969712458023
2021-07-14,16.33,-0.047243463731222235
2021-07-15,17.01,0.040797499425396566
2021-07-16,18.45,0.08126296407876588
2021-07-19,22.5,0.198450938723838
2021-07-20,19.73,-0.13137498917585022
2021-07-21,17.91,-0.09678110396190354
2021-07-22,17.69,-0.012359707900926331
2021-07-23,17.2,-0.02809012435228686
2021-07-26,17.58,0.02185250843762354
2021-07-27,19.36,0.0964471895914003
2021-07-28,18.31,-0.055761723162012
2021-07-29,17.7,-0.03388271910663576
2021-07-30,18.24,0.030052345066402086
2021-08-02,19.46,0.06474409211167353
2021-08-03,18.04,-0.07576956212338137
2021-08-04,17.97,-0.003887813839010157
2021-08-05,17.28,-0.03915393741955775
2021-08-06,16.15,-0.06762971370724413
2021-08-09,16.72,0.03468555798788975
2021-08-10,16.79,0.004177863432893947
2021-08-11,16.06,-0.04445176257083361
2021-08-12,15.59,-0.029702025448930414
2021-08-13,15.45,-0.00902067972593068
2021-08-16,16.12,0.04245173373472788
2021-08-17,17.91,0.10529847899413802
2021-08-18,21.57,0.1859442443284447
2021-08-19,21.67,0.004625355147202637
2021-08-20,18.56,-0.15492008819021352
2021-08-23,17.15,-0.07901055374610566
2021-08-24,17.22,0.00407332538763594
2021-08-25,16.79,-0.02528802791013529
2021-08-26,18.84,0.11519879805876787
2021-08-27,16.39,-0.13931087639247863
2021-08-30,16.19,-0.012277625066194453
2021-08-31,16.48,0.017753756791781594
2021-09-01,16.11,-0.022707327292442514
2021-09-02,16.41,0.018450707913116204
2021-09-03,16.41,0.0
2021-09-06,16.41,0.0
2021-09-07,18.14,0.10022853958499134
2021-09-08,17.96,-0.009972381812937137
2021-09-09,18.8,0.04570980696185023
2021-09-10,20.95,0.1082817765322428
2021-09-13,19.37,-0.078413168949242
2021-09-14,19.46,0.00463559933895441
2021-09-15,18.18,-0.06803898800852615
2021-09-16,18.69,0.027666532718138903
2021-09-17,20.81,0.10744501893807135
2021-09-20,25.71,0.2114463808722551
2021-09-21,24.36,-0.05393757843610203
2021-09-22,20.87,-0.15462972175258693
2021-09-23,18.63,-0.11353953647561221
2021-09-24,17.75,-0.04838766869207234
2021-09-27,18.76,0.05534142765665395
2021-09-28,23.25,0.21457818845528687
2021-09-29,22.56,-0.03012670540350726
2021-09-30,23.14,0.025384295135672197
2021-10-01,21.15,-0.08992281627324372
2021-10-04,22.96,0.0821136659590791
2021-10-05,21.3,-0.07504649873598623
2021-10-06,21.0,-0.014184634991956546
2021-10-07,19.54,-0.07205879110878621
2021-10-08,18.77,-0.04020379601621915
2021-10-11,20.0,0.0634724229555732
2021-10-12,19.85,-0.007528266420791407
2021-10-13,18.64,-0.06289419787575445
2021-10-14,16.86,-0.10036585668373554
2021-10-15,16.3,-0.03377884476099258
2021-10-18,16.31,0.0006133088202053827
2021-10-19,15.7,-0.038117704278660014
2021-10-20,15.49,-0.013466057925485053
2021-10-21,15.01,-0.031478008783406786
2021-10-22,15.43,0.02759702072969894
2021-10-25,15.24,-0.01239011611656915
2021-10-26,15.98,0.04741439007962844
2021-10-27,16.98,0.06069824054507267
2021-10-28,16.53,-0.026859269050268253
2021-10-29,16.26,-0.01646880771326842
2021-11-01,16.41,0.009182800982334705
2021-11-02,16.03,-0.02342893848053773
2021-11-03,15.1,-0.059767222800582775
2021-11-04,15.44,0.02226680077575116
2021-11-05,16.48,0.06518597988469566
2021-11-08,17.22,0.04392397451825891
2021-11-09,17.78,0.03200273108617413
2021-11-10,18.73,0.0520522863702384
2021-11-11,17.66,-0.058824321280183334
2021-11-12,16.29,-0.08075077256185992
2021-11-15,16.49,0.01220271395755379
2021-11-16,16.37,-0.007303745188464106
2021-11-17,17.11,0.044212696521058525
2021-11-18,17.59,0.027667470845364583
2021-11-19,17.91,0.01802865732315384
2021-11-22,19.17,0.06798734098493275
2021-11-23,19.38,0.010895049405066803
2021-11-24,18.58,-0.04215587307692781
2021-11-25,18.58,0.0
2021-11-26,28.62,0.43202004074261247
2021-11-29,22.96,-0.2203522026769389
2021-11-30,27.19,0.1690956871930136
2021-12-01,31.12,0.13500144066581132
2021-12-02,27.95,-0.10743349970908245
2021-12-03,30.67,0.09286777852505201
2021-12-06,27.18,-0.12080356940316284
2021-12-07,21.89,-0.21645149718822587
2021-12-08,19.9,-0.09531017980432477
2021-12-09,21.58,0.08104722809954179
2021-12-10,18.69,-0.14377833836251686
2021-12-13,20.31,0.08312475412482145
2021-12-14,21.89,0.07491653594247838
2021-12-15,19.29,-0.12644308461713383
2021-12-16,20.57,0.06424687674722795
2021-12-17,21.57,0.047469756736199464
2021-12-20,22.87,0.05852254763362463
2021-12-21,21.01,-0.0848274931777806
2021-12-22,18.63,-0.1202253302434122
2021-12-23,17.96,-0.03662612173944346
2021-12-24,17.96,0.0
2021-12-27,17.68,-0.015713005664556245
2021-12-28,17.54,-0.00795007026546024
2021-12-29,16.95,-0.034216153117577974
2021-12-30,17.33,0.022171269901055446
2021-12-31,17.22,-0.006367604727929965
2022-01-03,16.6,-0.0366688036370868
2022-01-04,16.91,0.01850246754799123
2022-01-05,19.73,0.15423515712403502
2022-01-06,19.61,-0.006100679826269051
2022-01-07,18.76,-0.04431269663017634
2022-01-10,19.4,0.0335461224912037
2022-01-11,18.41,-0.05237907082429594
2022-01-12,17.62,-0.043859374736952894
2022-01-13,20.31,0.1420787550842597
2022-01-14,19.19,-0.05672406557268461
2022-01-17,19.19,0.0
2022-01-18,22.79,0.1719325332379844
2022-01-19,23.85,0.04546237407675724
2022-01-20,25.59,0.07041743283734725
2022-01-21,28.85,0.11990834278241103
2022-01-24,29.9,0.035748487442532006
2022-01-25,31.16,0.041276740605907136
2022-01-26,31.96,0.025349899895526384
2022-01-27,30.49,-0.04708635989791077
2022-01-28,27.66,-0.09741143476355107
2022-01-31,24.83,-0.10793472671653692
2022-02-01,21.96,-0.12282998287874536
2022-02-02,22.09,0.0059024007906960385
2022-02-03,24.35,0.09740683209657286
2022-02-04,23.22,-0.04751787325885326
2022-02-07,22.86,-0.015625317903081193
2022-02-08,21.44,-0.064130322164063
2022-02-09,19.96,-0.07152806531928357
2022-02-10,23.91,0.18056651058691564
2022-02-11,27.36,0.1347853112841162
2022-02-14,28.33,0.03483922108807569
2022-02-15,25.7,-0.09743032194125112
2022-02-16,24.29,-0.056426248887093244
2022-02-17,28.11,0.14606064190435974
2022-02-18,27.75,-0.012889544725997126
2022-02-21,27.75,0.0
2022-02-22,28.81,0.03748670890399364
2022-02-23,31.02,0.0739096086519555
2022-02-24,30.32,-0.022824596974221567
2022-02-25,27.59,-0.09435417254497658
2022-02-28,30.15,0.08873153494399988
2022-03-01,33.32,0.09997289412544763
2022-03-02,30.74,-0.08059307918819236
2022-03-03,30.48,-0.008494007292004113
2022-03-04,31.98,0.0480399765873627
2022-03-07,36.45,0.1308307510488591
2022-03-08,35.13,-0.03688599217693156
2022-03-09,32.45,-0.07935502312763676
2022-03-10,30.23,-0.07086563435873217
2022-03-11,30.75,0.017055185461159805
2022-03-14,31.77,0.03263245402889803
2022-03-15,29.83,-0.0630078497547677
2022-03-16,26.67,-0.1119752603327342
2022-03-17,25.67,-0.03821634331087376
2022-03-18,23.87,-0.0727005545323105
2022-03-21,23.53,-0.014346237611467583
2022-03-22,22.94,-0.02539409103804635
2022-03-23,23.57,0.027092605246815005
2022-03-24,21.67,-0.08404590139977186
2022-03-25,20.81,-0.040495175142724715
2022-03-28,19.63,-0.05837463211717342
2022-03-29,18.9,-0.03789708622277299
2022-03-30,19.33,0.02249637115464287
2022-03-31,20.56,0.06168914736672493
2022-04-01,19.63,-0.046288432298594806
2022-04-04,18.57,-0.05551163292375527
2022-04-05,21.03,0.12440261434999389
2022-04-06,22.1,0.04962761880909872
2022-04-07,21.55,-0.025201791973950005
2022-04-08,21.16,-0.01826320955965821
2022-04-11,24.37,0.14124026064701622
2022-04-12,24.26,-0.0045239641212107
2022-04-13,21.82,-0.10600192311097967
2022-04-14,22.7,0.039537944082432386
2022-04-15,22.7,0.0
2022-04-18,22.17,-0.023624900859136932
2022-04-19,21.37,-0.036751954297163714
2022-04-20,20.32,-0.0503824466207754
2022-04-21,22.68,0.10987785614927015
2022-04-22,28.21,0.21819304615435398
2022-04-25,27.02,-0.043099192481852455
2022-04-26,33.52,0.2155649430818296
2022-04-27,31.6,-0.05898515502101587
2022-04-28,29.99,-0.05229312783194873
2022-04-29,33.4,0.10769190722173683
2022-05-02,32.34,-0.03225104583369376
2022-05-03,29.25,-0.10042528047109522
2022-05-04,25.42,-0.14034330791655725
2022-05-05,31.2,0.20488182905412833
2022-05-06,30.19,-0.0329073510966893
2022-05-09,34.75,0.14066882829205385
2022-05-10,32.99,-0.05197508677031104
2022-05-11,32.56,-0.013119944106150694
2022-05-12,31.77,-0.024562092852914663
2022-05-13,28.87,-0.09571945460658116
2022-05-16,27.47,-0.04970849356766127
2022-05-17,26.1,-0.05115918577853451
2022-05-18,30.96,0.17076073439287853
2022-05-19,29.35,-0.05340350244742087
2022-05-20,29.43,0.0027220159712757486
2022-05-23,28.48,-0.03281247570160639
2022-05-24,29.45,0.033491823553820854
2022-05-25,28.37,-0.03736166127683571
2022-05-26,27.5,-0.031146244148234192
2022-05-27,25.72,-0.06691710530310724
2022-05-30,26.54,0.03138412953464309
2022-05-31,26.19,-0.013275370384441043
2022-06-01,25.69,-0.019275847397828283
2022-06-02,24.72,-0.03848917853230249
2022-06-03,24.79,0.0028277134576093488
2022-06-06,25.07,0.011231566123103054
2022-06-07,24.02,-0.042785095518364624
2022-06-08,23.96,-0.0025010434045888985
2022-06-09,26.09,0.08516632590138817
2022-06-10,27.75,0.061683741043806695
2022-06-13,34.02,0.20371274677527218
2022-06-14,32.69,-0.0398793662315966
2022-06-15,29.62,-0.0986194118964665
2022-06-16,32.95,0.10654145210886368
2022-06-17,31.13,-0.05681927649499974
2022-06-20,31.03,-0.003217505993227565
2022-06-21,30.19,-0.027443734741541714
2022-06-22,28.95,-0.041940539699742985
2022-06-23,29.05,0.003448279278916111
2022-06-24,27.23,-0.064699176612252
2022-06-27,26.95,-0.010336009330662144
2022-06-28,28.36,0.050996404308920606
2022-06-29,28.16,-0.007077170374085284
2022-06-30,28.71,0.019342962843130973
2022-07-01,26.7,-0.07258192872676883
2022-07-04,27.53,0.030612753748312294
2022-07-05,27.54,0.0003631741459928506
2022-07-06,26.73,-0.029852963149681333
2022-07-07,26.08,-0.02461779309237544
2022-07-08,24.64,-0.05679759839313325
2022-07-11,26.17,0.06024257787673548
2022-07-12,27.29,0.041906618178192634
2022-07-13,26.82,-0.017372456866714625
2022-07-14,26.4,-0.015783867701261833
2022-07-15,24.23,-0.08577247532383625
2022-07-18,25.3,0.043212860905040174
2022-07-19,24.5,-0.03213127818279293
2022-07-20,23.88,-0.02563182902628025
2022-07-21,23.11,-0.03277586423811174
2022-07-22,23.03,-0.0034677104536955383
2022-07-25,23.36,0.014227444127432154
2022-07-26,24.69,0.05537314539706184
2022-07-27,23.24,-0.06052337137337771
2022-07-28,22.33,-0.0399438661316438
2022-07-29,21.33,-0.0458165333688072
2022-08-01,22.84,0.06839885230455023
2022-08-02,23.93,0.04661951713247259
2022-08-03,21.95,-0.08636576239910188
2022-08-04,21.44,-0.023508803318578853
2022-08-05,21.15,-0.013618430710314655
2022-08-08,21.29,0.006597573413101188
2022-08-09,21.77,0.02229539634106814
2022-08-10,19.74,-0.09788584124112054
2022-08-11,20.2,0.02303557040182369
2022-08-12,19.53,-0.03373085951857169
2022-08-15,19.95,0.021277398447284934
2022-08-16,19.69,-0.013118250684838184
2022-08-17,19.9,0.010608839079412569
2022-08-18,19.56,-0.01723306712377548
2022-08-19,20.6,0.05180441118886403
2022-08-22,23.8,0.14439450488189376
2022-08-23,24.11,0.012941111515650583
2022-08-24,22.82,-0.05498934775915032
2022-08-25,21.78,-0.04664522692911488
2022-08-26,25.56,0.16003651200451952
2022-08-29,26.21,0.02511238782598113
2022-08-30,26.21,0.0
2022-08-31,25.87,-0.0130570211373775
2022-09-01,25.56,-0.01205536668860363
2022-09-02,25.47,-0.003527340517968547
2022-09-05,25.99,0.020210559662033223
2022-09-06,26.91,0.03478611608541593
2022-09-07,24.64,-0.08812682607349576
2022-09-08,23.61,-0.042700787567897525
2022-09-09,22.79,-0.03534850783982835
2022-09-12,23.87,0.0463005970931456
2022-09-13,27.27,0.1331647565067584
2022-09-14,26.16,-0.041555670268499156
2022-09-15,26.27,0.004196077108450602
2022-09-16,26.3,0.0011413354862703784
2022-09-19,25.76,-0.02074603794756591
2022-09-20,27.16,0.05292240145434235
2022-09-21,27.99,0.03010200083686687
2022-09-22,27.35,-0.023130774659371856
2022-09-23,29.92,0.08981062423828634
2022-09-26,32.26,0.07530091959078611
2022-09-27,32.6,0.010484215675599096
2022-09-28,30.18,-0.07713283503295898
2022-09-29,31.84,0.053543907636479204
2022-09-30,31.62,-0.006933529194856014
2022-10-03,30.1,-0.0492646600264961
2022-10-04,29.07,-0.034818457184045304
2022-10-05,28.55,-0.01804977846876543
2022-10-06,30.52,0.06672527031423714
2022-10-07,31.36,0.027150989065950704
2022-10-10,32.45,0.03416724766789203
2022-10-11,33.63,0.03571808260207909
2022-10-12,33.57,-0.0017857147602344803
2022-10-13,31.94,-0.049773668205077115
2022-10-14,32.02,0.002501564781701937
2022-10-17,31.37,-0.020508685365981716
2022-10-18,30.5,-0.02812533858922084
2022-10-19,30.76,0.00848846102407741
2022-10-20,29.98,-0.025684651962991634
2022-10-21,29.69,-0.009720203898783364
2022-10-24,29.85,0.005374551062942601
2022-10-25,28.46,-0.0476852471769047
2022-10-26,27.28,-0.04234575968644494
2022-10-27,27.39,0.00402415029972536
2022-10-28,25.75,-0.061743356165241625
2022-10-31,25.88,0.005035842522954859
2022-11-01,25.81,-0.002708455902177498
2022-11-02,25.86,0.001935359613189025
2022-11-03,25.3,-0.021892977610237008
2022-11-04,24.55,-0.030092541492944935
2022-11-07,24.35,-0.0081800047119307
2022-11-08,25.54,0.0477140010757946
2022-11-09,26.09,0.021306248544243456
2022-11-10,23.53,-0.10327589640936585
2022-11-11,22.52,-0.04387239946778143
2022-11-14,23.73,0.05233626717618245
2022-11-15,24.54,0.03356436883509328
2022-11-16,24.11,-0.017677747089685614
2022-11-17,23.93,-0.007493790272797618
2022-11-18,23.12,-0.03443485811610536
2022-11-21,22.36,-0.03342439551727816
2022-11-22,21.29,-0.049036169381510675
2022-11-23,20.35,-0.04515656701678372
2022-11-24,20.42,0.0034339008479156163
2022-11-25,20.5,0.0039100734078427735
2022-11-28,22.21,0.08011775176197355
2022-11-29,21.89,-0.014512726371564533
2022-11-30,20.58,-0.06171018112886806
2022-12-01,19.84,-0.036619628549176664
2022-12-02,19.06,-0.040108203630671024
2022-12-05,20.75,0.08495434845065164
2022-12-06,22.17,0.06619377695151263
2022-12-07,22.68,0.022743455231331033
2022-12-08,22.29,-0.01734533146177375
2022-12-09,22.83,0.023937313143926886
2022-12-12,25.0,0.0908003643264963
2022-12-13,22.55,-0.10314075891951324
2022-12-14,21.14,-0.06456808550659554
2022-12-15,22.83,0.07690848009961249
2022-12-16,22.62,-0.009240989853729786
2022-12-19,22.42,-0.008881053043960474
2022-12-20,21.48,-0.042831148003350084
2022-12-21,20.07,-0.06789610683241731
2022-12-22,21.97,0.09045172358827225
2022-12-23,20.87,-0.051365165307409644
2022-12-26,20.87,0.0
2022-12-27,21.65,0.03669273335938961
2022-12-28,22.14,0.02238047283199185
2022-12-29,21.44,-0.03212759107788932
2022-12-30,21.67,0.01067047934566645
2023-01-02,21.67,0.0
2023-01-03,22.9,0.05520809501192625
2023-01-04,22.01,-0.03964001502182368
2023-01-05,22.46,0.020239053771926585
2023-01-06,21.13,-0.061042117682331476
2023-01-09,21.97,0.03898405476855338
2023-01-10,20.58,-0.06535815599061534
2023-01-11,21.09,0.02447926408477974
2023-01-12,18.83,-0.1133476518216221
2023-01-13,18.35,-0.025821768168481807
2023-01-16,19.49,0.06027193901888994
2023-01-17,19.36,-0.006692431671038168
2023-01-18,20.34,0.04938030877198285
2023-01-19,20.52,0.008810629682154847
2023-01-20,19.85,-0.033196013169369376
2023-01-23,19.81,-0.0020171464227400904
2023-01-24,19.2,-0.031276581676723314
2023-01-25,19.08,-0.006269613013595521
2023-01-26,18.73,-0.018514149564143434
2023-01-27,18.51,-0.011815389870590831
2023-01-30,19.94,0.07441663794828601
2023-01-31,19.4,-0.027454698464409955
2023-02-01,17.87,-0.08214973689794558
2023-02-02,18.73,0.04700318728466035
2023-02-03,18.33,-0.021587454604383716
2023-02-06,19.43,0.05827920153773514
2023-02-07,18.66,-0.040436067970150535
2023-02-08,19.63,0.050676812869171695
2023-02-09,20.71,0.05355766711912313
2023-02-10,20.53,-0.008729444376650353
2023-02-13,20.34,-0.00929784041042847
2023-02-14,18.91,-0.07289850795004771
2023-02-15,18.23,-0.03662229397979466
2023-02-16,20.17,0.10112776327554895
2023-02-17,20.02,-0.0074645780790461025
2023-02-20,21.23,0.058683501828090456
2023-02-21,22.87,0.07441073231952489
2023-02-22,22.29,-0.02568786063691242
2023-02-23,21.14,-0.0529711669556856
2023-02-24,21.67,0.024761835106176022
2023-02-27,20.95,-0.03379016918012123
2023-02-28,20.7,-0.012004946096823232
2023-03-01,20.58,-0.005813969865419821
2023-03-02,19.59,-0.04930049844945428
2023-03-03,18.49,-0.05778918655741583
2023-03-06,18.61,0.0064690252551260485
2023-03-07,19.59,0.05132016130228978
2023-03-08,19.11,-0.02480747370426739
2023-03-09,22.61,0.16818052803769667
2023-03-10,24.8,0.09245136688105804
2023-03-13,26.52,0.06705551214672534
2023-03-14,23.73,-0.11115909486998987
2023-03-15,26.14,0.09672663774840373
2023-03-16,22.99,-0.12840736942098552
2023-03-17,25.51,0.10401119337862985
2023-03-20,24.15,-0.05478615205513826
2023-03-21,21.38,-0.12182847450168266
2023-03-22,22.26,0.04033544025049984
2023-03-23,22.61,0.015600940442479505
2023-03-24,21.74,-0.03923840459681527
2023-03-27,20.6,-0.0538628058975279
2023-03-28,19.97,-0.031059928367811462
2023-03-29,19.12,-0.043496239804468484
2023-03-30,19.02,-0.005243850506011061
2023-03-31,18.7,-0.016967533256703415
2023-04-03,18.55,-0.008053734807096813
2023-04-04,19.0,0.02396919011299614
2023-04-05,19.08,0.004201686853700259
2023-04-06,18.4,-0.036290001405200556
2023-04-07,18.4,0.0
2023-04-10,18.97,0.03050811933198272
2023-04-11,19.1,0.006829551105661746
2023-04-12,19.09,-0.0005236973149282953
2023-04-13,17.8,-0.06996618043961655
2023-04-14,17.07,-0.04187592049169053
2023-04-17,16.95,-0.007054702979889971
2023-04-18,16.83,-0.007104825623744482
2023-04-19,16.46,-0.022229812953790784
2023-04-20,17.17,0.04223047966046023
2023-04-21,16.77,-0.023572099074266717
2023-04-24,16.89,0.007130154984591464
2023-04-25,18.76,0.10500521275836983
2023-04-26,18.84,0.004255325570138524
2023-04-27,17.03,-0.10100577447362014
2023-04-28,15.78,-0.07623317925686868
2023-05-01,16.08,0.018832948333091792
2023-05-02,17.78,0.10049796633493857
2023-05-03,18.34,0.031010236742559982
2023-05-04,20.09,0.09113771199852438
2023-05-05,17.19,-0.15589435943208496
2023-05-08,16.98,-0.01229163851155679
2023-05-09,17.71,0.042093270911541136
2023-05-10,16.94,-0.04445176257083405
2023-05-11,16.93,-0.0005904930788642737
2023-05-12,17.03,0.005889298529552889
2023-05-15,17.12,0.005270876038999006
2023-05-16,17.99,0.04956867724884573
2023-05-17,16.87,-0.06427915140456486
2023-05-18,16.05,-0.04982804698185195
2023-05-19,16.81,0.04626509784449917
2023-05-22,17.21,0.02351666280292397
2023-05-23,18.53,0.07390043007382019
2023-05-24,20.03,0.0778401093804586
2023-05-25,19.14,-0.04545076365291845
2023-05-26,17.95,-0.06419027109052067
2023-05-29,17.46,-0.027677564522831766
2023-05-30,17.46,0.0
2023-05-31,17.94,0.027120306219194035
2023-06-01,15.65,-0.13656193964448793
2023-06-02,14.6,-0.06944938827187119
2023-06-05,14.73,0.008864701760248117
2023-06-06,13.96,-0.05369013314031257
2023-06-07,13.94,-0.0014336920018487298
2023-06-08,13.65,-0.021022883701408812
2023-06-09,13.83,0.013100624045697895
2023-06-12,15.01,0.08187649996870361
2023-06-13,14.61,-0.027010419882762537
2023-06-14,13.88,-0.051257270683949585
2023-06-15,14.5,0.043699694347870466
2023-06-16,13.54,-0.06850038194239971
2023-06-19,14.19,0.046889223687822223
2023-06-20,13.88,-0.022088536093292976
2023-06-21,13.2,-0.05023212548633316
2023-06-22,12.91,-0.022214624733774002
2023-06-23,13.44,0.040233130236452475
2023-06-26,14.25,0.05852157161965588
2023-06-27,13.74,-0.03644561992045636
2023-06-28,13.43,-0.022820276259056804
2023-06-29,13.54,0.008157256948982727
2023-06-30,13.59,0.003685960678923461
2023-07-03,13.57,-0.0014727543162749157
2023-07-04,13.7,0.009534358987301594
2023-07-05,14.18,0.034436688269902316
2023-07-06,15.44,0.0851290234926485
2023-07-07,14.83,-0.04030938844678911
2023-07-10,15.07,0.016053856488563056
2023-07-11,14.84,-0.01537977489916953
2023-07-12,13.54,-0.09167797025510538
2023-07-13,13.61,0.005156549179245573
2023-07-14,13.34,-0.02003777617589675
2023-07-17,13.48,0.010440064996683152
2023-07-18,13.3,-0.01344307025645275
2023-07-19,13.76,0.03400179727748931
2023-07-20,13.99,0.016576956172192236
2023-07-21,13.6,-0.02827299593538335
2023-07-24,13.91,0.022538213193345147
2023-07-25,13.86,-0.00360101217359432
2023-07-26,13.19,-0.04954802703253414
2023-07-27,14.41,0.08846344328220779
2023-07-28,13.33,-0.07790527582081364
2023-07-31,13.63,0.022256111517823918
2023-08-01,13.93,0.021771542083273143
2023-08-02,16.09,0.14415317321257737
2023-08-03,15.92,-0.01062178058805463
2023-08-04,17.1,0.07150228309237727
2023-08-07,15.77,-0.0809690625336672
2023-08-08,15.99,0.013854125870915723
2023-08-09,15.96,-0.001877934824200178
2023-08-10,15.85,-0.006916091698373261
2023-08-11,14.84,-0.06584326258405504
2023-08-14,14.82,-0.0013486178712933672
2023-08-15,16.46,0.10495557538098277
2023-08-16,16.78,0.019254505790136545
2023-08-17,17.89,0.06405419648156752
2023-08-18,17.3,-0.03353539601689448
2023-08-21,17.13,-0.00987518916770469
2023-08-22,16.97,-0.00938423308989389
2023-08-23,15.98,-0.06010913890800618
2023-08-24,17.2,0.07357144348127864
2023-08-25,15.68,-0.09252336889714563
2023-08-28,15.08,-0.039016652342451774
2023-08-29,14.45,-0.04267494802136884
2023-08-30,13.88,-0.04024545947978275
2023-08-31,13.57,-0.0225874812318807
2023-09-01,13.09,-0.03601289392496909
2023-09-04,13.82,0.05426823841771533
2023-09-05,14.01,0.013654542009391868
2023-09-06,14.45,0.030923054209525347
2023-09-07,14.4,-0.003466207976486224
2023-09-08,13.84,-0.039665256392431125
2023-09-11,13.8,-0.0028943580263645075
2023-09-12,14.23,0.030683819938601697
2023-09-13,13.48,-0.054145306617599864
2023-09-14,12.82,-0.05020065399163709
2023-09-15,13.79,0.07293724031268667
2023-09-18,14.0,0.01511363781004782
2023-09-19,14.11,0.00782643624946422
2023-09-20,15.14,0.07045648214458033
2023-09-21,17.54,0.1471437389347341
2023-09-22,17.2,-0.019574603124629775
2023-09-25,16.9,-0.017595761890379702
2023-09-26,18.94,0.11396246582890468
2023-09-27,18.22,-0.03875619592612001
2023-09-28,17.34,-0.04950392047941632
2023-09-29,17.52,0.010327114155849415
2023-10-02,17.61,0.00512383699986918
2023-10-03,19.78,0.11620440368645157
2023-10-04,18.58,-0.06258559280887388
2023-10-05,18.49,-0.004855687986658808
2023-10-06,17.45,-0.05789039675059726
2023-10-09,17.7,0.014224990931347214
2023-10-10,17.03,-0.03858814490518636
2023-10-11,16.09,-0.056778533670305276
2023-10-12,16.69,0.036611776669452034
2023-10-13,19.32,0.14633109111062836
2023-10-16,17.21,-0.11565021856092406
2023-10-17,17.88,0.03819215952192012
2023-10-18,19.22,0.07226863379677839
2023-10-19,21.4,0.10743951848565914
2023-10-20,21.71,0.014382061862394657
2023-10-23,20.37,-0.0637097536514859
2023-10-24,18.97,-0.07120444629179179
2023-10-25,20.19,0.06232864837782337
2023-10-26,20.68,0.023979617315482482
2023-10-27,21.27,0.028130579571917114
2023-10-30,19.75,-0.07414413786501495
2023-10-31,18.14,-0.08503404666014003
2023-11-01,16.87,-0.0725825481291138
2023-11-02,15.66,-0.07442720599522001
2023-11-03,14.91,-0.04907756178600975
2023-11-06,14.89,-0.0013422820807296176
2023-11-07,14.81,-0.00538721841621026
2023-11-08,14.45,-0.024608213721266203
2023-11-09,15.29,0.05650460538252977
2023-11-10,14.17,-0.07607196623838153
2023-11-13,14.76,0.04079376546973723
2023-11-14,14.16,-0.04149973090675285
2023-11-15,14.18,0.0014114328384078334
2023-11-16,14.32,0.009824640428518272
2023-11-17,13.8,-0.036988569369340585
2023-11-20,13.41,-0.02866789486957222
2023-11-21,13.35,-0.004484312447328609
2023-11-22,12.85,-0.03817257350502956
2023-11-23,12.8,-0.0038986404156573506
2023-11-24,12.46,-0.0269216575662643
2023-11-27,12.69,0.018290768366989063
2023-11-28,12.69,0.0
2023-11-29,12.98,0.022595429549647772
2023-11-30,12.92,-0.004633212921488106
2023-12-01,12.63,-0.022701561992056085
2023-12-04,13.08,0.03500940966665267
2023-12-05,12.85,-0.01774053468782366
2023-12-06,12.97,0.009295186987123838
2023-12-07,13.06,0.006915125519932452
2023-12-08,12.35,-0.05589806077429893
2023-12-11,12.63,0.022418873288413632
2023-12-12,12.07,-0.045351901252959514
2023-12-13,12.19,0.009892908383740018
2023-12-14,12.48,0.0235114194481012
2023-12-15,12.28,-0.01615544022228521
2023-12-18,12.56,0.02254523832105626
2023-12-19,12.53,-0.0023913921320755094
2023-12-20,13.67,0.08707788182788123
2023-12-21,13.65,-0.0014641291048893557
2023-12-22,13.03,-0.0464851304942151
2023-12-25,13.03,0.0
2023-12-26,12.99,-0.0030745604542454785
2023-12-27,12.43,-0.04406692515988864
2023-12-28,12.47,0.0032128541693254853
2023-12-29,12.45,-0.0016051367812286443
2024-01-01,12.45,0.0
2024-01-02,13.2,0.0584962066816086
2024-01-03,14.04,0.06169356900533973
2024-01-04,14.13,0.006389798098771493
2024-01-05,13.35,-0.056783811850178
2024-01-08,13.08,-0.0204320388172059
2024-01-09,12.76,-0.024769068112408643
2024-01-10,12.69,-0.005500996190347607
2024-01-11,12.44,-0.01989719441526283
2024-01-12,12.7,0.020684906153512372
2024-01-15,13.25,0.04239555896768543
2024-01-16,13.84,0.04356539775729251
2024-01-17,14.79,0.06638832653318483
2024-01-18,14.13,-0.04565108002627216
2024-01-19,13.3,-0.06053616146872809
2024-01-22,13.19,-0.008305068498485113
2024-01-23,12.55,-0.049738301151430075
2024-01-24,13.14,0.045940347478671484
2024-01-25,13.45,0.023318092991383654
2024-01-26,13.26,-0.014227121290131706
2024-01-29,13.6,0.025317807984289953
2024-01-30,13.31,-0.02155416033498625
2024-01-31,14.35,0.0752343097986099
2024-02-01,13.88,-0.033300987126971826
2024-02-02,13.85,-0.0021637224453106008
2024-02-05,13.67,-0.013081581897489425
2024-02-06,13.06,-0.04564952688757318
2024-02-07,12.83,-0.01776794522073999
2024-02-08,12.79,-0.003122563036793924
2024-02-09,12.93,0.01088657719301489
2024-02-12,13.93,0.0744945950079483
2024-02-13,15.85,0.1291247125315751
2024-02-14,14.38,-0.09733114803038889
2024-02-15,14.01,-0.026066991943984874
2024-02-16,14.24,0.016283545634914187
2024-02-19,14.71,0.032472628629516276
2024-02-20,15.42,0.04713783352183709
2024-02-21,15.34,-0.005201572196073201
2024-02-22,14.54,-0.05356032383373677
2024-02-23,13.75,-0.05586464799279289
2024-02-26,13.74,-0.0007275373183772693
2024-02-27,13.43,-0.022820276259056804
2024-02-28,13.84,0.030071939654377378
2024-02-29,13.4,-0.03230824323265802
2024-03-01,13.11,-0.02187940918125708
2024-03-04,13.49,0.028573372444055778
2024-03-05,14.46,0.06943754651095446
2024-03-06,14.5,0.002762432695909922
2024-03-07,14.44,-0.004146515961848785
2024-03-08,14.74,0.020562753296510472
2024-03-11,15.22,0.03204546567234923
2024-03-12,13.84,-0.09504740224401598
2024-03-13,13.75,-0.006524126076943304
2024-03-14,14.4,0.04618938246937443
2024-03-15,14.41,0.0006942034294761257
2024-03-18,14.33,-0.0055671681713502785
2024-03-19,13.82,-0.03623842350055684
2024-03-20,13.04,-0.0580952618410171
2024-03-21,12.92,-0.009245058144050855
2024-03-22,13.06,0.010777625493829213
2024-03-25,13.19,0.00990484288093807
2024-03-26,13.24,0.003783583779639166
2024-03-27,12.78,-0.035361101559473695
2024-03-28,13.01,0.017836843575025352
2024-03-29,13.01,0.0
2024-04-01,13.65,0.04802122910655493
2024-04-02,14.61,0.06796670413163897
2024-04-03,14.33,-0.01935098392252721
2024-04-04,16.35,0.13187265550318195
2024-04-05,16.03,-0.019765930721800995
2024-04-08,15.19,-0.05382465001378023
2024-04-09,14.98,-0.013921338518608106
2024-04-10,15.8,0.05329396194384772
2024-04-11,14.91,-0.05797781125627388
2024-04-12,17.31,0.1492522404114709
2024-04-15,19.23,0.10518719041257052
2024-04-16,18.4,-0.04412089498574856
2024-04-17,18.21,-0.01037977087542341
2024-04-18,18.0,-0.011599135843352038
2024-04-19,18.71,0.038686382389833796
2024-04-22,16.94,-0.09938045106208993
2024-04-23,15.69,-0.07665412247896741
2024-04-24,15.97,0.0176883954819802
2024-04-25,15.37,-0.03829440467641687
2024-04-26,15.03,-0.022369353785621104
2024-04-29,14.67,-0.024243611609992666
2024-04-30,15.65,0.06466632483127155
2024-05-01,15.39,-0.016752969135374052
2024-05-02,14.68,-0.04723192466441839
2024-05-03,13.49,-0.08453735296670528
2024-05-06,13.49,0.0
2024-05-07,13.23,-0.01946169209280013
2024-05-08,13.0,-0.01753762066532749
2024-05-09,12.69,-0.02413507573524054
2024-05-10,12.55,-0.011093616148503127
2024-05-13,13.6,0.08034912716421339
2024-05-14,13.42,-0.013323661198470838
2024-05-15,12.45,-0.0750255086328191
2024-05-16,12.42,-0.0024125464053836865
2024-05-17,11.99,-0.035235107465910076
2024-05-20,12.15,0.013256200747134628
2024-05-21,11.86,-0.02415777621697801
2024-05-22,12.29,0.03561453000836412
2024-05-23,12.77,0.03831274646650451
2024-05-24,11.93,-0.0680424339346235
2024-05-27,12.36,0.03540921591972035
2024-05-28,12.92,0.04431104632491101
2024-05-29,14.28,0.10008345855698231
2024-05-30,14.47,0.013217583731954363
2024-05-31,12.92,-0.11330104228893667
2024-06-03,13.11,0.01459879942115272
2024-06-04,13.16,0.0038066281215627384
2024-06-05,12.63,-0.04110698953477154
2024-06-06,12.58,-0.003966685090105226
2024-06-07,12.22,-0.029034297528845343
2024-06-10,12.74,0.04167269640056803
2024-06-11,12.85,0.008597161197211545
2024-06-12,12.04,-0.06510937146055396
2024-06-13,11.94,-0.008340331916218968
2024-06-14,12.66,0.058553308751574384
2024-06-17,12.75,0.007083854888404684
2024-06-18,12.3,-0.03593200922606288
2024-06-19,12.48,0.01452810056290943
2024-06-20,13.28,0.06213178110700612
2024-06-21,13.2,-0.006042314455962483
2024-06-24,13.33,0.009800304598292175
2024-06-25,12.84,-0.03745183592880208
2024-06-26,12.55,-0.022844632684022148
2024-06-27,12.24,-0.02501138849361295
2024-06-28,12.44,0.016207810226853248
2024-07-01,12.22,-0.017843133567584157
2024-07-02,12.03,-0.015670423756861673
2024-07-03,12.09,0.0049751346401136765
2024-07-04,12.26,0.013963265881363984
2024-07-05,12.48,0.017785432433216286
2024-07-08,12.37,-0.008853176536884888
2024-07-09,12.51,0.011254138074423103
2024-07-10,12.85,0.026815486862409088
2024-07-11,12.92,0.005432687013227078
2024-07-12,12.46,-0.03625298499514873
2024-07-15,13.12,0.051614270156636
2024-07-16,13.19,0.005321183213280012
2024-07-17,14.48,0.09330942022834732
2024-07-18,15.93,0.09543573696438656
2024-07-19,16.52,0.036367644170875124
2024-07-22,14.91,-0.10253963931618504
2024-07-23,14.72,-0.012825015475916857
2024-07-24,18.04,0.20338440133374736
2024-07-25,18.46,0.023014714440228623
2024-07-26,16.39,-0.11893483631896773
2024-07-29,16.6,0.012731302606759254
2024-07-30,17.69,0.06359681280919638
2024-07-31,16.36,-0.07816017699709299
2024-08-01,18.59,0.12778447055875164
2024-08-02,23.39,0.22968477886273497
2024-08-05,38.57,0.5001661916240487
2024-08-06,27.71,-0.33068141334524936
2024-08-07,27.85,0.005039607498405818
2024-08-08,23.79,-0.15756764205842666
2024-08-09,20.37,-0.15520209407615182
2024-08-12,20.71,0.016553445168778325
2024-08-13,18.12,-0.13360037479265952
2024-08-14,16.19,-0.11262253292528923
2024-08-15,15.23,-0.06112660078247378
2024-08-16,14.8,-0.028639986137001028
2024-08-19,14.65,-0.010186845306992875
2024-08-20,15.88,0.08062012035591337
2024-08-21,16.27,0.024262465411956757
2024-08-22,17.55,0.07573102868092851
2024-08-23,15.86,-0.10125373370517332
2024-08-26,16.15,0.018119833461963886
2024-08-27,15.43,-0.04560638329359623
2024-08-28,17.11,0.1033494215290327
2024-08-29,15.65,-0.08919217091793996
2024-08-30,15.0,-0.04242071588395202
2024-09-02,15.55,0.03601043752303301
2024-09-03,20.72,0.2870387787660391
2024-09-04,21.32,0.02854618190636149
2024-09-05,19.9,-0.06892586756719687
2024-09-06,22.38,0.11744797115333228
2024-09-09,19.45,-0.1403206328193236
2024-09-10,19.08,-0.01920640404431495
2024-09-11,17.69,-0.07564115784844638
2024-09-12,17.07,-0.03567697136534509
2024-09-13,16.56,-0.03033238784923542
2024-09-16,17.14,0.03442476421251994
2024-09-17,17.61,0.027052009338480953
2024-09-18,18.23,0.03460166618245708
2024-09-19,16.33,-0.11006468170819783
2024-09-20,16.15,-0.0110838573137082
2024-09-23,15.89,-0.01623006912004099
2024-09-24,15.39,-0.03197203269783655
2024-09-25,15.41,0.0012987014812364528
2024-09-26,15.37,-0.0025990917815201797
2024-09-27,16.96,0.09844007281325284
2024-09-30,16.73,-0.013654115365024477
2024-10-01,19.26,0.1408268913712467
2024-10-02,18.9,-0.018868484304382704
2024-10-03,20.49,0.08077504018521164
2024-10-04,19.21,-0.06450598547034314
2024-10-07,22.64,0.16428727655451691
2024-10-08,21.42,-0.055393188315379316
2024-10-09,20.86,-0.026491615446976535
2024-10-10,20.93,0.0033500868852822663
2024-10-11,20.46,-0.02271177593442797
2024-10-14,19.7,-0.03785312477953795
2024-10-15,20.64,0.046612304869419585
2024-10-16,19.58,-0.052722303510997826
2024-10-17,19.11,-0.0242968788501825
2024-10-18,18.03,-0.05817472103695609
2024-10-21,18.37,0.018681862011808548
2024-10-22,18.2,-0.009297305144284618
2024-10-23,19.24,0.055569851154810834
2024-10-24,19.08,-0.008350779217420001
2024-10-25,20.33,0.0634569616201146
2024-10-28,19.8,-0.026415689939765397
2024-10-29,19.34,-0.02350644767534149
2024-10-30,20.35,0.050905421863455924
2024-10-31,23.16,0.12934574081619044
2024-11-01,21.88,-0.05685367515101403
2024-11-04,21.98,0.00455997142169462
2024-11-05,20.49,-0.07019598672466687
2024-11-06,16.27,-0.23061404101986183
2024-11-07,15.2,-0.06802749337871594
2024-11-08,14.94,-0.01725324814755913
2024-11-11,14.97,0.002006018726865566
2024-11-12,14.71,-0.01752066381819084
2024-11-13,14.02,-0.048042653006902025
2024-11-14,14.31,0.02047371196191561
2024-11-15,16.14,0.12034206927344293
2024-11-18,15.58,-0.03531262239920041
2024-11-19,16.35,0.04823985690066035
2024-11-20,17.16,0.0483531967165538
2024-11-21,16.87,-0.01704419750193953
2024-11-22,15.24,-0.10161334629937668
2024-11-25,14.6,-0.0429020215442093
2024-11-26,14.1,-0.03484673133016836
2024-11-27,14.1,0.0
2024-11-28,13.9,-0.0142859572474765
2024-11-29,13.51,-0.02845868816453878
2024-12-02,13.34,-0.012663111484629397
2024-12-03,13.3,-0.0030030052597695978
2024-12-04,13.45,0.01121507082013995
2024-12-05,13.54,0.006669161436280824
2024-12-06,12.77,-0.05854959743968102
2024-12-09,14.19,0.10543882112750325
2024-12-10,14.18,-0.0007049700679697679
2024-12-11,13.58,-0.04323439897343162
2024-12-12,13.92,0.024728532775723622
2024-12-13,13.81,-0.007933687485072838
2024-12-16,14.69,0.0617740227645851
2024-12-17,15.87,0.0772635443525318
2024-12-18,27.62,0.5541096134428285
2024-12-19,24.09,-0.13674333135436623
2024-12-20,18.36,-0.27162243143443554
2024-12-23,16.78,-0.08998668415328392
2024-12-24,14.27,-0.16202826955031524
2024-12-25,14.27,0.0
2024-12-26,14.73,0.03172679898579389
2024-12-27,15.95,0.0795725987563145
2024-12-30,17.4,0.08701137698962969
2024-12-31,17.35,-0.002877699827614766
2025-01-01,17.35,0.0
2025-01-02,17.93,0.03288278122417321
2025-01-03,16.13,-0.10579439547992431
2025-01-06,16.04,-0.005595289698749006
2025-01-07,17.82,0.10523581960429507
2025-01-08,17.7,-0.006756782462880029
2025-01-09,18.07,0.020688465024353953
2025-01-10,19.54,0.07821054201049948
2025-01-13,19.19,-0.018074336595028218
2025-01-14,18.71,-0.02533116973361027
2025-01-15,16.12,-0.14899740320751587
2025-01-16,16.6,0.029341958284015313
2025-01-17,15.97,-0.03869073313557658
2025-01-20,15.81,-0.010069311005540538
2025-01-21,15.06,-0.048600428849633115
2025-01-22,15.1,0.0026525214491313065
2025-01-23,15.02,-0.005312097484890366
2025-01-24,14.85,-0.01138278108727997
2025-01-27,17.9,0.18680084759800053
2025-01-28,16.41,-0.08690980774470969
2025-01-29,16.56,0.009099243855114292
2025-01-30,15.84,-0.04445176257083405
2025-01-31,16.43,0.0365705456628973
2025-02-03,18.62,0.12512733979974433
2025-02-04,17.21,-0.07874566162547314
2025-02-05,15.77,-0.0873812092485009
2025-02-06,15.5,-0.017269377049746293
2025-02-07,16.54,0.06494166567034432
2025-02-10,15.81,-0.04513903837416455
2025-02-11,16.02,0.013195290418832606
2025-02-12,15.89,-0.008147961091588662
