Date,gold_return_next
2015-01-02,1.5092769320457444
2015-01-05,1.2791780132704655
2015-01-06,-0.7135301315331799
2015-01-07,-0.18172403900885703
2015-01-08,0.6289287845407499
2015-01-09,1.3733512476870935
2015-01-12,0.12980430920994657
2015-01-13,0.00809977979279175
2015-01-14,2.4546278482289408
2015-01-15,0.9646614780749241
2015-01-16,1.3548380003948202
2015-01-20,-0.03863390657272703
2015-01-21,0.54108373380235
2015-01-22,-0.6227397470600193
2015-01-23,-1.021193828035738
2015-01-26,0.9613824076207589
2015-01-27,-0.44901501719115666
2015-01-28,-2.434096604235414
2015-01-29,1.9049916211659745
2015-01-30,-0.17990213751466477
2015-02-02,-1.292900848714873
2015-02-03,0.325482084240436
2015-02-04,-0.1424314573966079
2015-02-05,-2.22662247115194
2015-02-06,0.559204496112975
2015-02-09,-0.7414629980774468
2015-02-10,-1.0230574728570474
2015-02-11,0.09023589712366942
2015-02-12,0.5245491797497115
2015-02-13,-1.5002058225896842
2015-02-17,-0.695308714826226
2015-02-18,0.616822932003469
2015-02-19,-0.22367253968044176
2015-02-20,-0.34041643165294566
2015-02-23,-0.2832645401774303
2015-02-24,0.3425495448498017
2015-02-25,0.7160679089040389
2015-02-26,0.24801587802172342
2015-02-27,-0.40409240579893924
2015-03-02,-0.3063634446854757
2015-03-03,-0.282394054324131
2015-03-04,-0.391466872184576
2015-03-05,-2.6590892364690477
2015-03-06,0.19758172634332105
2015-03-09,-0.5401276317093529
2015-03-10,-0.8102770978263951
2015-03-11,0.12166720026682842
2015-03-12,0.04339901142222935
2015-03-13,0.06073861331044039
2015-03-16,-0.4335385232212996
2015-03-17,0.2699621574606015
2015-03-18,1.5372547156998984
2015-03-19,1.3429196450302605
2015-03-20,0.2700836461848599
2015-03-23,0.3114437013362892
2015-03-24,0.46992513935602
2015-03-25,0.6514596541983497
2015-03-26,-0.4397914584004181
2015-03-27,-1.2502083171817557
2015-03-30,-0.1434903082481287
2015-03-31,2.1130927661137555
2015-04-01,-0.5959731245241517
2015-04-02,1.4738904831408384
2015-04-06,-0.6564910684618508
2015-04-07,-0.6195275195152727
2015-04-08,-0.7896268134635509
2015-04-09,0.9215817882871624
2015-04-10,-0.4399740050828549
2015-04-13,-0.5419828012473871
2015-04-14,0.7293721341160575
2015-04-15,-0.29130253849355414
2015-04-16,0.40901706294345086
2015-04-17,-0.7814468553728138
2015-04-20,0.7876015428623706
2015-04-21,-1.3301188523787477
2015-04-22,0.631898209261772
2015-04-23,-1.6075077737549903
2015-04-24,2.3910907780611668
2015-04-27,0.8892172141350407
2015-04-28,-0.34595973409184966
2015-04-29,-2.2648390897821113
2015-04-30,-0.6681346626305595
2015-05-01,1.047258308056609
2015-05-04,0.5392570003741826
2015-05-05,-0.24303574106769865
2015-05-06,-0.6637002511963419
2015-05-07,0.5666399723896376
2015-05-08,-0.49617563999656555
2015-05-11,0.7944578094980947
2015-05-12,2.163344738913753
2015-05-13,0.5745239543446523
2015-05-14,0.008158608123531863
2015-05-15,0.18768248291514134
2015-05-18,-1.702233554560495
2015-05-19,0.1657138088940746
2015-05-20,-0.37223921822493455
2015-05-21,-0.008300862164645206
2015-05-22,-1.419920033457578
2015-05-26,-0.10949518289057325
2015-05-27,0.1855089911952712
2015-05-28,0.1094225111387459
2015-05-29,-0.09248155064394137
2015-06-01,0.4880860489345551
2015-06-02,-0.7872058124320791
2015-06-03,-0.8272074923375006
2015-06-04,-0.604304658983934
2015-06-05,0.4623995648200818
2015-06-08,0.3494798693227441
2015-06-09,0.7474667793118561
2015-06-10,-0.5227174183872862
2015-06-11,-0.09322616858862265
2015-06-12,0.5514081889003819
2015-06-15,-0.4049648722170174
2015-06-16,-0.3473083935567556
2015-06-17,2.133625898081659
2015-06-18,0.0
2015-06-19,-1.4814855454119868
2015-06-22,-0.6336065142669711
2015-06-23,-0.306068333224363
2015-06-24,-0.09380655030184482
2015-06-25,0.11950699223750583
2015-06-26,0.47744696643987616
2015-06-29,-0.5939753924480318
2015-06-30,-0.21340162185232714
2015-07-01,-0.5132591958939225
2015-07-02,0.8512488748119162
2015-07-06,-1.7478045505405326
2015-07-07,0.9458542331778119
2015-07-08,-0.3696422803778576
2015-07-09,-0.11216987300474157
2015-07-10,-0.21594541810849854
2015-07-13,-0.1644652375394129
2015-07-14,-0.5289254658792708
2015-07-15,-0.2963652796774463
2015-07-16,-1.0491344192802399
2015-07-17,-2.2177148412600656
2015-07-20,-0.29817718472999744
2015-07-21,-1.0875475561433312
2015-07-22,0.2382238892960853
2015-07-23,-0.7678267288905416
2015-07-24,1.0040553296972288
2015-07-27,-0.018235400991795103
2015-07-28,-0.32838616217323313
2015-07-29,-0.39351395167548375
2015-07-30,0.597206895828517
2015-07-31,-0.5023289686145849
2015-08-03,0.11932501640172788
2015-08-04,-0.45842121791862533
2015-08-05,0.4144791565241279
2015-08-06,0.357734781575636
2015-08-07,0.9231309579847524
2015-08-10,0.30791745738207865
2015-08-11,1.4084485310398076
2015-08-12,-0.6677350717630426
2015-08-13,-0.25095696695797143
2015-08-14,0.5121709989067469
2015-08-17,-0.13409619459487931
2015-08-18,0.9846925289055175
2015-08-19,2.2072533421631624
2015-08-20,0.5724176570631068
2015-08-21,-0.5346629270789882
2015-08-24,-1.3178492214710347
2015-08-25,-1.1948669978359416
2015-08-26,-0.19562077357584418
2015-08-27,0.9533099553753921
2015-08-28,-0.13238019877498397
2015-08-31,0.6274280434003243
2015-09-01,-0.544476283282036
2015-09-02,-0.7770462541390688
2015-09-03,-0.2758721830240063
2015-09-04,-0.017843224721691975
2015-09-08,-1.6244263518028434
2015-09-09,0.662316199557389
2015-09-10,-0.540784136998651
2015-09-11,0.38060273419799895
2015-09-14,-0.4423492425513098
2015-09-15,1.4871147640206583
2015-09-16,-0.16975539909206416
2015-09-17,1.8616240802663997
2015-09-18,-0.43932871516193517
2015-09-21,-0.7148509187593022
2015-09-22,0.5866644965277779
2015-09-23,1.961830480836868
2015-09-24,-0.6760312444125116
2015-09-25,-1.221640488656195
2015-09-28,-0.43286434753202485
2015-09-29,-1.0291878127232756
2015-09-30,-0.11654404555132558
2015-10-01,2.0552885853187375
2015-10-02,0.08794301481580558
2015-10-05,0.7644383998610005
2015-10-06,0.1918338924141949
2015-10-07,-0.37424271785247987
2015-10-08,1.0133745218015022
2015-10-09,0.7437494787493337
2015-10-12,0.07726194481927351
2015-10-13,1.2266191592792408
2015-10-14,0.6609650868141248
2015-10-15,-0.3619874349481522
2015-10-16,-0.8702202577111073
2015-10-19,0.40057538364284273
2015-10-20,-0.8828543645214348
2015-10-21,-0.08564577088983061
2015-10-22,-0.28286703470528085
2015-10-23,0.3180564786877005
2015-10-26,-0.017133776510280807
2015-10-27,0.8827499423022189
2015-10-28,-2.5401431513222827
2015-10-29,-0.49685768954683684
2015-10-30,-0.4993386922360954
2015-11-02,-1.9017517809174378
2015-11-03,-0.6910744488703768
2015-11-04,-0.18978541219498712
2015-11-05,-1.521192362979007
2015-11-06,0.027588160616076607
2015-11-09,0.027569330920274027
2015-11-10,-0.32163206736325334
2015-11-11,-0.3595374314838584
2015-11-12,0.0
2015-11-13,0.26831071546435936
2015-11-16,-1.3841469664900852
2015-11-17,0.00936630119054982
2015-11-18,0.8607738352895966
2015-11-19,-0.1484207408105287
2015-11-20,-0.8918594730767726
2015-11-23,0.7030370881814907
2015-11-24,-0.3537232295828474
2015-11-25,-1.3358289423750613
2015-11-27,0.9089280534049005
2015-11-30,-0.1876524590329165
2015-12-01,-0.9024344064305523
2015-12-02,0.7114399874201149
2015-12-03,2.1475039914016225
2015-12-04,-0.7468857156235575
2015-12-07,-0.009287958349124548
2015-12-08,0.12077735750619656
2015-12-09,-0.41759466424943215
2015-12-10,0.35411880668900775
2015-12-11,-1.1328881944101976
2015-12-14,-0.16905483613777195
2015-12-15,1.4206393112335736
2015-12-16,-2.5231865651090035
2015-12-17,1.4655406954847683
2015-12-18,1.4725261640587517
2015-12-21,-0.6562506170367022
2015-12-22,-0.5024213033810621
2015-12-23,0.7293740957305728
2015-12-24,-0.6219784139969708
2015-12-28,0.6539000467071565
2015-12-29,-1.614851453741295
2015-12-30,0.018873054126511413
2015-12-31,1.3958243965158657
2016-01-04,0.30695273956511393
2016-01-05,1.2518545710656026
2016-01-06,1.447012217651622
2016-01-07,-0.893735016714281
2016-01-08,-0.11842309804165341
2016-01-11,-0.994074273968304
2016-01-12,0.17502067582830794
2016-01-13,-1.2505724676724173
2016-01-14,1.6388839916025022
2016-01-15,-0.14658502848717836
2016-01-19,1.5781219182118944
2016-01-20,-0.7226086330429204
2016-01-21,-0.17287093588093105
2016-01-22,0.8202698141198006
2016-01-25,1.4011933361215423
2016-01-26,-0.49924006683668143
2016-01-27,-0.04479885412931317
2016-01-28,0.07171466884487998
2016-01-29,1.0300967169931452
2016-02-01,-0.05319403962680269
2016-02-02,1.2419053839795025
2016-02-03,1.4281894383995741
2016-02-04,0.017283452523075837
2016-02-05,3.463462937881623
2016-02-08,0.0667774222814499
2016-02-09,-0.33369484966521146
2016-02-10,4.4530070659167365
2016-02-11,-0.7051886093404791
2016-02-12,-2.517952690388958
2016-02-16,0.2649185451773839
2016-02-17,1.2385434978431809
2016-02-18,0.3507094783253839
2016-02-19,-1.6986365409099702
2016-02-22,1.0582925860376236
2016-02-23,1.3417247556746226
2016-02-24,-0.040364900275247084
2016-02-25,-1.4860202769621855
2016-02-26,1.1559251534285053
2016-02-29,-0.29175585660977665
2016-03-01,0.877828686433002
2016-03-02,1.3133550196413157
2016-03-03,0.9941148208443051
2016-03-04,-0.5276063558845023
2016-03-07,-0.08707850130275085
2016-03-08,-0.4357816422147165
2016-03-09,1.2255311724705065
2016-03-10,-1.0456013229658057
2016-03-11,-1.1360870193487305
2016-03-14,-1.1250401579341096
2016-03-15,-0.08939983453440936
2016-03-16,2.8634141197204643
2016-03-17,-0.846180401097274
2016-03-18,-0.7975753398116847
2016-03-21,0.3537467575994713
2016-03-22,-1.9628265469004536
2016-03-23,-0.18794858622083188
2016-03-24,-0.12280988783504032
2016-03-28,1.2869867085555597
2016-03-29,-0.7041074250385471
2016-03-30,0.5949895356224033
2016-03-31,-0.9722897808094988
2016-04-01,-0.34363863031151576
2016-04-04,0.853860789331895
2016-04-05,-0.4803015546077316
2016-04-06,1.1206504026073594
2016-04-07,0.509630244051773
2016-04-08,1.142853213028161
2016-04-11,0.21485424899314598
2016-04-12,-1.0004744593997916
2016-04-13,-1.748479946613335
2016-04-14,0.6612224968112201
2016-04-15,0.040548212626667635
2016-04-18,1.5726349544428198
2016-04-19,0.01595779504190986
2016-04-20,-0.33513815316922324
2016-04-21,-1.6253041495696507
2016-04-22,0.8301516763681072
2016-04-25,0.2663594069564512
2016-04-26,0.5635163641245056
2016-04-27,1.304839054214968
2016-04-28,1.8727736998715994
2016-04-29,0.4266211765677319
2016-05-02,-0.30895189239633636
2016-05-03,-1.3480981639421241
2016-05-04,-0.1492204775937256
2016-05-05,1.6910492045891345
2016-05-06,-2.1115359511650778
2016-05-09,-0.1343197854510092
2016-05-10,0.8465820844362648
2016-05-11,-0.3373550007982562
2016-05-12,0.12595257218273037
2016-05-13,0.11793379756328548
2016-05-16,0.21987801979985733
2016-05-17,-0.1958940679871013
2016-05-18,-1.5309728152269275
2016-05-19,-0.14351194609206752
2016-05-20,-0.10380459939173248
2016-05-23,-1.7744346259361055
2016-05-24,-0.43941934305332664
2016-05-25,-0.2778932908919063
2016-05-26,-0.5163451261268159
2016-05-27,0.08238589222051562
2016-05-31,-0.23872442356748236
2016-06-01,-0.17327960587778524
2016-06-02,2.504540050825965
2016-06-03,0.36287396892122903
2016-06-06,-0.016065497010864238
2016-06-07,1.2375461356418427
2016-06-08,0.8255200778428451
2016-06-09,0.2519346059834948
2016-06-10,0.8638291023326694
2016-06-13,0.09342503496310162
2016-06-14,0.015562635811061654
2016-06-15,0.8010519806092686
2016-06-16,-0.27775446753712796
2016-06-17,-0.19342359767892114
2016-06-20,-1.5116279069767424
2016-06-21,-0.19677292404565172
2016-06-22,-0.5362814533221627
2016-06-23,4.66223050306096
2016-06-24,0.18939393939394478
2016-06-27,-0.5444197483459368
2016-06-28,0.6538413492495287
2016-06-29,-0.4154392249093086
2016-06-30,1.3880405354168346
2016-07-01,1.4737842419247915
2016-07-05,0.6266587914337318
2016-07-06,-0.351677686443419
2016-07-07,-0.2573340241765809
2016-07-08,-0.11794011607927368
2016-07-11,-1.5424372261300778
2016-07-12,0.6221459395859386
2016-07-13,-0.8268754010774426
2016-07-14,-0.3605534929823073
2016-07-15,0.14323591511966605
2016-07-18,0.23336160260196692
2016-07-19,-0.9538078236481451
2016-07-20,0.8871664193727868
2016-07-21,-0.5561837214627996
2016-07-22,-0.2871987625976402
2016-07-25,0.10610947411042737
2016-07-26,0.446734658302006
2016-07-27,0.429675361607762
2016-07-28,1.2534677294776086
2016-07-29,0.17791137242864075
2016-08-01,0.9619653518680771
2016-08-02,-0.6083295719442328
2016-08-03,0.19910576585777662
2016-08-04,-1.6485151316693702
2016-08-05,-0.22448368341771996
2016-08-08,0.4199771623971893
2016-08-09,0.39582142106981966
2016-08-10,-0.13390231070021796
2016-08-11,-0.4990652641992499
2016-08-12,0.3368767656467542
2016-08-15,0.7610199806224793
2016-08-16,-0.57756748079415
2016-08-17,0.6330528270729108
2016-08-18,-0.7992841287809305
2016-08-19,-0.20143786877113712
2016-08-22,0.21679184569918242
2016-08-23,-1.2084105226687347
2016-08-24,-0.3246790055011828
2016-08-25,0.10605442314632896
2016-08-26,0.10594206689840124
2016-08-29,-0.8466303602306047
2016-08-30,-0.3659317630929415
2016-08-31,0.4055342152272656
2016-09-01,0.7544600504840071
2016-09-02,2.064900486517751
2016-09-06,-0.37794393757715206
2016-09-07,-0.557911160275415
2016-09-08,-0.5012023487028561
2016-09-09,-0.6841572628349835
2016-09-12,-0.15140045420136694
2016-09-13,0.18953752843062777
2016-09-14,-0.6053726825577033
2016-09-15,-0.5862163054339509
2016-09-16,0.5896730650902571
2016-09-19,0.015222776693946116
2016-09-20,1.004801228043939
2016-09-21,1.0174089796977315
2016-09-22,-0.23874016591325375
2016-09-23,0.18695782914208703
2016-09-26,-1.030075931983221
2016-09-27,-0.49023304022280945
2016-09-28,0.17431610696185817
2016-09-29,-0.6355377660642536
2016-09-30,-0.3274231834501151
2016-10-03,-3.2620283553762452
2016-10-04,-0.0868749596328322
2016-10-05,-1.2171911901740162
2016-10-06,-0.07201347246756917
2016-10-07,0.32828693296416134
2016-10-11,-0.1516380218725022
2016-10-12,0.3117276388912016
2016-10-13,-0.15139636765437725
2016-10-14,0.1037466166669665
2016-10-17,0.5102060179767554
2016-10-18,0.5631325595630177
2016-10-19,-0.18140616640400786
2016-10-20,0.02370803049249748
2016-10-21,-0.3080831296979891
2016-10-24,0.7844710312252312
2016-10-25,-0.5582180556375382
2016-10-26,0.24509609948304423
2016-10-27,0.5994144206637797
2016-10-28,-0.3136025088200656
2016-10-31,1.1718461985106066
2016-11-01,1.5858227632850497
2016-11-02,-0.3596627690978682
2016-11-03,0.09216444702315751
2016-11-04,-1.9182075549278865
2016-11-07,-0.383323494241794
2016-11-08,-0.06282776918377087
2016-11-09,-0.5579110264141374
2016-11-10,-3.500596509531806
2016-11-14,0.22928668032111688
2016-11-15,-0.0490176132301845
2016-11-16,-0.5640039460819257
2016-11-17,-0.6576243321002928
2016-11-18,0.09101990781443803
2016-11-21,0.11574276143517803
2016-11-22,-1.8084248071067344
2016-11-23,-0.9166617305404801
2016-11-25,1.0524550100115881
2016-11-28,-0.22677231876695458
2016-11-29,-1.4395130258855082
2016-11-30,-0.3331076401957844
2016-12-01,0.7027124004040042
2016-12-02,-0.09360697887760283
2016-12-05,-0.5451468836509821
2016-12-06,0.633780795545924
2016-12-07,-0.44254903590426053
2016-12-08,-0.8890429116053644
2016-12-09,0.35362907534950416
2016-12-12,-0.5844476861302073
2016-12-13,0.3976915233366851
2016-12-14,-2.884698061780422
2016-12-15,0.6650114980747857
2016-12-16,0.4580243942773121
2016-12-19,-0.7891275756247262
2016-12-20,-0.03535346125165262
2016-12-21,-0.20333540866899202
2016-12-22,0.2746257487458381
2016-12-23,0.47707609308145216
2016-12-27,0.18464569557534727
2016-12-28,1.4920133083850207
2016-12-29,-0.5534438151975407
2016-12-30,0.9043499490489104
2017-01-03,0.29300451073148714
2017-01-04,1.3662056776643228
2017-01-05,-0.6611788658687612
2017-01-06,0.9898434460514194
2017-01-09,0.05914247333123068
2017-01-10,0.9626773251241172
2017-01-11,0.2760161337831857
2017-01-12,-0.3002732098280614
2017-01-13,1.3971346515251781
2017-01-17,-0.05775174685437312
2017-01-18,-0.8585836700100824
2017-01-19,0.28312301981352483
2017-01-20,0.8884788456404058
2017-01-23,-0.3868272569444442
2017-01-24,-1.0741138127348893
2017-01-25,-0.6514698496637883
2017-01-26,-0.1176985636034078
2017-01-27,0.429254750503838
2017-01-30,1.2906490985804764
2017-01-31,-0.24822108725806036
2017-02-01,0.9207013777967843
2017-02-02,0.14794517139506969
2017-02-03,0.9437833401723328
2017-02-06,0.3414594448678754
2017-02-07,0.27548408269131297
2017-02-08,-0.2020038824593895
2017-02-09,-0.05667162057411135
2017-02-10,-0.8101101589613746
2017-02-13,-0.04083632718312469
2017-02-14,0.6373009724831569
2017-02-15,0.673869380300629
2017-02-16,-0.19355035597278247
2017-02-17,-0.008078182604209783
2017-02-21,-0.4444444444444473
2017-02-22,1.4772687639508897
2017-02-23,0.5359201330880969
2017-02-24,0.039780411352374756
2017-02-27,-0.3817439744652318
2017-02-28,-0.2953817055715846
2017-03-01,-1.361197827502303
2017-03-02,-0.5195246600556369
2017-03-03,-0.081599347205219
2017-03-06,-0.7676622632962427
2017-03-07,-0.54316317328168
2017-03-08,-0.5047559442232119
2017-03-09,-0.14138998733104202
2017-03-10,0.1415901816709697
2017-03-13,-0.041583498823005716
2017-03-14,-0.14976693498300886
2017-03-15,2.1998187610305475
2017-03-16,0.2690622770586959
2017-03-17,0.308987364363289
2017-03-20,1.0132944428815183
2017-03-21,0.2568071025507157
2017-03-22,-0.1921095269558193
2017-03-23,0.1042526852482295
2017-03-24,0.5768365265058417
2017-03-27,-0.007963643778341467
2017-03-28,-0.15136018004908713
2017-03-29,-0.6701790530113771
2017-03-30,0.18474287776104603
2017-03-31,0.28060609821096705
2017-04-03,0.33578118067791873
2017-04-04,-0.7649382937002014
2017-04-05,0.39344984085478707
2017-04-06,0.31992320593356993
2017-04-07,-0.25512820837225725
2017-04-10,1.6065842840836009
2017-04-11,0.32253758761320306
2017-04-12,0.8311750317643085
2017-04-13,0.27218290174579884
2017-04-17,0.17837185623272855
2017-04-18,-0.7973931367317943
2017-04-19,0.039019821326169435
2017-04-20,0.42905061980273995
2017-04-21,-0.9010389440700095
2017-04-24,-0.7995040642580831
2017-04-25,-0.2765486779011339
2017-04-26,0.12677090697150728
2017-04-27,0.18992043260244174
2017-04-28,-1.0109728303160925
2017-05-01,0.1436149914376461
2017-05-02,-0.6931679819221936
2017-05-03,-1.5966001303167165
2017-05-04,-0.13860180773542785
2017-05-05,0.04082298988135058
2017-05-08,-0.8977392933690265
2017-05-09,0.24705590705487168
2017-05-10,0.4435966587652995
2017-05-11,0.2862517493883443
2017-05-12,0.19572863396126738
2017-05-15,0.5209201156796572
2017-05-16,1.8218623481781382
2017-05-17,-0.4612364873260444
2017-05-18,0.07989135088355415
2017-05-19,0.6386206044405318
2017-05-22,-0.4679862435360449
2017-05-23,-0.1912674785360391
2017-05-24,0.2714807048692869
2017-05-25,0.9396342012268466
2017-05-26,-0.4338908256492857
2017-05-30,0.7844088903865343
2017-05-31,-0.39308176100628645
2017-06-01,0.7734845168212212
2017-06-02,0.1958019975245584
2017-06-05,1.1803310411634405
2017-06-06,-0.33220401321233384
2017-06-07,-1.0696788635737198
2017-06-08,-0.6111453835081271
2017-06-09,-0.18920176697379
2017-06-12,-0.0236890264272982
2017-06-13,0.5530099328468596
2017-06-14,-1.6184865545233573
2017-06-15,0.1437509102631962
2017-06-16,-0.7815030963417069
2017-06-19,-0.2571894629043392
2017-06-20,0.19339439275281034
2017-06-21,0.33777956324667624
2017-06-22,0.6893215577291611
2017-06-23,-0.788083324992539
2017-06-26,0.00802179106320633
2017-06-27,0.12836774346900448
2017-06-28,-0.3044910919971944
2017-06-29,-0.2813052674293548
2017-06-30,-1.8376664508028218
2017-07-03,0.20527136463461826
2017-07-05,0.14748662092798348
2017-07-06,-1.11274555140487
2017-07-07,0.289591268467726
2017-07-10,0.12375216815549983
2017-07-11,0.37079763435454716
2017-07-12,-0.14776510909514373
2017-07-13,0.8468244959569216
2017-07-14,0.5054682345991157
2017-07-17,0.6732581464206078
2017-07-18,0.008055401490958403
2017-07-19,0.2900497742407193
2017-07-20,0.763174777261888
2017-07-21,-0.03189224256479051
2017-07-24,-0.17545842566001335
2017-07-25,-0.21570274644072684
2017-07-26,0.8486769884657797
2017-07-27,0.6986383771587112
2017-07-28,-0.14191491591594163
2017-07-31,0.4737091517173164
2017-08-01,-0.06285767508711348
2017-08-02,-0.3145148487520233
2017-08-03,-0.749329518387476
2017-08-04,-0.007954991048697568
2017-08-07,-0.14305570081576402
2017-08-08,1.3212333065401705
2017-08-09,0.8405303355754068
2017-08-10,0.3115992951739477
2017-08-11,-0.2718024487626036
2017-08-14,-0.8176296837901553
2017-08-15,0.2512423148986809
2017-08-16,0.7439893349801885
2017-08-17,-0.054421115430747236
2017-08-18,0.3966786847585668
2017-08-21,-0.44159227041883353
2017-08-22,0.2957006381073546
2017-08-23,-0.1862071819847766
2017-08-24,0.46638165565486833
2017-08-25,1.3307505742263137
2017-08-28,0.2596033092175265
2017-08-29,-0.3807783179471058
2017-08-30,0.6192168593466496
2017-08-31,0.6306069849596252
2017-09-01,1.1098490880992795
2017-09-05,-0.3957532072170977
2017-09-06,0.8396394757391734
2017-09-07,0.06691133970695429
2017-09-08,-1.1144130757800852
2017-09-11,-0.22539444027047661
2017-09-12,-0.34638370376035565
2017-09-13,0.09822629090459056
2017-09-14,-0.3245962796336377
2017-09-15,-1.0678563560459264
2017-09-18,-0.007662684873954717
2017-09-19,0.4440398901348397
2017-09-20,-1.631099421803539
2017-09-21,0.20921069992749786
2017-09-22,1.0438412967070265
2017-09-25,-0.7499271856404643
2017-09-26,-1.0485717491085178
2017-09-27,0.16362595807930536
2017-09-28,-0.3111629716063824
2017-09-29,-0.686699089202103
2017-10-02,-0.09428390177670387
2017-10-03,0.17302014721785053
2017-10-04,-0.29833767005458256
2017-10-05,0.13386496095701972
2017-10-06,0.8021448126787956
2017-10-09,0.686528820611132
2017-10-10,-0.3719143691780502
2017-10-11,0.5832944248863159
2017-10-12,0.6340331603099436
2017-10-13,-0.12293319907318301
2017-10-16,-1.3001018614243298
2017-10-17,-0.24161929742303467
2017-10-18,0.5469177175150497
2017-10-19,-0.7382080829725246
2017-10-20,0.023479470180065576
2017-10-23,-0.21131339712415764
2017-10-24,0.03137446384804399
2017-10-25,-0.713499718656363
2017-10-26,0.17373063942554
2017-10-27,0.44146437413776773
2017-10-30,-0.5572541968437261
2017-10-31,0.5603769207527698
2017-11-01,0.06279325354803245
2017-11-02,-0.65887710825977
2017-11-03,1.0185570007155587
2017-11-06,-0.44552705435487727
2017-11-07,0.6202421855158402
2017-11-08,0.31210986861724965
2017-11-09,-1.0267541554563886
2017-11-10,0.3851009368157632
2017-11-13,0.3288147664073371
2017-11-14,-0.3901677721420249
2017-11-15,0.07050720047492298
2017-11-16,1.4404277487392703
2017-11-17,-1.6360605373768933
2017-11-20,0.5099639200143447
2017-11-21,0.8196081648661036
2017-11-22,-0.3793763167144415
2017-11-24,0.5518067867946508
2017-11-27,0.06955497834191249
2017-11-28,-0.9731965753557725
2017-11-29,-0.694175538845565
2017-11-30,0.43984431911858746
2017-12-01,-0.35189238568795744
2017-12-04,-0.9966313078200728
2017-12-05,0.09512311869142032
2017-12-06,-1.0294583067259166
2017-12-07,-0.36806668879260096
2017-12-08,-0.12046258101667817
2017-12-11,-0.4181033509710552
2017-12-12,0.5571275263675846
2017-12-13,0.674484041223189
2017-12-14,0.039878766990586456
2017-12-15,0.6298255629608507
2017-12-18,-0.11884012502197949
2017-12-19,0.4283354186730204
2017-12-20,0.09478503003936822
2017-12-21,0.6391521560681346
2017-12-22,0.6821350952907368
2017-12-26,0.22584101465614737
2017-12-27,0.5516686546960026
2017-12-28,0.9427458057607696
2017-12-29,0.5664779964134947
2018-01-02,0.19030220696665268
2018-01-03,0.2431297189563253
2018-01-04,0.06821467313995466
2018-01-05,-0.12876415809394137
2018-01-08,-0.5232841302758584
2018-01-09,0.43455618314958144
2018-01-10,0.24289897620870526
2018-01-11,0.969260113945225
2018-01-12,0.1499924976286815
2018-01-16,0.19469638598204053
2018-01-17,-0.8968609865470878
2018-01-18,0.4449490508342757
2018-01-19,-0.0750807103888973
2018-01-22,0.36065269139398115
2018-01-23,1.5123211784551671
2018-01-24,0.47938637679492135
2018-01-25,-0.7927223014231655
2018-01-26,-1.1985758704125549
2018-01-30,0.26958031452164466
2018-01-31,0.39582142106981966
2018-02-01,-0.7885217043241521
2018-02-02,-0.05248190728807112
2018-02-05,-0.5176312388644022
2018-02-06,-1.0934318880138072
2018-02-07,0.40409034208446215
2018-02-08,-0.28856016080763824
2018-02-09,0.8453260065734547
2018-02-12,0.2945192990387202
2018-02-13,2.063099534504098
2018-02-14,-0.2508317531584314
2018-02-15,0.0813531251977695
2018-02-16,-1.8031261619999017
2018-02-20,0.09030336602811051
2018-02-21,0.04511094631109991
2018-02-22,-0.1803715961294583
2018-02-23,0.18822467187973313
2018-02-26,-1.1422523280690933
2018-02-27,0.0
2018-02-28,-0.9578088624809911
2018-03-01,1.3968801006093878
2018-03-02,-0.227083495226732
2018-03-05,1.175935079818946
2018-03-06,-0.5698842025396944
2018-03-07,-0.46002832473133193
2018-03-08,0.18940828500324525
2018-03-09,-0.22686024989519993
2018-03-12,0.4926481642962388
2018-03-13,-0.11313070158988081
2018-03-14,-0.5738429059075179
2018-03-15,-0.4176792068693147
2018-03-16,0.41943108329136614
2018-03-19,-0.4328731037988809
2018-03-20,0.7322077465257593
2018-03-21,0.446734658302006
2018-03-22,1.7111468159164644
2018-03-23,0.37797194110877896
2018-03-26,-0.967216136281801
2018-03-27,-1.2748898109106954
2018-03-28,-0.10571684000676429
2018-03-29,1.4590207170698477
2018-04-02,-0.6929384492203927
2018-04-03,0.2250900277680712
2018-04-04,-0.860907289986157
2018-04-05,0.5738862271176925
2018-04-06,0.3303569587363109
2018-04-09,0.426547254628451
2018-04-10,1.08047690014903
2018-04-11,-1.3343144552847352
2018-04-12,0.4781847203614964
2018-04-13,0.20076971102340746
2018-04-16,-0.022267074443416135
2018-04-17,0.2969121247755835
2018-04-18,-0.32562925568003775
2018-04-19,-0.7499329737208016
2018-04-20,-1.062314033858236
2018-04-23,0.6729697099480125
2018-04-24,-0.7661163478404176
2018-04-25,-0.37086758438069634
2018-04-26,0.3038820824751154
2018-04-27,-0.3105428693946588
2018-04-30,-0.9420986782980645
2018-05-01,-0.09204427038226326
2018-05-02,0.6218313939622133
2018-05-03,0.1525902246514832
2018-05-04,-0.03808943540781762
2018-05-07,-0.015237858505967594
2018-05-08,-0.053349936880719984
2018-05-09,0.7244718711396203
2018-05-10,-0.1362847336144557
2018-05-11,-0.18953752843062777
2018-05-14,-2.0964660528627
2018-05-15,0.10085551502752033
2018-05-16,-0.15501473226560147
2018-05-17,0.15525540100980173
2018-05-18,0.0
2018-05-21,0.11626104919919555
2018-05-22,-0.1857941034659527
2018-05-23,1.116877514806447
2018-05-24,-0.030674415795639565
2018-05-25,-0.352957683104993
2018-05-29,0.21560398347582055
2018-05-30,-0.10757006638973943
2018-05-31,-0.40765532323188136
2018-06-01,-0.13130006009237638
2018-06-04,0.3402694684971008
2018-06-05,-0.030830398000958326
2018-06-06,0.12335021324896278
2018-06-07,-0.0461981680523027
2018-06-08,0.061632296677593956
2018-06-11,-0.29255899273996633
2018-06-12,0.13898917937285038
2018-06-13,0.5474574332855919
2018-06-14,-2.2546030992379174
2018-06-15,0.12552766488183043
2018-06-18,-0.04701266328889231
2018-06-19,-0.344937637055176
2018-06-20,-0.31466332234457717
2018-06-21,0.015788608735545218
2018-06-22,-0.14202688917867023
2018-06-25,-0.7111251717457745
2018-06-26,-0.3023974877956359
2018-06-27,-0.39910598699904876
2018-06-28,0.2804936578810979
2018-06-29,-0.9190441581753306
2018-07-02,0.9517604688728643
2018-07-03,0.45542292692350994
2018-07-05,-0.23860652855268727
2018-07-06,0.3029519740003872
2018-07-09,-0.3417794166802879
2018-07-10,-0.8773328737928576
2018-07-11,0.17701569725150357
2018-07-12,-0.43373690072791016
2018-07-13,-0.12100677876272226
2018-07-16,-1.001536601129005
2018-07-17,0.04895958881911966
2018-07-18,-0.31803182408656205
2018-07-19,0.5808225985058257
2018-07-20,-0.44733631557544173
2018-07-23,-0.008167940027570264
2018-07-24,0.6127951507796325
2018-07-25,-0.4953691298520191
2018-07-26,-0.22036016768054445
2018-07-27,-0.10632478192137418
2018-07-30,0.19650390958820818
2018-07-31,-0.4739664124574161
2018-08-01,-0.5993963939393998
2018-08-02,0.29737119267618795
2018-08-03,-0.4612070343548269
2018-08-06,0.08274036241935345
2018-08-07,0.24801587802172342
2018-08-08,-0.05772317218930567
2018-08-09,-0.06601607492431327
2018-08-10,-1.6348713695773287
2018-08-13,0.14269714615955387
2018-08-14,-1.2992455993294239
2018-08-15,-0.11040754378981443
2018-08-16,0.025510018753704955
2018-08-17,0.8754822633340487
2018-08-20,0.48870294229761413
2018-08-21,0.310252667946731
2018-08-22,-0.7774010238681517
2018-08-23,1.6259518810551876
2018-08-24,0.2238208623549287
2018-08-27,-0.13233875814205875
2018-08-28,-0.24018753978987117
2018-08-29,-0.5645536594541256
2018-08-30,0.21709090442110224
2018-08-31,-0.6331831498024298
2018-09-04,0.18446158566753912
2018-09-05,0.2510670297685369
2018-09-06,-0.3589655848139972
2018-09-07,-0.05026605212881119
2018-09-10,0.20117555859702207
2018-09-11,0.7779761224591786
2018-09-12,-0.2241181440447937
2018-09-13,-0.5823627287853572
2018-09-14,0.3933013532949836
2018-09-17,-0.24171896822345884
2018-09-18,0.45119503036763486
2018-09-19,0.3327233540561192
2018-09-20,-0.8290499423652453
2018-09-21,0.2591621620794182
2018-09-24,0.05836330721065153
2018-09-25,-0.5000000000000004
2018-09-26,-0.9798954080297295
2018-09-27,0.7781401329547188
2018-09-28,-0.3692844661403738
2018-10-01,1.288859333062753
2018-10-02,-0.34098265990434307
2018-10-03,-0.09180485783387704
2018-10-04,0.3341129437972823
2018-10-05,-1.398595358035326
2018-10-08,0.23640043060599858
2018-10-09,0.17689502549060876
2018-10-10,2.8756369097582946
2018-10-11,-0.4413587588118051
2018-10-12,0.681393070723324
2018-10-15,0.07338750783967285
2018-10-16,-0.29333476028844396
2018-10-17,0.228818251193319
2018-10-18,-0.0978353992560077
2018-10-19,-0.33461988842417023
2018-10-22,0.9990233974772167
2018-10-23,-0.45402752351961784
2018-10-24,0.10587446702361447
2018-10-25,0.27662716472203197
2018-10-26,-0.6490872210953347
2018-10-29,-0.1551673674203724
2018-10-30,-0.8424609000074801
2018-10-31,1.954957536691082
2018-11-01,-0.412619383975521
2018-11-02,-0.08936351971079448
2018-11-05,-0.4878841894434327
2018-11-06,0.19610248798798136
2018-11-07,-0.26911816092136664
2018-11-08,-1.3492517516226044
2018-11-09,-0.4227433258230051
2018-11-12,-0.17481874393484587
2018-11-13,0.7254897928978155
2018-11-14,0.4056647334235608
2018-11-15,0.6596305803030056
2018-11-16,0.18839504143370878
2018-11-19,-0.33521181160790503
2018-11-20,0.5578382959905648
2018-11-21,-0.39158497609083076
2018-11-23,-0.06552406454750637
2018-11-26,-0.73758403213805
2018-11-27,0.842146107446462
2018-11-28,0.22105380038535127
2018-11-29,-0.3186034222568912
2018-11-30,1.1227728069510334
2018-12-03,0.5835117132195533
2018-12-04,-0.24172105865876148
2018-12-06,0.7026955345888153
2018-12-07,-0.24864433227795857
2018-12-10,-0.14472355298531525
2018-12-11,0.20130444889712162
2018-12-12,-0.13661790492072168
2018-12-13,-0.4586747723374307
2018-12-14,0.840745708493329
2018-12-17,0.14429426988811223
2018-12-18,0.23215053853804513
2018-12-19,0.918457010161533
2018-12-20,-0.7755561053464088
2018-12-21,1.0926743211311596
2018-12-24,0.13411843565089843
2018-12-26,0.6382050084993374
2018-12-27,0.20355245334273686
2018-12-28,-0.12500785650582102
2018-12-31,0.21121419609975156
2019-01-02,0.8430951466139813
2019-01-03,-0.7044509453692394
2019-01-04,0.31964588854191955
2019-01-07,-0.2797713335128127
2019-01-08,0.47538169329566227
2019-01-09,-0.3567903111794002
2019-01-10,0.1868159496599464
2019-01-11,0.15538808468158471
2019-01-14,-0.22496505073195117
2019-01-15,0.4198433073444363
2019-01-16,-0.046452121189100026
2019-01-17,-0.7513517561483329
2019-01-18,0.09365106736494155
2019-01-22,0.04678172210039744
2019-01-23,-0.31174499852775206
2019-01-24,1.4306973010254298
2019-01-25,0.38538614967715823
2019-01-28,0.44532606335152547
2019-01-29,0.12995515254869971
2019-01-30,0.7481431082647871
2019-01-31,-0.21216389038479777
2019-02-01,-0.1974315086746503
2019-02-04,-0.007616042952995894
2019-02-05,-0.3576283173412076
2019-02-06,-0.007634638101372548
2019-02-07,0.3283890848968518
2019-02-08,-0.5100061978306702
2019-02-11,0.16832067114576077
2019-02-12,0.1222195016748806
2019-02-13,-0.07628928614200614
2019-02-14,0.6336789165062529
2019-02-15,1.6690691455494733
2019-02-19,0.2387936199154339
2019-02-20,-1.4739855660243828
2019-02-21,0.4306725479316098
2019-02-22,-0.24826413474535736
2019-02-25,-0.060340056821295285
2019-02-26,-0.5584502717080109
2019-02-27,-0.3718526618591955
2019-02-28,-1.2492400825778516
2019-03-01,-0.8947836599417225
2019-03-04,-0.21793654434236753
2019-03-05,0.22621095273498426
2019-03-06,-0.08560787337824616
2019-03-07,1.028193696045121
2019-03-08,-0.6322244542694699
2019-03-11,0.5819366632410894
2019-03-12,0.8639937321609947
2019-03-13,-1.0783920142208414
2019-03-14,0.6494529345526967
2019-03-15,-0.11522506865400128
2019-03-18,0.36145128011881855
2019-03-19,-0.34482758620689724
2019-03-20,0.4306017367118331
2019-03-21,0.4211009955445988
2019-03-22,0.7853041338708122
2019-03-25,-0.5749281674539808
2019-03-26,-0.3347808149277376
2019-03-27,-1.5344663876106557
2019-03-28,0.24809668558956055
2019-03-29,-0.355759906104991
2019-04-01,0.12418313843676199
2019-04-02,-0.0077500454215062575
2019-04-03,-0.06977474199765243
2019-04-04,0.10861322064099621
2019-04-05,0.5192150530931139
2019-04-08,0.49341026401388266
2019-04-09,0.42961070854909966
2019-04-10,-1.5659613766950464
2019-04-11,0.15520720455473036
2019-04-12,-0.29443102663064824
2019-04-15,-1.1035182393037135
2019-04-16,-0.0314336336426746
2019-04-17,-0.023575441701295663
2019-04-18,0.1257941312387878
2019-04-22,-0.3297959302610898
2019-04-23,0.4884543396653118
2019-04-24,0.023524016317133523
2019-04-25,0.7132760023246698
2019-04-26,-0.4903143208358163
2019-04-29,0.3284900142644487
2019-04-30,-0.10913816345279326
2019-05-01,-0.9130695348267603
2019-05-02,0.7482082669399093
2019-05-03,0.19543465411406835
2019-05-06,0.1404422951314821
2019-05-07,-0.31943713174424904
2019-05-08,0.32046080254024556
2019-05-09,0.1714025065738145
2019-05-10,1.1200143860110812
2019-05-13,-0.4153545508397416
2019-05-14,0.12358829972933805
2019-05-15,-0.8717155290042911
2019-05-16,-0.8171206225680905
2019-05-17,0.12553751164672278
2019-05-20,-0.3212895278095207
2019-05-21,0.1257842441774848
2019-05-22,0.8794027525820924
2019-05-23,-0.14010342152204203
2019-05-24,-0.5066250974279041
2019-05-28,0.32118884339502607
2019-05-29,0.5075745840949164
2019-05-30,1.4528842822543409
2019-05-31,1.2942182349370057
2019-06-03,0.05292759265373981
2019-06-04,0.3702602632361218
2019-06-05,0.7001375002596122
2019-06-06,0.26913693567918173
2019-06-07,-1.2302416194977517
2019-06-10,0.12833647654955094
2019-06-11,0.41465620467171505
2019-06-12,0.5480836867634897
2019-06-13,0.06720612655899405
2019-06-14,-0.10447163939767412
2019-06-17,0.5901265931284261
2019-06-18,-0.14852220676223604
2019-06-19,3.59215005987763
2019-06-20,0.23691052480243613
2019-06-21,1.2963829171500851
2019-06-24,0.04242208620686139
2019-06-25,-0.2332354775024914
2019-06-26,-0.22668965905491278
2019-06-27,0.09229812093713985
2019-06-28,-1.7095819267003098
2019-07-01,1.371247137325149
2019-07-02,0.9326481427904598
2019-07-03,-1.4812725346178723
2019-07-05,0.02148269768844635
2019-07-08,0.03579098067287845
2019-07-09,0.901608270907861
2019-07-10,-0.4113131592249353
2019-07-11,0.39877343809897603
2019-07-12,0.10639052230836388
2019-07-15,-0.1558787873126799
2019-07-16,0.8586501614755049
2019-07-17,0.337713824872532
2019-07-18,-0.07012131106650665
2019-07-19,0.014039242552454922
2019-07-22,-0.3648405994557402
2019-07-23,0.19013261661902092
2019-07-24,-0.6255288240531676
2019-07-25,0.3253395223501654
2019-07-26,0.07754498314680447
2019-07-29,0.7114663116113862
2019-07-30,-0.25179937811333764
2019-07-31,-0.3646273936536937
2019-08-01,1.7383313918979404
2019-08-02,1.314333171062687
2019-08-05,0.5325719621840364
2019-08-06,2.370281434079091
2019-08-07,-0.6369068762197561
2019-08-08,-0.07344432274815071
2019-08-09,0.5813225567360636
2019-08-12,-0.20594549629248116
2019-08-13,0.9120006448875229
2019-08-14,0.24407619976820616
2019-08-15,-0.46722661884749384
2019-08-16,-0.7999983858471116
2019-08-19,0.27992209434382076
2019-08-20,0.0
2019-08-21,-0.48517392504739965
2019-08-22,1.9568507181138672
2019-08-23,-0.019646715748000698
2019-08-26,0.9631101815898768
2019-08-27,-0.20765419674724228
2019-08-28,-0.7348191227290024
2019-08-29,-0.4847706789428474
2019-08-30,1.7642057309485315
2019-09-03,0.2846254184988517
2019-09-04,-2.2511786954043878
2019-09-05,-0.6071052589394554
2019-09-06,-0.2655689901521985
2019-09-09,-0.7921650066934682
2019-09-10,0.27511074626627163
2019-09-11,0.2877359935468782
2019-09-12,-0.5204461874915967
2019-09-13,0.8182943840697732
2019-09-16,0.1330583482459513
2019-09-17,0.15945946800830502
2019-09-18,-0.6036468050373167
2019-09-19,0.5939685176889142
2019-09-20,1.088031699892822
2019-09-23,0.5512912438962791
2019-09-24,-1.794922031082391
2019-09-25,0.1927438828339234
2019-09-26,-0.5572155498548947
2019-09-27,-2.2280051336141082
2019-09-30,1.112099977563119
2019-10-01,1.2820512820512775
2019-10-02,0.4063941096560608
2019-10-03,-0.059718958837651215
2019-10-04,-0.5643341040734162
2019-10-07,-0.03338452402357195
2019-10-08,0.5944446102269962
2019-10-09,-0.7502773349037706
2019-10-10,-0.809479345798525
2019-10-11,0.6070007618794726
2019-10-14,-0.9452286684638267
2019-10-15,0.7038457353749195
2019-10-16,0.28898177608367437
2019-10-17,-0.2747502192652074
2019-10-18,-0.38972765408609167
2019-10-21,-0.04722566315824572
2019-10-22,0.5534233321464299
2019-10-23,0.6040673771744887
2019-10-24,0.0400277254096304
2019-10-25,-0.6335445148382801
2019-10-28,-0.201342281879191
2019-10-29,0.4169435892316775
2019-10-30,1.2188637715869088
2019-10-31,-0.22495860520980182
2019-11-01,0.0
2019-11-04,-1.8037102899121304
2019-11-05,0.6347853885599886
2019-11-06,-1.7447323078727761
2019-11-07,-0.19805371127277205
2019-11-08,-0.39691019190591925
2019-11-11,-0.233598379530231
2019-11-12,0.6611098235205004
2019-11-13,0.6909829646058796
2019-11-14,-0.3057480534521595
2019-11-15,0.24534692742719244
2019-11-18,0.16316706602941267
2019-11-19,0.0
2019-11-20,-0.692328304088552
2019-11-21,0.0
2019-11-22,-0.44426219044921833
2019-11-25,0.21969472029548243
2019-11-26,-0.438417879160935
2019-11-27,0.8394076625114488
2019-11-29,-0.22515876178922367
2019-12-02,1.0873214670608755
2019-12-03,-0.2841260526727396
2019-12-04,0.19674521126611388
2019-12-05,-1.2052304512072065
2019-12-06,0.013712099618623519
2019-12-09,0.22613079198225972
2019-12-10,0.4649288213888214
2019-12-11,-0.1837534502059257
2019-12-12,0.6068060755679117
2019-12-13,-0.04065977201573867
2019-12-16,-0.027120299258476255
2019-12-17,-0.13563000360183874
2019-12-18,0.3802781256810217
2019-12-19,-0.23677446323991935
2019-12-20,0.528924465070113
2019-12-23,1.1197285386804312
2019-12-24,0.680413141771985
2019-12-26,0.2981514512965022
2019-12-27,0.04623802016765488
2019-12-30,0.3301419610432399
2019-12-31,0.32905561039815456
2020-01-02,1.6202001424647339
2020-01-03,1.0973405974574524
2020-01-06,0.3575595601353454
2020-01-07,-0.9161486173001832
2020-01-08,-0.36599930350791343
2020-01-09,0.3737867507016768
2020-01-10,-0.5842680954052937
2020-01-13,-0.38749676475047234
2020-01-14,0.6288868658155033
2020-01-15,-0.1997278290509108
2020-01-16,0.6326693885167822
2020-01-17,-0.1539661495306488
2020-01-21,-0.0706743490544226
2020-01-22,0.5979506504111276
2020-01-23,0.41544165290976487
2020-01-24,0.36280779904294125
2020-01-27,-0.4819950165462217
2020-01-28,0.0382422683483874
2020-01-29,0.8727195022131706
2020-01-30,-0.037889206563779254
2020-01-31,-0.3601031748229011
2020-02-03,-1.699209205395924
2020-02-04,0.47729774880900244
2020-02-05,0.46860486127882073
2020-02-06,0.22362788669072486
2020-02-07,0.3888802550604975
2020-02-10,-0.5778863191787997
2020-02-11,0.11497501636401619
2020-02-12,0.4912562876061788
2020-02-13,0.4825075045227001
2020-02-14,1.09307192530812
2020-02-18,0.46874999999999556
2020-02-19,0.566094904257386
2020-02-20,1.7320302129691267
2020-02-21,1.690383633759951
2020-02-24,-1.5247548210802098
2020-02-25,-0.4189704482223999
2020-02-26,0.0
2020-02-27,-4.628050269150153
2020-02-28,1.8029584861813719
2020-03-02,3.127546645147916
2020-03-03,-0.06089763198755538
2020-03-04,1.5416518922981348
2020-03-05,0.2640437079691971
2020-03-06,0.22144787309947844
2020-03-09,-0.9196789736675148
2020-03-10,-1.0668405420007354
2020-03-11,-3.1741181193497225
2020-03-12,-4.630975611591981
2020-03-13,-1.9660835071461547
2020-03-16,2.6246718728858642
2020-03-17,-3.1215145139910194
2020-03-18,0.08799341466505517
2020-03-19,0.3652119912907814
2020-03-20,5.5929919137466255
2020-03-23,5.947667592334072
2020-03-24,-1.6805145864542737
2020-03-25,1.0904812978834055
2020-03-26,-1.587779623023844
2020-03-27,-0.11700378012791113
2020-03-30,-2.3797765466052723
2020-03-31,-0.32841184552284686
2020-04-01,3.009758045216593
2020-04-02,0.49209572739625784
2020-04-03,2.6504284827250757
2020-04-06,-0.7274866530635027
2020-04-07,0.03603889766581325
2020-04-08,4.251226475316172
2020-04-09,0.4953402775092375
2020-04-13,0.6820209772313124
2020-04-14,-1.6792850697309403
2020-04-15,-0.39369655801569925
2020-04-16,-1.8135359683463026
2020-04-17,0.7340767684405947
2020-04-20,-1.3751777591560432
2020-04-21,3.0091765861830932
2020-04-22,0.2661015668526945
2020-04-23,-0.5653982895085452
2020-04-24,-0.6730476116006634
2020-04-27,-0.08178190280367925
2020-04-28,-0.41508188166836657
2020-04-29,-1.1271617334156159
2020-04-30,0.6115692392080874
2020-05-01,0.7317807267077203
2020-05-04,-0.14646434848216705
2020-05-05,-1.185172081250807
2020-05-06,2.23251981631325
2020-05-07,-0.6911385803573311
2020-05-08,-0.8538496624058811
2020-05-11,0.5367766957965925
2020-05-12,0.5573808885191767
2020-05-13,1.411981494086767
2020-05-14,0.8802743825462089
2020-05-15,-1.231890913949063
2020-05-18,0.7160123567464316
2020-05-19,0.36693180789062474
2020-05-20,-1.7194091172006765
2020-05-21,0.8195277876162477
2020-05-22,-1.7179711274783238
2020-05-26,0.3226184797320286
2020-05-27,0.17540781818112805
2020-05-28,1.3774572411924924
2020-05-29,0.05181785948595863
2020-06-01,-0.7250602659809369
2020-06-02,-1.5882160398357326
2020-06-03,1.2427833065796756
2020-06-04,-2.484151063802742
2020-06-05,1.3184642823070858
2020-06-08,0.9656657759072873
2020-06-09,-0.08164124241055726
2020-06-10,1.0914580423122988
2020-06-11,-0.15588632632073107
2020-06-12,-0.5204417825639296
2020-06-15,0.5405991102626295
2020-06-16,-0.023128146375406278
2020-06-17,-0.254447285912085
2020-06-18,1.2233287910835555
2020-06-19,0.6185879263869598
2020-06-22,0.8766451210856729
2020-06-23,-0.3555062832010569
2020-06-24,-0.20954089590399239
2020-06-25,0.5902062628770022
2020-06-26,0.12976298043019252
2020-06-29,1.025464878924942
2020-06-30,-1.104297201791693
2020-07-01,0.6090711214483902
2020-07-02,0.2522421524663754
2020-07-06,0.8778278541724971
2020-07-07,0.6263190962168652
2020-07-08,-0.8978269803428862
2020-07-09,-0.055580259400778154
2020-07-10,0.7118256687629998
2020-07-13,-0.022088592714664124
2020-07-14,0.044186945703783564
2020-07-15,-0.7011191934976124
2020-07-16,0.5337242406658893
2020-07-17,0.42028288341100506
2020-07-20,1.4593314413633873
2020-07-21,1.1778088842989476
2020-07-22,1.34112978528107
2020-07-23,0.4340730161538575
2020-07-24,1.7762056767294032
2020-07-27,0.7094744263011377
2020-07-28,0.4525144777641543
2020-07-29,-0.5733274211351391
2020-07-30,1.0554496980200723
2020-07-31,0.1630299109573352
2020-08-03,1.790434952791209
2020-08-04,1.494104794303719
2020-08-05,1.0043830761298445
2020-08-06,-2.018036773778331
2020-08-07,0.7114098304466854
2020-08-10,-4.534679298608257
2020-08-11,0.11901318727005616
2020-08-12,1.1266694135483313
2020-08-13,-1.0067946881726408
2020-08-14,2.47805885389778
2020-08-17,0.7254420359729119
2020-08-18,-2.0356143215570333
2020-08-19,-1.2712463860966805
2020-08-20,0.041365536126503066
2020-08-21,-0.356664142517249
2020-08-24,-0.8248120945422155
2020-08-25,1.5116592533547024
2020-08-26,-0.984179732390067
2020-08-27,2.2377185962904944
2020-08-28,0.15270284217046015
2020-08-31,0.03049276242030885
2020-09-01,-1.7173014732414726
2020-09-02,-0.3515327100031884
2020-09-03,-0.19194600636733838
2020-09-04,0.4729962820551936
2020-09-08,0.6052742458290128
2020-09-09,0.4885072370303334
2020-09-10,-0.8392131180801399
2020-09-11,0.789551366100194
2020-09-14,0.16384584927493506
2020-09-15,0.19935093014418204
2020-09-16,-1.0305046258060946
2020-09-17,0.6237100817493513
2020-09-18,-2.6074496721810836
2020-09-21,-0.13675445259373475
2020-09-22,-2.038341497393714
2020-09-23,0.45163849152101143
2020-09-24,-0.5673659144257326
2020-09-25,0.812838351356171
2020-09-28,1.148013639440748
2020-09-29,-0.3589742201786761
2020-09-30,1.1072860616721858
2020-10-01,-0.42968314490067216
2020-10-02,0.6473028704447437
2020-10-05,-0.5960797079248348
2020-10-06,-0.9205197109429464
2020-10-07,0.26544914338537673
2020-10-08,1.6361338988408969
2020-10-09,0.15629070070330986
2020-10-12,-1.768530559167747
2020-10-13,0.677789188674871
2020-10-14,0.09992648687517924
2020-10-15,-0.1260982768664043
2020-10-16,0.29461150263490055
2020-10-19,0.20981955249552708
2020-10-20,0.7432972670857296
2020-10-21,-1.2210329573991374
2020-10-22,0.04734229791283351
2020-10-23,0.03680079768006994
2020-10-26,0.320602187039154
2020-10-27,-1.7078843683110856
2020-10-28,-0.5649704648652554
2020-10-29,0.6325069137299355
2020-10-30,0.6924469921671284
2020-11-02,0.9574680148212389
2020-11-03,-0.7283219499115812
2020-11-04,2.676030502244031
2020-11-05,0.2570297575950953
2020-11-06,-4.978726104970077
2020-11-09,1.197931892246662
2020-11-10,-0.7838366775525851
2020-11-11,0.6395455864105282
2020-11-12,0.6995608115309526
2020-11-13,0.08485430862188448
2020-11-16,-0.14836267449171991
2020-11-17,-0.5837092066861227
2020-11-18,-0.661864126718037
2020-11-19,0.6179141449066616
2020-11-20,-1.8583748377398956
2020-11-23,-1.79562515634073
2020-11-24,0.04986160900950498
2020-11-25,-1.3180443817571552
2020-11-27,-0.3479473122644072
2020-11-30,2.162528888324866
2020-12-01,0.6394341955817895
2020-12-02,0.6079913432174289
2020-12-03,-0.048999585699960324
2020-12-04,1.4107535306737917
2020-12-07,0.48340314555608277
2020-12-08,-1.9350049335771224
2020-12-09,-0.0545077953399975
2020-12-10,0.33813663420267925
2020-12-11,-0.6033317404964933
2020-12-14,1.2905396339692787
2020-12-15,0.20514639408537594
2020-12-16,1.675554980604943
2020-12-17,-0.07948283376483234
2020-12-18,-0.34469958998304406
2020-12-21,-0.6704968025398328
2020-12-22,0.43394276716386404
2020-12-23,0.27738162786727916
2020-12-24,-0.14362855508920358
2020-12-28,0.13317707569933113
2020-12-29,0.6011623728074289
2020-12-30,0.11105106218600724
2020-12-31,2.7256867704499754
2021-01-04,0.41137451539396963
2021-01-05,-2.3454666821867143
2021-01-06,0.2831834047367865
2021-01-07,-4.089320255475037
2021-01-08,0.8451011507727868
2021-01-11,-0.362237849281577
2021-01-12,0.5806039953402786
2021-01-13,-0.1780279888474512
2021-01-14,-1.1349510590620282
2021-01-15,0.55758765099303
2021-01-19,1.435173928462219
2021-01-20,-0.03215475524342981
2021-01-21,-0.5146677427195323
2021-01-22,-0.043106470812126485
2021-01-25,-0.2264312462616047
2021-01-26,-0.3133909823761494
2021-01-27,-0.37942435402282815
2021-01-28,0.5114546106532281
2021-01-29,0.7307962779822486
2021-02-01,-1.6283344815692047
2021-02-02,0.09286813285305229
2021-02-03,-2.3632751834819055
2021-02-04,1.2298060092657215
2021-02-05,1.1596443600907724
2021-02-08,0.18560098088049592
2021-02-09,0.2887771272711781
2021-02-10,-0.8529800815017974
2021-02-11,-0.18083449964250153
2021-02-12,-1.3394831324706202
2021-02-16,-1.4522577506703604
2021-02-17,0.12986555585965398
2021-02-18,0.13533463296615533
2021-02-19,1.740055270532359
2021-02-22,-0.12729987380144525
2021-02-23,-0.4433606679094204
2021-02-24,-1.2246715487089666
2021-02-25,-2.609335448099648
2021-02-26,-0.3240539126816877
2021-03-01,0.6153831980225011
2021-03-02,-1.0270571235681092
2021-03-03,-0.880318149968351
2021-03-04,-0.12939367339462882
2021-03-05,-1.1955270216799208
2021-03-08,2.318652056161219
2021-03-09,0.2854494048556644
2021-03-10,0.046473937155089295
2021-03-11,-0.16257613358544587
2021-03-12,0.5466719635977002
2021-03-15,0.09832559129330232
2021-03-16,-0.21957279622206727
2021-03-17,0.3127115005246095
2021-03-18,0.5311207424964604
2021-03-19,-0.2067288121894273
2021-03-22,-0.753832275760602
2021-03-23,0.475449265051342
2021-03-24,-0.4616538685031757
2021-03-25,0.4232086877204555
2021-03-26,-1.1603727140356623
2021-03-29,-1.6470972241106496
2021-03-30,1.7756413077116395
2021-03-31,0.7410404253727965
2021-04-01,0.02896032435564244
2021-04-05,0.8396062536189852
2021-04-06,-0.08039186988587632
2021-04-07,0.9597191814547434
2021-04-08,-0.7684426015928891
2021-04-09,-0.6940915113484825
2021-04-12,0.8664510410739235
2021-04-13,-0.6471152831168725
2021-04-14,1.7580263744765956
2021-04-15,0.7703622633885132
2021-04-16,-0.5396276327114924
2021-04-19,0.44648040607315753
2021-04-20,0.8439767955833011
2021-04-21,-0.6193213945124731
2021-04-22,-0.23579335768069143
2021-04-23,0.12380141653769439
2021-04-26,-0.06744330062985471
2021-04-27,-0.26996900045697103
2021-04-28,-0.28761424127984325
2021-04-29,-0.04524216779921986
2021-04-30,1.3636606642951188
2021-05-03,-0.8708259112053973
2021-05-04,0.46739083959872474
2021-05-05,1.7599924244015464
2021-05-06,0.8592660746867153
2021-05-07,0.34951802192091375
2021-05-10,-0.08707350127551416
2021-05-11,-0.7244429789890039
2021-05-12,0.06584402821587787
2021-05-13,0.7731097274066512
2021-05-14,1.6105324115969877
2021-05-17,0.01606687165327525
2021-05-18,0.7227754388629659
2021-05-19,0.026577366024693738
2021-05-20,-0.271022293756773
2021-05-21,0.42095298234166023
2021-05-24,0.7163323875032379
2021-05-25,0.16859350315305832
2021-05-26,-0.29454044666445967
2021-05-27,0.35870913136444305
2021-05-28,0.02102625041064954
2021-06-01,0.24173501113669005
2021-06-02,-1.9030169765727356
2021-06-03,0.9940197809753748
2021-06-04,0.37040955757943195
2021-06-07,-0.24251884952724012
2021-06-08,0.05284853745930462
2021-06-09,0.05282062253282316
2021-06-10,-0.886914116295856
2021-06-11,-0.7137543538833557
2021-06-14,-0.5096566523605128
2021-06-15,0.2696144513345988
2021-06-16,-4.608763171383434
2021-06-17,-0.33262060275397465
2021-06-18,0.7862449359187895
2021-06-21,-0.30867661069026164
2021-06-22,0.3377807709884495
2021-06-23,-0.37592285578361695
2021-06-24,0.05631899153806241
2021-06-25,0.16886187331002223
2021-06-28,-0.9440282641204889
2021-06-29,0.45382345010247516
2021-06-30,0.28800403463464797
2021-07-01,0.37727074045654785
2021-07-02,0.6114677753476183
2021-07-06,0.4460551993309192
2021-07-07,-0.10546902104149325
2021-07-08,0.5779075658564725
2021-07-09,-0.24861878453038555
2021-07-12,0.21600799856342778
2021-07-13,0.8234787340012151
2021-07-14,0.22474239303842403
2021-07-15,-0.7602288464482521
2021-07-16,-0.3196499767497918
2021-07-19,0.12163837571632641
2021-07-20,-0.4417692800345763
2021-07-21,0.11647765031341795
2021-07-22,-0.19944463079986097
2021-07-23,-0.14988748782024386
2021-07-26,0.04447928225070896
2021-07-27,0.0
2021-07-28,1.7615977311405961
2021-07-29,-1.0157260857305284
2021-07-30,0.303431538898824
2021-08-02,-0.44001980679977404
2021-08-03,0.02209957568410914
2021-08-04,-0.29826149760080467
2021-08-05,-2.4984752199831983
2021-08-06,-2.0795440673828103
2021-08-09,0.31333551918095726
2021-08-10,1.2494201166051155
2021-08-11,-0.07998311211925291
2021-08-12,1.4979960647155455
2021-08-13,0.6590848109512271
2021-08-16,-0.1063307621077203
2021-08-17,-0.1904775582107887
2021-08-18,-0.07858242216253197
2021-08-19,0.04494151500220589
2021-08-20,1.2464879939289686
2021-08-23,0.13309807448158573
2021-08-24,-0.9636699517796554
2021-08-25,0.22368863154138552
2021-08-26,1.3614565940651913
2021-08-27,-0.41836263833957554
2021-08-30,0.3316749585406287
2021-08-31,-0.10468454071970168
2021-09-01,-0.2426796356136185
2021-09-02,1.227404978244384
2021-09-03,-1.9116281355231801
2021-09-07,-0.2895524901996738
2021-09-08,0.37415945858505495
2021-09-09,-0.43396287538539635
2021-09-10,0.13410954664752062
2021-09-13,0.7087026323590928
2021-09-14,-0.6815496808666444
2021-09-15,-2.108906957891943
2021-09-16,-0.29636106487113123
2021-09-17,0.7088158363445674
2021-09-20,0.805991076076995
2021-09-21,0.0394116650830556
2021-09-22,-1.632239590082285
2021-09-23,0.11443611923540598
2021-09-24,0.017148587557769268
2021-09-27,-0.811425781249997
2021-09-28,-0.8238304197409896
2021-09-29,1.9634068445033348
2021-09-30,0.09684675694106026
2021-10-01,0.5236170274260044
2021-10-04,-0.3736822425772557
2021-10-05,0.05114937636678807
2021-10-06,-0.14768392990273105
2021-10-07,-0.09101630147998474
2021-10-08,-0.09679856487631033
2021-10-11,0.21087845056830812
2021-10-12,2.0133026992374514
2021-10-13,0.16725205339054305
2021-10-14,-1.6418990817447798
2021-10-15,-0.13580253565299572
2021-10-18,0.2776463173266297
2021-10-19,0.813698638830096
2021-10-20,-0.16254831308486484
2021-10-21,0.8028323164233742
2021-10-22,0.5847953216374213
2021-10-25,-0.7364368121885345
2021-10-26,0.29006935816493495
2021-10-27,0.2057929318445284
2021-10-28,-1.032414289408956
2021-10-29,0.6786301506414683
2021-11-01,-0.35652746371263033
2021-11-02,-1.4032524331145213
2021-11-03,1.6670460887421301
2021-11-04,1.3050766544373982
2021-11-05,0.6055934734722435
2021-11-08,0.1532191485392076
2021-11-09,0.9507171280887183
2021-11-10,0.8443372911925984
2021-11-11,0.2522581239459143
2021-11-12,-0.09636751456704173
2021-11-15,-0.6698462120752757
2021-11-16,0.8685787547471291
2021-11-17,-0.4653126918264139
2021-11-18,-0.5266012266590514
2021-11-19,-2.4416568908864678
2021-11-22,-1.2458471760797396
2021-11-23,0.03364034684258943
2021-11-24,0.0672649099607403
2021-11-26,-0.16803898044864818
2021-11-29,-0.4881374069370614
2021-11-30,0.4510599971877527
2021-12-01,-1.173104215338172
2021-12-02,1.209748930472121
2021-12-03,-0.2525252525252486
2021-12-06,0.2869184577179995
2021-12-07,0.044881007465624734
2021-12-08,-0.49344222875719046
2021-12-09,0.4677137914072427
2021-12-10,0.19070191079164633
2021-12-13,-0.8901093869696508
2021-12-14,-0.44058115231366823
2021-12-15,1.928968595877656
2021-12-16,0.4007610675737183
2021-12-17,-0.5599344374567328
2021-12-20,-0.32334988658628827
2021-12-21,0.7662593536998719
2021-12-22,0.5328583323728875
2021-12-23,-0.17115590048087936
2021-12-27,0.11614266989063982
2021-12-28,-0.28173548356554834
2021-12-29,0.4210279590453503
2021-12-30,0.8164643474810607
2021-12-31,-1.5376183631156004
2022-01-03,0.8113802038371976
2022-01-04,0.5843426453107758
2022-01-05,-1.9675558968772822
2022-01-06,0.46402689409630327
2022-01-07,0.07790898241861743
2022-01-10,1.1232179102341977
2022-01-11,0.4728898988996644
2022-01-12,-0.3283712872338862
2022-01-13,-0.2580689269649272
2022-01-14,-0.23121118479906277
2022-01-18,1.699493788444606
2022-01-19,-0.03255252530437458
2022-01-20,-0.5807300500339174
2022-01-21,0.5404466688426757
2022-01-24,0.5972742733147518
2022-01-25,-1.2306324477091457
2022-01-26,-2.000107934730311
2022-01-27,-0.46841154214832814
2022-01-28,0.5658566557111833
2022-01-31,0.2952673441852349
2022-02-01,0.49435661291812316
2022-02-02,-0.34269021330998184
2022-02-03,0.1996658672178242
2022-02-04,0.7749363549869104
2022-02-07,0.3295616873810525
2022-02-08,0.47081877263130956
2022-02-09,0.054489975294602644
2022-02-10,0.25052269788561343
2022-02-11,1.4776157350273156
2022-02-14,-0.7066355017063652
2022-02-15,0.8302729101975048
2022-02-16,1.6308416637958123
2022-02-17,-0.11048432892538651
2022-02-18,0.39502792038568213
2022-02-22,0.16263446963136197
2022-02-23,0.8328108537978496
2022-02-24,-2.005089401873217
2022-02-25,0.6838072840743337
2022-02-28,2.2638727728386154
2022-03-01,-1.1068780750497331
2022-03-02,0.7027955556467846
2022-03-03,1.5870528734703848
2022-03-04,1.4655767740029413
2022-03-07,2.317064577269945
2022-03-08,-2.656730151487219
2022-03-09,0.614328567495459
2022-03-10,-0.7707334268670207
2022-03-11,-1.1650767213810753
2022-03-14,-1.5870573572873359
2022-03-15,-1.0630023334197602
2022-03-16,1.787210460478894
2022-03-17,-0.7157213628957937
2022-03-18,0.02074600270678406
2022-03-21,-0.40962483221345103
2022-03-22,0.827824481609496
2022-03-23,1.2909222511187979
2022-03-24,-0.3976308551636554
2022-03-25,-0.726792552324107
2022-03-28,-1.4229725682276206
2022-03-29,1.124476987447709
2022-03-30,0.8119964402314439
2022-03-31,-1.5442220572518095
2022-04-01,0.5262870988705926
2022-04-04,-0.3265564439800861
2022-04-05,-0.23402152700950918
2022-04-06,0.8027535559882004
2022-04-07,0.4033471176370762
2022-04-08,0.13906434261119482
2022-04-11,1.4298166980229343
2022-04-12,0.45129681680657896
2022-04-13,-0.5098422809660552
2022-04-14,0.6088588894085367
2022-04-18,-1.371731953567601
2022-04-19,-0.1738458060354664
2022-04-20,-0.37904134758919295
2022-04-21,-0.7146909475848284
2022-04-22,-1.9575374846258375
2022-04-25,0.43313297346705415
2022-04-26,-0.815188797779498
2022-04-27,0.14846634082219534
2022-04-28,1.0907025037761198
2022-04-29,-2.4878226986457253
2022-05-02,0.375980224321415
2022-05-03,-0.09632110344034439
2022-05-04,0.3749330476700674
2022-05-05,0.3842023037286646
2022-05-06,-1.2810959074778139
2022-05-09,-0.9261726023365169
2022-05-10,0.6902522421520896
2022-05-11,-1.5545680199366085
2022-05-12,-0.8992227204183023
2022-05-13,0.33750002785990496
2022-05-16,0.2591646634615419
2022-05-17,-0.1264947101296654
2022-05-18,1.3932444747874362
2022-05-19,0.032592747782111964
2022-05-20,0.3257682615340096
2022-05-23,0.9362445232526273
2022-05-24,-1.0133518128498609
2022-05-25,0.06500234394577475
2022-05-26,0.21110882118231533
2022-05-27,-0.4645436952099624
2022-05-31,0.032566216538310044
2022-06-01,1.2586095891780724
2022-06-02,-1.1304567686009959
2022-06-03,-0.33597448575715116
2022-06-06,0.45128583343190254
2022-06-07,0.2381609967016196
2022-06-08,-0.16739432718125835
2022-06-09,1.2278207795517693
2022-06-10,-2.3243387656959658
2022-06-13,-1.0120350109409149
2022-06-14,0.32053323172838155
2022-06-15,1.6746489024431321
2022-06-16,-0.5472165494464498
2022-06-17,-0.054478100528454476
2022-06-21,-0.016348346331829244
2022-06-22,-0.46884901201110774
2022-06-23,0.04382148488373261
2022-06-24,-0.30659598061524296
2022-06-27,-0.18672219059124862
2022-06-28,-0.20908109095598704
2022-06-29,-0.529303404332937
2022-06-30,-0.28822965701699177
2022-07-01,-2.0623700640629905
2022-07-05,-1.5268488857152263
2022-07-06,0.17292062699769684
2022-07-07,0.155357105353926
2022-07-08,-0.6089840132491808
2022-07-11,-0.38728041455924345
2022-07-12,0.6325017138577804
2022-07-13,-1.7126024684642305
2022-07-14,-0.12320185309108167
2022-07-15,0.39943178220718245
2022-07-18,0.04680838117134822
2022-07-19,-0.6140350877193002
2022-07-20,0.7766961560385477
2022-07-21,0.8407791688327837
2022-07-22,-0.4689928608903826
2022-07-25,-0.07562820407940318
2022-07-26,0.08150576083485461
2022-07-27,1.814907433266244
2022-07-28,0.7198751776515966
2022-07-29,0.346019371572992
2022-08-01,0.11870975612988666
2022-08-02,-0.7396519545207259
2022-08-03,1.7349260523321863
2022-08-04,-0.8722379416235659
2022-08-05,0.7840275380816442
2022-08-08,0.40295225963291603
2022-08-09,0.0891848152696495
2022-08-10,-0.32858233984645047
2022-08-11,0.4972914263217554
2022-08-12,-0.9562966421297614
2022-08-15,-0.46031621925483046
2022-08-16,-0.7274928208307663
2022-08-17,-0.2840424848779999
2022-08-18,-0.4386756126012914
2022-08-19,-0.7782087305979513
2022-08-22,0.7381804399149372
2022-08-23,0.05724753675562244
2022-08-24,0.5664207613672811
2022-08-25,-1.2288772933933712
2022-08-26,0.028800184726174294
2022-08-29,-0.7716241277465952
2022-08-30,-0.6035226693615781
2022-08-31,-0.9458239596192963
2022-09-01,0.7780309697121623
2022-09-02,-0.5497733153362105
2022-09-06,0.8762658315767169
2022-09-07,-0.4255843654357938
2022-09-08,0.48009081802546927
2022-09-09,0.6933938208037338
2022-09-12,-1.3367268047154046
2022-09-13,-0.49853372434017773
2022-09-14,-1.833184532032861
2022-09-15,0.37828309507974556
2022-09-16,-0.3290064102798196
2022-09-19,-0.39010924201674513
2022-09-20,0.2952355581262056
2022-09-21,0.372466258147397
2022-09-22,-1.526214942229942
2022-09-23,-1.3371421228407288
2022-09-26,0.2094438638256868
2022-09-27,2.071683423726056
2022-09-28,-0.11443172645898558
2022-09-29,0.23515371806226426
2022-09-30,1.8346967969246952
2022-10-03,1.6657777048373124
2022-10-04,-0.563590221920296
2022-10-05,0.017525228090087275
2022-10-06,-0.6543174324569634
2022-10-07,-1.9523640794986807
2022-10-10,0.6837343015591246
2022-10-11,-0.5003814015653085
2022-10-12,-0.017963768146656012
2022-10-13,-1.6946137022829322
2022-10-14,0.931963774330602
2022-10-17,-0.48280024140011646
2022-10-18,-1.3038204972710687
2022-10-19,0.20276797715053085
2022-10-20,1.23865284320972
2022-10-21,-0.1393124668761403
2022-10-24,0.24868670938793525
2022-10-25,0.6776349734389342
2022-10-26,-0.19832024207482313
2022-10-27,-1.2705471311086791
2022-10-28,-0.22566182160088655
2022-10-31,0.5562672198869079
2022-11-01,0.04255022321428825
2022-11-02,-1.1180593601310962
2022-11-03,2.7776039953065323
2022-11-04,0.23916292974588416
2022-11-07,2.123470061791677
2022-11-08,-0.1168156082307914
2022-11-09,2.3507440393017776
2022-11-10,0.8969862728614109
2022-11-11,0.43034969342794493
2022-11-14,0.01128062950730424
2022-11-15,-0.04510366479320016
2022-11-16,-0.6880965127961103
2022-11-17,-0.5054534397580079
2022-11-18,-0.827672800840884
2022-11-21,0.051802947013657175
2022-11-22,0.3796798826754211
2022-11-23,0.48140433815875294
2022-11-25,-0.7528701804925042
2022-11-28,0.47698689411970197
2022-11-29,-0.13726975409227293
2022-11-30,3.155783252344646
2022-12-01,-0.2887097463972421
2022-12-02,-1.5869480267588165
2022-12-05,0.10750392598259939
2022-12-06,0.9156135604362126
2022-12-07,0.1792187718776317
2022-12-08,0.5255227075901647
2022-12-09,-0.9788096226519438
2022-12-12,1.8758789336738246
2022-12-13,-0.3528322580032994
2022-12-14,-1.6763512491355437
2022-12-15,0.720236843338018
2022-12-16,-0.12849434793994474
2022-12-19,1.5774500202733632
2022-12-20,0.0
2022-12-21,-1.5914986522117425
2022-12-22,0.4980427763884965
2022-12-23,1.0523984719154278
2022-12-27,-0.3802085204107186
2022-12-28,0.6416270495763099
2022-12-29,0.010989347176426634
2022-12-30,1.0990822957993807
2023-01-03,0.712077947705847
2023-01-04,-0.9715025650708919
2023-01-05,1.6023491149636415
2023-01-06,0.45595967292331174
2023-01-09,-0.05873741734490068
2023-01-10,0.16029066248843815
2023-01-11,1.1149058298440373
2023-01-12,1.2081257934087208
2023-01-13,-0.5838236603238345
2023-01-17,-0.1468082439962326
2023-01-18,0.92942401517353
2023-01-19,0.2237161897270301
2023-01-20,0.03633467415926628
2023-01-23,0.35286435131927085
2023-01-24,0.3774717754618351
2023-01-25,-0.6233245358693185
2023-01-26,-0.025918822576742606
2023-01-27,-0.29554864896974564
2023-01-30,0.34323030329923565
2023-01-31,-0.08810319626199048
2023-02-01,-0.5965348951511129
2023-02-02,-2.7866212520694877
2023-02-03,0.17713922994071485
2023-02-06,0.29471654398802727
2023-02-07,0.3045399044124819
2023-02-08,-0.596573617584939
2023-02-09,-0.1821831761176007
2023-02-10,-0.5851419437593264
2023-02-13,0.11339573185662477
2023-02-14,-1.067963798712246
2023-02-15,0.42525618993400904
2023-02-16,-0.08686078099552352
2023-02-17,-0.40208782416303324
2023-02-21,-0.054555373704312515
2023-02-22,-0.7641921397379958
2023-02-23,-0.5060479192450451
2023-02-24,0.4533365187151306
2023-02-27,0.6549270453529266
2023-02-28,0.48115952979068677
2023-03-01,-0.2285439018049007
2023-03-02,0.7744723846127677
2023-03-03,0.01082823226037366
2023-03-06,-1.8399263786351705
2023-03-07,-0.06615983384062885
2023-03-08,0.9157664314779934
2023-03-09,1.7875662985316731
2023-03-10,2.6691703099825492
2023-03-13,-0.28770205264839754
2023-03-14,1.0701933132209573
2023-03-15,-0.3944760553433624
2023-03-16,2.6472146340867697
2023-03-17,0.4772008381938253
2023-03-20,-2.0816467354640267
2023-03-21,0.4540788869001444
2023-03-22,2.414218143681035
2023-03-23,-0.5868227984578644
2023-03-24,-1.4984083314513619
2023-03-27,1.0243802371392663
2023-03-28,-0.3194102996422643
2023-03-29,0.7222457361536483
2023-03-30,-0.5706230646619459
2023-03-31,0.7567305441372518
2023-04-03,1.9305371382877246
2023-04-04,-0.06428280037585887
2023-04-05,-0.4453461275309434
2023-04-06,-1.1332595333490847
2023-04-10,0.7893053860986932
2023-04-11,0.3042685274026846
2023-04-12,1.5117620988104763
2023-04-13,-1.9154507774933327
2023-04-14,-0.39956049321235865
2023-04-17,0.661923255711172
2023-04-18,-0.607754961333562
2023-04-19,0.621492818641034
2023-04-20,-1.3996800123359354
2023-04-21,0.484969718915762
2023-04-24,0.24634379740611223
2023-04-25,-0.416251194991224
2023-04-26,0.2115160067214017
2023-04-27,0.010048302398191211
2023-04-28,-0.3366640497496798
2023-05-01,1.5579320375974648
2023-05-02,0.7099203897717121
2023-05-03,0.9563257738115283
2023-05-04,-1.4941394329071045
2023-05-05,0.4411630963793378
2023-05-08,0.4885704044411021
2023-05-09,-0.27993081762891503
2023-05-10,-0.7781358693979334
2023-05-11,-0.009924612931011545
2023-05-12,0.17374038222883748
2023-05-15,-1.4667976008888806
2023-05-16,-0.38724970567511896
2023-05-17,-1.2217878410890615
2023-05-18,1.1346767785266998
2023-05-19,-0.19709417496271975
2023-05-22,-0.1215325275835788
2023-05-23,-0.48671544651746057
2023-05-24,-1.0036719356079749
2023-05-25,0.05146415586252395
2023-05-26,0.7149850619113884
2023-05-30,0.30132913248530624
2023-05-31,0.7179579108230971
2023-06-01,-1.2942353683487062
2023-06-02,0.28682521593483834
2023-06-05,0.3830439223697635
2023-06-06,-1.1600126597875904
2023-06-07,1.0758235929050786
2023-06-08,-0.07129886084077386
2023-06-09,-0.3516411433824196
2023-06-12,-0.5472343361623944
2023-06-13,0.550245468298094
2023-06-14,0.12785761456397537
2023-06-15,0.030645396413020443
2023-06-16,-1.1693231274807592
2023-06-20,-0.11366319668689728
2023-06-21,-1.0655406370437381
2023-06-22,0.334606816408467
2023-06-23,0.23969442157556475
2023-06-26,-0.5042341018913099
2023-06-27,-0.08881667564655249
2023-06-28,-0.16211355839005348
2023-06-29,0.623299011020717
2023-06-30,0.031230836164808373
2023-07-03,-0.10927697555785931
2023-07-05,-0.5678279096005601
2023-07-06,0.9168544269755774
2023-07-07,-0.06229629333885933
2023-07-10,0.32727526379869865
2023-07-11,1.2892819196508976
2023-07-12,0.15335855612319538
2023-07-13,0.04593836445965227
2023-07-14,-0.39283461393714303
2023-07-17,1.2702277426602349
2023-07-18,0.015175441813419788
2023-07-19,-0.46523141197850615
2023-07-20,-0.2032210486598074
2023-07-21,-0.20363487759348375
2023-07-24,0.09181894164052018
2023-07-25,0.3465699461157268
2023-07-26,-1.1935598409570591
2023-07-27,0.7710496459214289
2023-07-28,0.5151997276145792
2023-07-31,-1.512308999143619
2023-08-01,-0.170037967786818
2023-08-02,-0.27872531981079085
2023-08-03,0.3933734775329878
2023-08-04,-0.31449657984733426
2023-08-07,-0.4861662484645701
2023-08-08,-0.4521569191967556
2023-08-09,-0.0522084153312008
2023-08-10,-0.07835353013323498
2023-08-11,-0.12023884148516517
2023-08-14,-0.4239493190328014
2023-08-15,-0.33640075763797794
2023-08-16,-0.6328780209119422
2023-08-17,0.10615147953483284
2023-08-18,0.38174398681865007
2023-08-21,0.16373398330900013
2023-08-22,1.165364654156531
2023-08-23,-0.015639761695329657
2023-08-24,-0.3701374083343034
2023-08-25,0.35581858170659064
2023-08-28,0.9698094451831452
2023-08-29,0.40279105748128874
2023-08-30,-0.3137426067507776
2023-08-31,0.08255586093077749
2023-09-01,-0.7011082232143528
2023-09-05,-0.4205158234486306
2023-09-06,-0.031279682684648424
2023-09-07,0.04693738795631397
2023-09-08,0.2554224536959637
2023-09-11,-0.6239276085554968
2023-09-12,-0.11510873154303436
2023-09-13,0.047143912082781014
2023-09-14,0.7172749304646509
2023-09-15,0.40547117669642585
2023-09-18,0.025886616619197333
2023-09-19,0.7039324837441852
2023-09-20,-1.35690916659843
2023-09-21,0.32305509586958436
2023-09-22,-0.45705041635714094
2023-09-25,-0.8452442543166794
2023-09-26,-1.515472977169885
2023-09-27,-0.5984158643926429
2023-09-28,-0.6611507561121943
2023-09-29,-0.9793829243571639
2023-10-02,-0.29508330131489124
2023-10-03,-0.3343185173494634
2023-10-04,-0.10448305823824722
2023-10-05,0.748649992772954
2023-10-06,1.054532255656948
2023-10-09,0.621789672884554
2023-10-10,0.634070329292058
2023-10-11,-0.18688594130430447
2023-10-12,3.108113950051017
2023-10-13,-0.3268677362417427
2023-10-16,0.08328434783564376
2023-10-17,1.6955374465152717
2023-10-18,0.6699726517057414
2023-10-19,0.7163165723966358
2023-10-20,-0.31273398092686033
2023-10-23,-0.06578195597859438
2023-10-24,0.46075825751581423
2023-10-25,0.15624089632992888
2023-10-26,0.07045211596532486
2023-10-27,0.38217719396773653
2023-10-30,-0.5510470027585423
2023-10-31,-0.32238074255301896
2023-11-01,0.3436389018607322
2023-11-02,0.2971406369161267
2023-11-03,-0.4971139550119297
2023-11-06,-0.7468675282677251
2023-11-07,-0.7779158251110085
2023-11-08,0.650778948084807
2023-11-09,-1.6087962718400628
2023-11-10,0.6674958386125196
2023-11-13,0.8378334015998412
2023-11-14,-0.08665884391241274
2023-11-15,1.2142262703212614
2023-11-16,-0.11593572255760298
2023-11-17,-0.19681189251676834
2023-11-20,1.092182747107362
2023-11-21,-0.3951395098846233
2023-11-22,0.5423283431459369
2023-11-24,0.47947746930225854
2023-11-27,1.3868128872947194
2023-11-28,0.362799656381374
2023-11-29,-0.43964633419645294
2023-11-30,1.6142497820600843
2023-12-01,-2.2646076491580125
2023-12-04,-0.27666496978818733
2023-12-05,0.5945008669804297
2023-12-06,-0.02954816970881513
2023-12-07,-1.5567257109156851
2023-12-08,-1.0158659026220707
2023-12-11,-0.010108754897619754
2023-12-12,0.22752552780380686
2023-12-13,2.416380021383091
2023-12-14,-0.44823050954585497
2023-12-15,0.2572892635199775
2023-12-18,0.5971462909915681
2023-12-19,-0.19132772602784565
2023-12-20,0.2260985788123726
2023-12-21,0.8827483833959704
2023-12-22,0.05346621279529451
2023-12-26,1.151489249544535
2023-12-27,-0.3842643919140354
2023-12-28,-0.5545108511265995
2023-12-29,0.09697440335054708
2024-01-02,-1.462892491788459
2024-01-03,0.3981957452896312
2024-01-04,0.004895244750890981
2024-01-05,-0.7736020681187505
2024-01-08,-0.009866336439545709
2024-01-09,-0.23194202455394386
2024-01-10,-0.3660237682382439
2024-01-11,1.6084943433625654
2024-01-12,-1.011381817839141
2024-01-16,-1.1549863975351626
2024-01-17,0.7989613599849621
2024-01-18,0.3913615629451028
2024-01-19,-0.33061688486922813
2024-01-22,0.19308358498222322
2024-01-23,-0.4842578936733011
2024-01-24,0.14896469356133757
2024-01-25,-0.004956893486407488
2024-01-26,0.4164965361157513
2024-01-29,0.3110828056498649
2024-01-30,0.8318928055008667
2024-01-31,0.2245702926946258
2024-02-01,-0.8231867712646168
2024-02-02,-0.5107816187203462
2024-02-05,0.43442015304557824
2024-02-06,0.03440408807446893
2024-02-07,-0.14740566391389098
2024-02-08,-0.43794422584342296
2024-02-09,-0.25206828118271574
2024-02-12,-1.2535887112236854
2024-02-13,-0.13046191751149294
2024-02-14,0.5928717514105619
2024-02-15,0.469508242779515
2024-02-16,0.7954262987819982
2024-02-20,-0.25647108122688334
2024-02-21,-0.12857130957182328
2024-02-22,0.9357837733815932
2024-02-23,-0.4954368540613041
2024-02-26,0.2711363076164597
2024-02-27,-0.0491642084562427
2024-02-28,0.6246901707759545
2024-02-29,2.0139782057614797
2024-03-01,1.4758757137097955
2024-03-04,0.746094781717388
2024-03-05,0.7874407700082076
2024-03-06,0.3580872900073251
2024-03-07,0.9545921064064045
2024-03-08,0.17900955517011763
2024-03-11,-1.0126047036082442
2024-03-12,0.6943158988170106
2024-03-13,-0.5700056495539285
2024-03-14,-0.26352062745608196
2024-03-15,0.15759988257531
2024-03-18,-0.20363319494517418
2024-03-19,0.0741943829428715
2024-03-20,1.1353631358614003
2024-03-21,-1.11344417956597
2024-03-22,0.7738265333480765
2024-03-25,0.03678723607516421
2024-03-26,0.6894649442312106
2024-03-27,1.2234001411838502
2024-03-28,0.8613736131250604
2024-04-01,1.0954616588419341
2024-04-02,1.4772181487726632
2024-04-03,-0.24406615036484114
2024-04-04,1.6121942308871873
2024-04-05,0.25798684808746586
2024-04-08,0.5060706383852809
2024-04-09,-0.593125766748448
2024-04-10,1.0817286278974603
2024-04-11,0.0594488837575291
2024-04-12,0.40743985464710697
2024-04-15,1.0567249760766284
2024-04-16,-0.7988998354593546
2024-04-17,0.4469409231556698
2024-04-18,0.6758113245871167
2024-04-19,-2.7601715254901182
2024-04-22,-0.19295086588689836
2024-04-23,-0.13747266567858407
2024-04-24,0.22800812338674703
2024-04-25,0.2146106916992796
2024-04-26,0.4539940591891556
2024-04-29,-2.302379220960915
2024-04-30,0.37095227207202264
2024-05-01,-0.030433984155642246
2024-05-02,-0.008696554285025915
2024-05-03,0.9830403504240914
2024-05-06,-0.2756782484130804
2024-05-07,-0.06910217473075075
2024-05-08,0.7996196066356154
2024-05-09,1.509367081080737
2024-05-10,-1.3179550765995973
2024-05-13,0.7405420985537647
2024-05-14,1.4999596453186603
2024-05-15,-0.36421280821004043
2024-05-16,1.3529391248686906
2024-05-17,0.8995917258572517
2024-05-20,-0.5012511467758718
2024-05-21,-1.3420324835978548
2024-05-22,-2.2685397739645285
2024-05-23,-0.10706638115631772
2024-05-24,0.9732026225884205
2024-05-28,-0.6326385297492965
2024-05-29,0.11109060639156176
2024-05-30,-0.8536429567474357
2024-05-31,1.0202848296901212
2024-06-03,-0.8991773961538829
2024-06-04,1.2298472438722952
2024-06-05,0.6881589779467623
2024-06-06,-2.7464918497738466
2024-06-07,0.10845046212710763
2024-06-10,-0.008664522082846293
2024-06-11,1.2351029252437806
2024-06-12,-1.5325363368204226
2024-06-13,1.3564016969907167
2024-06-14,-0.8149610017955
2024-06-17,0.778412072313106
2024-06-18,1.0041257923518065
2024-06-20,-1.5889262345370136
2024-06-21,0.5871221822488115
2024-06-24,-0.5751031048819688
2024-06-25,-0.7511070426863498
2024-06-26,1.1003848888927692
2024-06-27,0.13766191318025367
2024-06-28,-0.004289793260281449
2024-07-01,-0.19763264578318562
2024-07-02,1.5841605177841167
2024-07-03,1.2162026687865923
2024-07-05,-1.3941824922807156
2024-07-08,0.20805649566768558
2024-07-09,0.5126839123324123
2024-07-10,1.804234453633713
2024-07-11,-0.041407867494824835
2024-07-12,0.3686786389291541
2024-07-15,1.6302778320222977
2024-07-16,-0.3086360387031917
2024-07-17,-0.12220954620854041
2024-07-18,-2.296274072391602
2024-07-19,-0.1461072844917588
2024-07-22,0.5267599354619623
2024-07-23,0.36180449216294264
2024-07-24,-2.544240054782676
2024-07-25,1.1947828914082192
2024-07-26,-0.11344332654936728
2024-07-29,1.1651853196036122
2024-07-30,0.8939708939708968
2024-07-31,0.35029878425716365
2024-08-01,-0.38193219006673607
2024-08-02,-0.9894051400877291
2024-08-05,-0.5246222996955541
2024-08-06,0.058595382634796245
2024-08-07,1.326080366947302
2024-08-08,0.4087254018639186
2024-08-09,1.2458288504120008
2024-08-12,0.17462837064086134
2024-08-13,-1.1067438021862053
2024-08-14,0.5616215405820579
2024-08-15,1.8547958986048663
2024-08-16,0.1280697609383985
2024-08-19,0.3797265894390778
2024-08-20,-0.11548387002693339
2024-08-21,-1.1760485229024398
2024-08-22,1.1900440179980043
2024-08-23,0.3707562266860087
2024-08-26,-0.06752000654739465
2024-08-27,-0.59618441971383
2024-08-28,0.9876030056727325
2024-08-29,-1.2630123514453473
2024-08-30,-0.15639371272799796
2024-09-03,0.14056789980614326
2024-09-04,0.7219058596689809
2024-09-05,-0.7127459998324093
2024-09-06,0.3328674083868055
2024-09-09,0.4196978093800263
2024-09-10,-0.00795888898574848
2024-09-11,1.5564608095077315
2024-09-12,1.1798407899162866
2024-09-13,-0.03487182688365342
2024-09-16,-0.6239286205599992
2024-09-17,0.24957696922693895
2024-09-18,0.6729703643647111
2024-09-19,1.2326082822160078
2024-09-20,0.2519217490082548
2024-09-23,0.9404131418951023
2024-09-24,0.3017501564325231
2024-09-25,0.4023748258253246
2024-09-26,-0.9588319582000904
2024-09-27,-0.31009911963315595
2024-09-30,1.1835647363927837
2024-10-01,-0.7573182919840549
2024-10-02,0.3777718873892999
2024-10-03,-0.4252774985064489
2024-10-04,-0.037795751059988
2024-10-07,-1.1267410873396222
2024-10-08,-0.34416826003823564
2024-10-09,0.5602493344685433
2024-10-10,1.4118903541632033
2024-10-11,-0.3687555865447112
2024-10-14,0.5136284184919404
2024-10-15,0.4734387209210489
2024-10-16,0.6357516828721099
2024-10-17,0.843550768185608
2024-10-18,0.3463959410956896
2024-10-21,0.7748467834063577
2024-10-22,-1.0859284803718228
2024-10-23,0.7552313858506743
2024-10-24,0.21938645706405246
2024-10-25,0.07296873549778038
2024-10-28,0.9296730069591863
2024-10-29,0.7260547018237196
2024-10-30,-1.8002492799668257
2024-10-31,0.01095748540242969
2024-11-01,-0.0912875159151394
2024-11-04,0.15350137136695974
2024-11-05,-2.6529923685898793
2024-11-06,1.154588527514333
2024-11-07,-0.4039394729551615
2024-11-08,-2.8390715843023218
2024-11-11,-0.4289197066983941
2024-11-12,-0.7384596604567362
2024-11-13,-0.488224481473154
2024-11-14,-0.09734444542992549
2024-11-15,1.7500154865679907
2024-11-18,0.6320385881703361
2024-11-19,0.8031613844653007
2024-11-20,0.9025053593026078
2024-11-21,1.414610355377599
2024-11-22,-3.4355458456271526
2024-11-25,0.13375114394267307
2024-11-26,0.7480003492115639
2024-11-27,0.647755531983174
2024-11-29,-0.8317688240967236
2024-12-02,0.3719324904679633
2024-12-03,0.34408809408483787
2024-12-04,-1.0249435025779796
2024-12-05,0.45686437043490624
2024-12-06,0.9967332568076914
2024-12-09,1.2270703032313035
2024-12-10,1.3419317119437668
2024-12-11,-1.6936150413770057
2024-12-12,-1.1720930232558158
2024-12-13,-0.17319644790098065
2024-12-16,-0.2640114753648559
2024-12-17,-0.29874083480143643
2024-12-18,-1.6802597696994104
2024-12-19,1.408070391464178
2024-12-20,-0.6238788240719106
2024-12-23,0.2947575327470142
2024-12-24,0.7175591155772931
2024-12-26,-0.8185575737669981
2024-12-27,-0.42411178827413964
2024-12-30,0.8863762959987476
2024-12-31,1.1296193413755873
2025-01-02,-0.5227689215189235
2025-01-03,-0.2495311023156921
2025-01-06,0.6936040594857751
2025-01-07,0.2935991633034929
2025-01-08,0.7243403575952323
2025-01-09,0.9203349997202626
2025-01-10,-1.2922281705741168
2025-01-13,0.14961660744343686
2025-01-14,1.3071895424836555
2025-01-15,1.2497659850230436
2025-01-16,-0.07645840337501264
2025-01-17,0.38989727732010593
2025-01-21,0.45735381692377786
2025-01-22,-0.16259574509376318
2025-01-23,0.5139137443453512
2025-01-24,-1.4330482169155112
2025-01-27,1.0703214183789944
2025-01-28,0.08313028724642457
2025-01-29,1.9464772107505413
2025-01-30,-0.37194473963868546
2025-01-31,0.7608854166666568
2025-02-03,0.6845741611526401
2025-02-04,0.6413643330515084
2025-02-05,-0.5432545314712378
2025-02-06,0.39565997297357214
2025-02-07,1.6391727129920985
2025-02-10,-0.06176607754746488
2025-02-11,-0.1201716738197467
2025-02-12,0.5809522978257098
