date,temporal_context_score
2015-02-05,0.085946836
2015-02-06,0.02974822
2015-02-09,0.05465487
2015-02-10,0.043332983
2015-02-11,0.030895784
2015-02-12,0.03245375
2015-02-13,0.019004177
2015-02-17,0.015295111
2015-02-18,0.020766562
2015-02-19,0.017344184
2015-02-20,0.015913567
2015-02-23,0.01456771
2015-02-24,0.0113193765
2015-02-25,0.009901205
2015-02-26,0.009016487
2015-02-27,0.01145476
2015-03-02,0.011325008
2015-03-03,0.01230337
2015-03-04,0.012854136
2015-03-05,0.017911011
2015-03-06,0.076194584
2015-03-09,0.51009
2015-03-10,0.8466737
2015-03-11,0.9624408
2015-03-12,0.9850013
2015-03-13,0.97867703
2015-03-16,0.9793412
2015-03-17,0.98109263
2015-03-18,0.9867798
2015-03-19,0.9817661
2015-03-20,0.95666206
2015-03-23,0.83778775
2015-03-24,0.45063624
2015-03-25,0.13234515
2015-03-26,0.029013455
2015-03-27,0.025581963
2015-03-30,0.019848917
2015-03-31,0.024342021
2015-04-01,0.0453179
2015-04-02,0.06272396
2015-04-06,0.031921547
2015-04-07,0.035123646
2015-04-08,0.027050545
2015-04-09,0.014466618
2015-04-10,0.01430575
2015-04-13,0.011581249
2015-04-14,0.012449226
2015-04-15,0.0114964275
2015-04-16,0.009704433
2015-04-17,0.0090672355
2015-04-20,0.011832044
2015-04-21,0.009921485
2015-04-22,0.010839564
2015-04-23,0.017689664
2015-04-24,0.012810825
2015-04-27,0.022237452
2015-04-28,0.037534423
2015-04-29,0.028182233
2015-04-30,0.05077067
2015-05-01,0.07563034
2015-05-04,0.050652627
2015-05-05,0.03719645
2015-05-06,0.042576108
2015-05-07,0.03803948
2015-05-08,0.06924462
2015-05-11,0.058539473
2015-05-12,0.0406744
2015-05-13,0.047879644
2015-05-14,0.062012322
2015-05-15,0.032142498
2015-05-18,0.016982738
2015-05-19,0.021277504
2015-05-20,0.014026352
2015-05-21,0.0133014945
2015-05-22,0.009860447
2015-05-26,0.013411423
2015-05-27,0.031851254
2015-05-28,0.024177605
2015-05-29,0.025163157
2015-06-01,0.04413863
2015-06-02,0.06981589
2015-06-03,0.05343107
2015-06-04,0.05133275
2015-06-05,0.086390235
2015-06-08,0.10181244
2015-06-09,0.10549835
2015-06-10,0.07716635
2015-06-11,0.04245568
2015-06-12,0.028155195
2015-06-15,0.04416483
2015-06-16,0.12610222
2015-06-17,0.13364774
2015-06-18,0.18209313
2015-06-19,0.12484073
2015-06-22,0.07127428
2015-06-23,0.04801728
2015-06-24,0.026616942
2015-06-25,0.02911964
2015-06-26,0.032765992
2015-06-29,0.13363266
2015-06-30,0.5242959
2015-07-01,0.59759575
2015-07-02,0.5528614
2015-07-06,0.53947514
2015-07-07,0.4099954
2015-07-08,0.5208358
2015-07-09,0.63525224
2015-07-10,0.6567744
2015-07-13,0.5910017
2015-07-14,0.4423484
2015-07-15,0.37506375
2015-07-16,0.7049918
2015-07-17,0.80379516
2015-07-20,0.9220853
2015-07-21,0.9530886
2015-07-22,0.848524
2015-07-23,0.61498284
2015-07-24,0.26266322
2015-07-27,0.12579368
2015-07-28,0.12061082
2015-07-29,0.054571148
2015-07-30,0.040916905
2015-07-31,0.031515967
2015-08-03,0.0148112625
2015-08-04,0.011508952
2015-08-05,0.013433398
2015-08-06,0.013472882
2015-08-07,0.018413167
2015-08-10,0.01764233
2015-08-11,0.022698054
2015-08-12,0.02508079
2015-08-13,0.03340418
2015-08-14,0.021326037
2015-08-17,0.01557738
2015-08-18,0.017560933
2015-08-19,0.026562426
2015-08-20,0.14395858
2015-08-24,0.60027224
2015-08-25,0.8570295
2015-08-26,0.9650706
2015-08-27,0.97514516
2015-08-28,0.961131
2015-08-31,0.8799268
2015-09-01,0.7080693
2015-09-02,0.626874
2015-09-03,0.45502308
2015-09-04,0.37055764
2015-09-08,0.37019402
2015-09-09,0.33814573
2015-09-10,0.48265237
2015-09-11,0.29621044
2015-09-14,0.18976493
2015-09-15,0.1465502
2015-09-16,0.11451882
2015-09-17,0.116768114
2015-09-18,0.13336961
2015-09-21,0.12812357
2015-09-22,0.09694237
2015-09-23,0.11658453
2015-09-24,0.27966037
2015-09-25,0.44954878
2015-09-28,0.351272
2015-09-29,0.35660097
2015-09-30,0.3739512
2015-10-01,0.3378449
2015-10-02,0.24512303
2015-10-05,0.24031551
2015-10-06,0.1467412
2015-10-07,0.09088233
2015-10-08,0.05957619
2015-10-09,0.030724758
2015-10-12,0.02979865
2015-10-13,0.022761514
2015-10-14,0.024422143
2015-10-15,0.04141847
2015-10-16,0.029697223
2015-10-19,0.023830416
2015-10-20,0.016736627
2015-10-21,0.014467142
2015-10-22,0.01289137
2015-10-23,0.011665126
2015-10-26,0.011657734
2015-10-27,0.011233423
2015-10-28,0.013488165
2015-10-29,0.01727019
2015-10-30,0.026197791
2015-11-02,0.020843377
2015-11-03,0.02083751
2015-11-04,0.03566049
2015-11-05,0.034191895
2015-11-06,0.030300438
2015-11-09,0.051440157
2015-11-10,0.036347535
2015-11-11,0.021154607
2015-11-12,0.030488018
2015-11-13,0.046608176
2015-11-16,0.046925373
2015-11-17,0.058105975
2015-11-18,0.13439128
2015-11-19,0.076359175
2015-11-20,0.04701334
2015-11-23,0.038344316
2015-11-24,0.022972394
2015-11-25,0.024200711
2015-11-27,0.020196956
2015-11-30,0.03302981
2015-12-01,0.05042691
2015-12-02,0.031659592
2015-12-03,0.124584675
2015-12-04,0.24156249
2015-12-07,0.16012776
2015-12-08,0.14113706
2015-12-09,0.18662964
2015-12-10,0.20274289
2015-12-11,0.34706333
2015-12-14,0.60801834
2015-12-15,0.7227422
2015-12-16,0.72435695
2015-12-17,0.62558687
2015-12-21,0.5165777
2015-12-22,0.34126568
2015-12-23,0.10422047
2015-12-24,0.055821974
2015-12-28,0.033421695
2015-12-29,0.021860065
2015-12-30,0.023428708
2015-12-31,0.03573477
2016-01-04,0.08395738
2016-01-05,0.23699573
2016-01-07,0.41262335
2016-01-08,0.72035784
2016-01-11,0.83034337
2016-01-12,0.8233561
2016-01-13,0.8402037
2016-01-14,0.7970693
2016-01-15,0.7930885
2016-01-19,0.77618754
2016-01-20,0.82488334
2016-01-21,0.8000232
2016-01-22,0.6836856
2016-01-25,0.48280802
2016-01-26,0.5504808
2016-01-27,0.51408994
2016-01-28,0.36494514
2016-01-29,0.25869003
2016-02-01,0.18948004
2016-02-02,0.16651693
2016-02-03,0.5144446
2016-02-04,0.8278939
2016-02-05,0.9554241
2016-02-08,0.9908069
2016-02-09,0.99767715
2016-02-10,0.9984456
2016-02-11,0.99924433
2016-02-12,0.9992524
2016-02-16,0.998917
2016-02-17,0.99867344
2016-02-18,0.99754286
2016-02-19,0.9945791
2016-02-22,0.9888215
2016-02-23,0.9829428
2016-02-24,0.9836273
2016-02-25,0.9825246
2016-02-26,0.9775745
2016-02-29,0.9739987
2016-03-01,0.96787953
2016-03-02,0.93477297
2016-03-03,0.9275973
2016-03-04,0.9195886
2016-03-07,0.8557227
2016-03-08,0.7929558
2016-03-09,0.7047689
2016-03-10,0.5165488
2016-03-11,0.26038823
2016-03-14,0.15518315
2016-03-15,0.09574296
2016-03-16,0.07587312
2016-03-17,0.063750334
2016-03-18,0.03812494
2016-03-21,0.026956419
2016-03-22,0.016018795
2016-03-23,0.014244297
2016-03-24,0.020086585
2016-03-28,0.014517224
2016-03-29,0.015421952
2016-03-30,0.022574998
2016-03-31,0.013133626
2016-04-01,0.0109980935
2016-04-04,0.009942139
2016-04-05,0.012253054
2016-04-06,0.015811378
2016-04-07,0.018625954
2016-04-08,0.030422285
2016-04-11,0.02746464
2016-04-12,0.031198697
2016-04-13,0.022279069
2016-04-14,0.021632953
2016-04-15,0.033364978
2016-04-18,0.01727772
2016-04-19,0.01626386
2016-04-20,0.034255452
2016-04-21,0.03394511
2016-04-22,0.08509071
2016-04-25,0.09609569
2016-04-26,0.090759195
2016-04-27,0.1797025
2016-04-28,0.7133009
2016-04-29,0.9025513
2016-05-02,0.95484704
2016-05-03,0.9751972
2016-05-04,0.9590932
2016-05-05,0.851002
2016-05-06,0.47300035
2016-05-09,0.22981355
2016-05-10,0.14316458
2016-05-11,0.04614026
2016-05-12,0.031692114
2016-05-13,0.029596932
2016-05-16,0.026956663
2016-05-17,0.035745908
2016-05-18,0.06055224
2016-05-19,0.15758161
2016-05-20,0.22425039
2016-05-23,0.14498307
2016-05-24,0.11714844
2016-05-25,0.10847384
2016-05-26,0.041987058
2016-05-27,0.022158286
2016-05-31,0.017508721
2016-06-01,0.015928097
2016-06-02,0.014954845
2016-06-03,0.017589288
2016-06-06,0.033819035
2016-06-07,0.02699368
2016-06-08,0.03647921
2016-06-09,0.15595074
2016-06-10,0.44324452
2016-06-13,0.780124
2016-06-14,0.91625845
2016-06-15,0.96022177
2016-06-16,0.9682363
2016-06-17,0.9672898
2016-06-20,0.92564493
2016-06-21,0.8901239
2016-06-22,0.85427517
2016-06-23,0.75982094
2016-06-24,0.809976
2016-06-27,0.8747269
2016-06-28,0.8837879
2016-06-29,0.7384195
2016-06-30,0.5914164
2016-07-01,0.19168702
2016-07-05,0.11405492
2016-07-06,0.12146767
2016-07-07,0.107017
2016-07-08,0.07103437
2016-07-11,0.047317367
2016-07-12,0.030033214
2016-07-13,0.041440457
2016-07-14,0.017164622
2016-07-15,0.013820857
2016-07-18,0.015001869
2016-07-19,0.009537366
2016-07-20,0.008209158
2016-07-21,0.009827688
2016-07-22,0.011492928
2016-07-25,0.0102894185
2016-07-26,0.010545452
2016-07-27,0.012810651
2016-07-28,0.016596656
2016-07-29,0.013356801
2016-08-01,0.011493393
2016-08-02,0.010485944
2016-08-03,0.011243834
2016-08-04,0.0105238715
2016-08-05,0.0125186145
2016-08-08,0.017548835
2016-08-09,0.011642125
2016-08-10,0.010974343
2016-08-11,0.010844377
2016-08-12,0.012121814
2016-08-15,0.013946034
2016-08-16,0.014345422
2016-08-17,0.015725527
2016-08-18,0.01867665
2016-08-19,0.01624771
2016-08-22,0.016115012
2016-08-23,0.015699442
2016-08-24,0.02181382
2016-08-25,0.051937442
2016-08-26,0.053772762
2016-08-29,0.088190585
2016-08-30,0.06526883
2016-08-31,0.08897715
2016-09-01,0.18315604
2016-09-02,0.20390096
2016-09-06,0.14465886
2016-09-07,0.10853442
2016-09-08,0.05430727
2016-09-09,0.07462883
2016-09-12,0.27235147
2016-09-13,0.34301454
2016-09-14,0.50958174
2016-09-15,0.58780843
2016-09-19,0.4194795
2016-09-20,0.25155988
2016-09-21,0.18774067
2016-09-22,0.12800485
2016-09-23,0.055531196
2016-09-26,0.0378038
2016-09-27,0.034641426
2016-09-28,0.019969571
2016-09-29,0.022026649
2016-09-30,0.029951205
2016-10-03,0.03494205
2016-10-04,0.047032174
2016-10-05,0.07173474
2016-10-06,0.07139983
2016-10-07,0.086988494
2016-10-11,0.09254989
2016-10-12,0.07968221
2016-10-13,0.09764893
2016-10-14,0.09304835
2016-10-17,0.101708315
2016-10-18,0.08942938
2016-10-19,0.058801
2016-10-20,0.039432224
2016-10-21,0.026293997
2016-10-24,0.021856792
2016-10-25,0.019788904
2016-10-26,0.021812705
2016-10-27,0.026260335
2016-10-28,0.07950644
2016-10-31,0.23111899
2016-11-01,0.42086267
2016-11-02,0.73126775
2016-11-03,0.83107626
2016-11-04,0.8550869
2016-11-07,0.9090851
2016-11-08,0.94425625
2016-11-09,0.9658125
2016-11-10,0.96995825
2016-11-14,0.9829723
2016-11-15,0.9881088
2016-11-16,0.98755264
2016-11-17,0.98749125
2016-11-18,0.982524
2016-11-21,0.9750199
2016-11-22,0.96102035
2016-11-23,0.9659066
2016-11-25,0.9748141
2016-11-28,0.9628853
2016-11-29,0.9508656
2016-11-30,0.96393436
2016-12-01,0.9527138
2016-12-02,0.91705936
2016-12-05,0.8163602
2016-12-06,0.5540947
2016-12-07,0.1420612
2016-12-08,0.05184695
2016-12-09,0.030085132
2016-12-12,0.02700392
2016-12-13,0.025477966
2016-12-14,0.02389106
2016-12-15,0.045855675
2016-12-16,0.053233024
2016-12-19,0.03828491
2016-12-20,0.024060579
2016-12-21,0.020990686
2016-12-22,0.012087134
2016-12-23,0.010934326
2016-12-27,0.0107806865
2016-12-28,0.012573571
2016-12-29,0.016504554
2016-12-30,0.028025629
2017-01-03,0.033610728
2017-01-04,0.02979965
2017-01-05,0.025006028
2017-01-06,0.023652922
2017-01-09,0.0146223325
2017-01-10,0.010029797
2017-01-11,0.013426184
2017-01-12,0.01658963
2017-01-13,0.012860841
2017-01-17,0.014367128
2017-01-18,0.022384074
2017-01-19,0.025652412
2017-01-20,0.04144979
2017-01-23,0.038279258
2017-01-24,0.019580146
2017-01-25,0.012708121
2017-01-26,0.00860176
2017-01-27,0.0071275984
2017-01-30,0.009256343
2017-01-31,0.019146878
2017-02-01,0.031087436
2017-02-02,0.020747589
2017-02-03,0.021064
2017-02-06,0.02214316
2017-02-07,0.021108247
2017-02-08,0.019952001
2017-02-09,0.018392812
2017-02-10,0.016040409
2017-02-13,0.015214599
2017-02-14,0.0127514005
2017-02-15,0.0120549835
2017-02-16,0.022075118
2017-02-17,0.016839214
2017-02-21,0.015179167
2017-02-22,0.01821463
2017-02-23,0.021289885
2017-02-24,0.0310148
2017-02-27,0.030408885
2017-02-28,0.045184128
2017-03-01,0.11149897
2017-03-02,0.12899928
2017-03-03,0.0886471
2017-03-06,0.046341367
2017-03-07,0.02626572
2017-03-08,0.020843776
2017-03-09,0.01985042
2017-03-10,0.03364507
2017-03-13,0.024069756
2017-03-14,0.022964887
2017-03-15,0.045456547
2017-03-16,0.05311188
2017-03-17,0.040018525
2017-03-20,0.028558185
2017-03-21,0.02747392
2017-03-22,0.067707986
2017-03-23,0.06898954
2017-03-24,0.094587356
2017-03-27,0.12725712
2017-03-28,0.08833327
2017-03-29,0.04429731
2017-03-30,0.030809248
2017-03-31,0.027044237
2017-04-03,0.046617035
2017-04-04,0.036621846
2017-04-05,0.035578202
2017-04-06,0.07414506
2017-04-07,0.0522296
2017-04-10,0.11092087
2017-04-11,0.30475122
2017-04-12,0.5423895
2017-04-13,0.69230145
2017-04-17,0.75519454
2017-04-18,0.6981263
2017-04-19,0.5067727
2017-04-20,0.38613498
2017-04-21,0.3239541
2017-04-24,0.30551064
2017-04-25,0.15252732
2017-04-26,0.063254505
2017-04-27,0.034411244
2017-04-28,0.01457279
2017-05-01,0.010480661
2017-05-02,0.006739427
2017-05-03,0.006609889
2017-05-04,0.010275045
2017-05-05,0.012550103
2017-05-08,0.011555257
2017-05-09,0.009484696
2017-05-10,0.009547375
2017-05-11,0.009247938
2017-05-12,0.0106833
2017-05-15,0.009514942
2017-05-16,0.01043192
2017-05-17,0.037989974
2017-05-18,0.16849211
2017-05-19,0.14886954
2017-05-22,0.08075655
2017-05-23,0.0781815
2017-05-24,0.023990825
2017-05-25,0.01123061
2017-05-26,0.009852745
2017-05-30,0.009697366
2017-05-31,0.010253977
2017-06-01,0.014164394
2017-06-02,0.013415342
2017-06-05,0.012178525
2017-06-06,0.011279818
2017-06-07,0.021609802
2017-06-08,0.019372223
2017-06-09,0.016629772
2017-06-12,0.019086313
2017-06-13,0.016116796
2017-06-14,0.015424327
2017-06-15,0.024663445
2017-06-16,0.028057415
2017-06-19,0.021942373
2017-06-20,0.020183325
2017-06-21,0.021679072
2017-06-22,0.01837383
2017-06-23,0.018935543
2017-06-26,0.017566504
2017-06-27,0.015374845
2017-06-28,0.019536667
2017-06-29,0.018077662
2017-06-30,0.026075963
2017-07-03,0.033892546
2017-07-05,0.051506214
2017-07-06,0.0432418
2017-07-07,0.05916075
2017-07-10,0.043547086
2017-07-11,0.027138403
2017-07-12,0.030331789
2017-07-13,0.016339438
2017-07-14,0.012073938
2017-07-17,0.008862463
2017-07-18,0.007976803
2017-07-19,0.008190334
2017-07-20,0.0071560033
2017-07-21,0.0072259945
2017-07-24,0.0086003775
2017-07-25,0.007373374
2017-07-26,0.008113692
2017-07-27,0.011166742
2017-07-28,0.014080265
2017-07-31,0.016710257
2017-08-01,0.012940216
2017-08-02,0.012312326
2017-08-03,0.013830518
2017-08-04,0.014704767
2017-08-07,0.015632477
2017-08-08,0.018448431
2017-08-09,0.07236922
2017-08-10,0.19994299
2017-08-11,0.4843268
2017-08-14,0.6040188
2017-08-15,0.49370122
2017-08-17,0.4969601
2017-08-18,0.4947859
2017-08-21,0.3205334
2017-08-22,0.14672817
2017-08-23,0.11864343
2017-08-24,0.04628671
2017-08-25,0.042598207
2017-08-28,0.05946005
2017-08-29,0.08735444
2017-08-30,0.07955024
2017-08-31,0.059196785
2017-09-01,0.08435816
2017-09-05,0.09340614
2017-09-06,0.13158014
2017-09-07,0.0991004
2017-09-08,0.08343864
2017-09-11,0.06491225
2017-09-12,0.032794293
2017-09-13,0.024476977
2017-09-15,0.018640202
2017-09-18,0.013126231
2017-09-19,0.01234526
2017-09-20,0.011364413
2017-09-21,0.009788931
2017-09-22,0.010028197
2017-09-25,0.012040748
2017-09-26,0.014007814
2017-09-27,0.012317337
2017-09-28,0.012672334
2017-09-29,0.011304947
2017-10-02,0.011000863
2017-10-03,0.013996543
2017-10-04,0.009692773
2017-10-05,0.009460688
2017-10-06,0.0103546865
2017-10-09,0.012327824
2017-10-10,0.013691673
2017-10-11,0.016167695
2017-10-12,0.011164214
2017-10-13,0.011005202
2017-10-16,0.010364277
2017-10-17,0.010327183
2017-10-18,0.012412247
2017-10-19,0.013256986
2017-10-20,0.014225287
2017-10-23,0.020248843
2017-10-24,0.027905038
2017-10-25,0.03184727
2017-10-26,0.035927843
2017-10-27,0.041988805
2017-10-30,0.025371104
2017-10-31,0.021846244
2017-11-01,0.019077146
2017-11-02,0.017749138
2017-11-03,0.012171339
2017-11-06,0.01003002
2017-11-07,0.015232697
2017-11-08,0.01125623
2017-11-09,0.013241961
2017-11-10,0.033778183
2017-11-13,0.087784216
2017-11-14,0.13880256
2017-11-15,0.19769506
2017-11-16,0.24139841
2017-11-17,0.19146988
2017-11-20,0.19305532
2017-11-21,0.0946662
2017-11-22,0.036423292
2017-11-24,0.023564233
2017-11-27,0.0114939995
2017-11-28,0.009864492
2017-11-29,0.012210497
2017-11-30,0.031921048
2017-12-01,0.09116296
2017-12-04,0.10549761
2017-12-05,0.13877319
2017-12-06,0.20985588
2017-12-07,0.12789539
2017-12-08,0.12023276
2017-12-11,0.046254024
2017-12-12,0.027416391
2017-12-13,0.038448576
2017-12-14,0.038618732
2017-12-15,0.023042243
2017-12-18,0.019096721
2017-12-19,0.0155773945
2017-12-20,0.0136296535
2017-12-21,0.010673084
2017-12-22,0.009858551
2017-12-26,0.013816654
2017-12-27,0.017782338
2017-12-28,0.017432615
2017-12-29,0.021598293
2018-01-02,0.041774333
2018-01-03,0.028086305
2018-01-04,0.013426031
2018-01-05,0.011485865
2018-01-08,0.008306189
2018-01-09,0.0077506104
2018-01-10,0.014643812
2018-01-11,0.019339874
2018-01-12,0.016631816
2018-01-16,0.035222016
2018-01-17,0.06433475
2018-01-18,0.098014615
2018-01-19,0.10918891
2018-01-22,0.11016774
2018-01-23,0.06534962
2018-01-24,0.07512225
2018-01-25,0.13017638
2018-01-26,0.11903335
2018-01-30,0.14239289
2018-01-31,0.5330732
2018-02-01,0.5016194
2018-02-02,0.5696071
2018-02-06,0.84563375
2018-02-07,0.8933424
2018-02-08,0.91984445
2018-02-09,0.9233129
2018-02-12,0.8823798
2018-02-13,0.6874517
2018-02-14,0.61671257
2018-02-15,0.40573636
2018-02-20,0.18838319
2018-02-21,0.20021787
2018-02-22,0.13120922
2018-02-23,0.079459175
2018-02-26,0.06735415
2018-02-27,0.050378993
2018-02-28,0.058501493
2018-03-01,0.096040055
2018-03-02,0.26638606
2018-03-05,0.1826132
2018-03-06,0.111428365
2018-03-07,0.08549921
2018-03-08,0.04710855
2018-03-09,0.033508208
2018-03-12,0.028086506
2018-03-13,0.023367567
2018-03-14,0.02306181
2018-03-15,0.021341303
2018-03-16,0.027756587
2018-03-19,0.03474717
2018-03-20,0.04781938
2018-03-22,0.057802387
2018-03-23,0.19881415
2018-03-26,0.4007047
2018-03-27,0.29297608
2018-03-28,0.36634973
2018-03-29,0.414462
2018-04-02,0.40904704
2018-04-03,0.50051284
2018-04-04,0.33906597
2018-04-05,0.19463433
2018-04-06,0.18307272
2018-04-09,0.12622765
2018-04-10,0.12648742
2018-04-11,0.2446174
2018-04-12,0.4389834
2018-04-13,0.35400796
2018-04-16,0.13973977
2018-04-17,0.08056543
2018-04-18,0.029931996
2018-04-19,0.021420486
2018-04-20,0.027574804
2018-04-23,0.041819233
2018-04-24,0.039741933
2018-04-25,0.03462459
2018-04-26,0.035023123
2018-04-27,0.023051193
2018-04-30,0.019657273
2018-05-01,0.027980823
2018-05-02,0.024068888
2018-05-03,0.027458642
2018-05-04,0.021496153
2018-05-07,0.017733674
2018-05-08,0.015726352
2018-05-09,0.01153664
2018-05-10,0.010077649
2018-05-14,0.009090774
2018-05-15,0.0092124725
2018-05-16,0.025123803
2018-05-17,0.014848875
2018-05-18,0.020111592
2018-05-21,0.020488683
2018-05-22,0.011853278
2018-05-23,0.012631786
2018-05-24,0.016333746
2018-05-25,0.023193073
2018-05-29,0.061334927
2018-05-30,0.13524748
2018-06-01,0.07905499
2018-06-04,0.05462818
2018-06-05,0.0467383
2018-06-06,0.015637254
2018-06-07,0.01045334
2018-06-08,0.009337241
2018-06-11,0.009111411
2018-06-12,0.010291861
2018-06-13,0.011888532
2018-06-14,0.015080056
2018-06-15,0.023851695
2018-06-18,0.02165113
2018-06-19,0.017436985
2018-06-20,0.021387178
2018-06-21,0.017489102
2018-06-22,0.03148542
2018-06-25,0.06269376
2018-06-26,0.27806827
2018-06-27,0.3828886
2018-06-28,0.49579015
2018-06-29,0.5625148
2018-07-02,0.41237998
2018-07-03,0.38213164
2018-07-05,0.27357268
2018-07-06,0.103073634
2018-07-09,0.04450944
2018-07-10,0.029842187
2018-07-11,0.0155602405
2018-07-12,0.017119022
2018-07-13,0.014704291
2018-07-16,0.0144252395
2018-07-17,0.015622875
2018-07-18,0.01691887
2018-07-19,0.019401904
2018-07-20,0.03710384
2018-07-23,0.032008424
2018-07-24,0.022333995
2018-07-25,0.017824078
2018-07-26,0.014883946
2018-07-27,0.0122660175
2018-07-30,0.018064527
2018-07-31,0.024615623
2018-08-01,0.020299602
2018-08-02,0.030796295
2018-08-03,0.02583429
2018-08-06,0.014265812
2018-08-07,0.012620504
2018-08-08,0.009624958
2018-08-09,0.0074294135
2018-08-10,0.012444619
2018-08-13,0.0339143
2018-08-14,0.097026564
2018-08-15,0.082472034
2018-08-16,0.1250116
2018-08-17,0.10304329
2018-08-20,0.050669696
2018-08-21,0.031476565
2018-08-22,0.020775285
2018-08-23,0.014315995
2018-08-24,0.01646399
2018-08-27,0.022645706
2018-08-28,0.016913256
2018-08-29,0.01585794
2018-08-30,0.018781513
2018-08-31,0.03216976
2018-09-04,0.024783997
2018-09-05,0.039570916
2018-09-06,0.07143946
2018-09-07,0.082034245
2018-09-10,0.08550091
2018-09-11,0.08484256
2018-09-12,0.05731403
2018-09-13,0.042787466
2018-09-14,0.021898353
2018-09-17,0.020272294
2018-09-18,0.033766724
2018-09-19,0.02313449
2018-09-20,0.016843334
2018-09-21,0.017350689
2018-09-24,0.017109245
2018-09-25,0.015164533
2018-09-26,0.02186727
2018-09-27,0.045471635
2018-09-28,0.050341405
2018-10-01,0.04807165
2018-10-02,0.032880917
2018-10-03,0.040773463
2018-10-05,0.044051208
2018-10-08,0.17081958
2018-10-09,0.40443063
2018-10-10,0.65620136
2018-10-11,0.88179535
2018-10-12,0.9126137
2018-10-15,0.9274648
2018-10-16,0.8790674
2018-10-17,0.6888728
2018-10-18,0.39253137
2018-10-19,0.2670647
2018-10-22,0.17355311
2018-10-23,0.22303195
2018-10-24,0.46366754
2018-10-25,0.4960108
2018-10-26,0.57918227
2018-10-29,0.66347426
2018-10-30,0.5128371
2018-10-31,0.4225727
2018-11-01,0.4487702
2018-11-02,0.30903682
2018-11-05,0.16204423
2018-11-06,0.11620193
2018-11-07,0.08874923
2018-11-08,0.04596533
2018-11-09,0.044793252
2018-11-13,0.09362011
2018-11-14,0.14305544
2018-11-15,0.18230717
2018-11-16,0.13128313
2018-11-19,0.098701194
2018-11-20,0.08604016
2018-11-21,0.11660634
2018-11-23,0.0868584
2018-11-26,0.09036106
2018-11-27,0.073003516
2018-11-28,0.08180343
2018-11-29,0.08993854
2018-11-30,0.045130618
2018-12-03,0.033469483
2018-12-04,0.03208439
2018-12-06,0.05601447
2018-12-07,0.093291804
2018-12-10,0.19608688
2018-12-11,0.17060496
2018-12-12,0.1288666
2018-12-13,0.13443725
2018-12-14,0.10009191
2018-12-17,0.24955085
2018-12-18,0.57688123
2018-12-19,0.8237621
2018-12-20,0.9595504
2018-12-21,0.99107844
2018-12-24,0.99689925
2018-12-26,0.99892575
2018-12-27,0.9991873
2018-12-28,0.99911803
2019-01-02,0.99861014
2019-01-03,0.9981335
2019-01-04,0.9959274
2019-01-07,0.98797333
2019-01-08,0.9616854
2019-01-09,0.77984434
2019-01-10,0.2956803
2019-01-11,0.037128747
2019-01-14,0.027134335
2019-01-15,0.023712559
2019-01-16,0.021589683
2019-01-17,0.02072766
2019-01-22,0.023873635
2019-01-23,0.035915572
2019-01-24,0.028548026
2019-01-25,0.027879352
2019-01-28,0.052450594
2019-01-29,0.043307688
2019-01-30,0.06515506
2019-01-31,0.06736983
2019-02-01,0.042988192
2019-02-04,0.035636436
2019-02-05,0.019434918
2019-02-06,0.0137896435
2019-02-07,0.012879288
2019-02-08,0.014551728
2019-02-11,0.014159394
2019-02-12,0.014426426
2019-02-13,0.01495328
2019-02-14,0.015422286
2019-02-15,0.017524214
2019-02-19,0.03580797
2019-02-20,0.037430156
2019-02-21,0.029146345
2019-02-22,0.027093712
2019-02-25,0.018702207
2019-02-26,0.0155192735
2019-02-27,0.013668993
2019-02-28,0.01276721
2019-03-01,0.01959969
2019-03-04,0.023271507
2019-03-05,0.02766319
2019-03-06,0.02592483
2019-03-07,0.02374024
2019-03-08,0.037252605
2019-03-11,0.047865193
2019-03-14,0.022813924
2019-03-15,0.01772429
2019-03-18,0.01563236
2019-03-19,0.010613379
2019-03-20,0.01360296
2019-03-21,0.018928332
2019-03-22,0.021238158
2019-03-25,0.053556845
2019-03-26,0.04780428
2019-03-27,0.032137558
2019-03-28,0.04409062
2019-03-29,0.04773937
2019-04-01,0.030555107
2019-04-02,0.027835272
2019-04-03,0.01765397
2019-04-04,0.01496417
2019-04-05,0.011665231
2019-04-08,0.009096923
2019-04-09,0.0123992255
2019-04-10,0.0150071485
2019-04-11,0.012857639
2019-04-12,0.014099886
2019-04-15,0.010579325
2019-04-16,0.0092782425
2019-04-17,0.014558382
2019-04-18,0.010239614
2019-04-22,0.009953701
2019-04-23,0.010951883
2019-04-24,0.010036527
2019-04-25,0.013963272
2019-04-26,0.015930466
2019-04-29,0.014236552
2019-04-30,0.01490077
2019-05-01,0.022337956
2019-05-02,0.060138904
2019-05-03,0.06392287
2019-05-06,0.088183984
2019-05-07,0.18733038
2019-05-08,0.39284536
2019-05-09,0.40356916
2019-05-10,0.4306488
2019-05-13,0.52313226
2019-05-14,0.59663934
2019-05-15,0.5096865
2019-05-16,0.41880947
2019-05-17,0.31057444
2019-05-20,0.13075529
2019-05-21,0.08320586
2019-05-22,0.046027027
2019-05-23,0.055561196
2019-05-24,0.081175104
2019-05-28,0.055433765
2019-05-29,0.08053647
2019-05-30,0.16123493
2019-05-31,0.4379125
2019-06-03,0.67053974
2019-06-04,0.6892963
2019-06-05,0.6818657
2019-06-06,0.4769487
2019-06-07,0.24355635
2019-06-10,0.09329459
2019-06-11,0.04096038
2019-06-12,0.03858363
2019-06-13,0.037434377
2019-06-14,0.037238643
2019-06-17,0.034927025
2019-06-18,0.043387376
2019-06-19,0.14094523
2019-06-20,0.48424527
2019-06-21,0.8268112
2019-06-24,0.95885694
2019-06-25,0.98954624
2019-06-26,0.9947226
2019-06-27,0.9929208
2019-06-28,0.9904462
2019-07-01,0.98667437
2019-07-02,0.98523813
2019-07-03,0.9674277
2019-07-05,0.94434977
2019-07-08,0.9513428
2019-07-09,0.92899096
2019-07-10,0.9433708
2019-07-11,0.94844157
2019-07-12,0.9424801
2019-07-15,0.932198
2019-07-16,0.91997033
2019-07-17,0.9429247
2019-07-18,0.97213316
2019-07-19,0.9815793
2019-07-22,0.98690015
2019-07-23,0.9833112
2019-07-24,0.9747531
2019-07-25,0.963919
2019-07-26,0.9440854
2019-07-29,0.94457996
2019-07-30,0.9573194
2019-07-31,0.98235863
2019-08-01,0.9941605
2019-08-02,0.9969717
2019-08-05,0.99861026
2019-08-06,0.9991001
2019-08-07,0.9992611
2019-08-08,0.99904567
2019-08-09,0.998741
2019-08-12,0.9984378
2019-08-13,0.99823797
2019-08-14,0.9983536
2019-08-15,0.99831235
2019-08-16,0.9980564
2019-08-19,0.9973787
2019-08-20,0.9964114
2019-08-21,0.9917829
2019-08-22,0.9874879
2019-08-23,0.99371207
2019-08-26,0.9928645
2019-08-27,0.99306846
2019-08-28,0.9925874
2019-08-29,0.99048257
2019-08-30,0.9829543
2019-09-03,0.9835896
2019-09-04,0.9822327
2019-09-05,0.9773957
2019-09-06,0.9685402
2019-09-09,0.8825872
2019-09-10,0.3782033
2019-09-11,0.17614326
2019-09-12,0.033880696
2019-09-13,0.01904225
2019-09-16,0.017503906
2019-09-17,0.020341208
2019-09-18,0.016918164
2019-09-19,0.015499608
2019-09-20,0.028309613
2019-09-23,0.04688989
2019-09-24,0.052324057
2019-09-25,0.08203617
2019-09-26,0.089850776
2019-09-27,0.052269284
2019-09-30,0.052902456
2019-10-01,0.111678
2019-10-02,0.22026156
2019-10-03,0.29184622
2019-10-04,0.19389296
2019-10-07,0.11310982
2019-10-08,0.11232075
2019-10-09,0.11938372
2019-10-10,0.07070563
2019-10-11,0.056540657
2019-10-14,0.04095208
2019-10-15,0.01930801
2019-10-16,0.013899268
2019-10-17,0.011720837
2019-10-18,0.010749594
2019-10-21,0.010510017
2019-10-22,0.011134922
2019-10-23,0.012752377
2019-10-24,0.013796896
2019-10-25,0.013399869
2019-10-28,0.010582939
2019-10-29,0.010256876
2019-10-30,0.009768588
2019-10-31,0.009258439
2019-11-01,0.013942409
2019-11-04,0.012146432
2019-11-05,0.011183577
2019-11-06,0.022563884
2019-11-07,0.018881775
2019-11-08,0.021927485
2019-11-11,0.023452258
2019-11-12,0.018559992
2019-11-13,0.015661715
2019-11-14,0.020380046
2019-11-15,0.014230143
2019-11-18,0.015021978
2019-11-19,0.014582873
2019-11-20,0.013429247
2019-11-21,0.0132217575
2019-11-22,0.0152384145
2019-11-25,0.013016789
2019-11-26,0.01264436
2019-11-27,0.011582521
2019-11-29,0.01162959
2019-12-02,0.018971704
2019-12-03,0.07282863
2019-12-04,0.105448715
2019-12-05,0.072568476
2019-12-06,0.0774362
2019-12-09,0.09900633
2019-12-10,0.14382736
2019-12-11,0.16645448
2019-12-12,0.14852858
2019-12-13,0.13719745
2019-12-16,0.049195185
2019-12-17,0.030164065
2019-12-18,0.021090042
2019-12-19,0.014339733
2019-12-20,0.01620516
2019-12-23,0.019415554
2019-12-24,0.03771633
2019-12-26,0.08000239
2019-12-27,0.11446791
2019-12-30,0.08960901
2019-12-31,0.099887975
2020-01-02,0.069944724
2020-01-03,0.09558427
2020-01-06,0.14428909
2020-01-07,0.1143145
2020-01-08,0.11075104
2020-01-09,0.10378735
2020-01-10,0.057806727
2020-01-13,0.03898242
2020-01-14,0.021034136
2020-01-15,0.014699295
2020-01-16,0.012596343
2020-01-17,0.0123666795
2020-01-21,0.017213382
2020-01-22,0.014539849
2020-01-23,0.015973784
2020-01-24,0.027127312
2020-01-27,0.10553983
2020-01-28,0.26128983
2020-01-29,0.19592842
2020-01-30,0.23875366
2020-01-31,0.43031085
2020-02-03,0.4898352
2020-02-04,0.51519597
2020-02-05,0.42806166
2020-02-06,0.27122316
2020-02-07,0.09864443
2020-02-10,0.072913975
2020-02-11,0.052188914
2020-02-12,0.03983729
2020-02-13,0.030834159
2020-02-14,0.037953597
2020-02-18,0.0746177
2020-02-19,0.30545214
2020-02-20,0.47722393
2020-02-21,0.8882879
2020-02-24,0.9887368
2020-02-25,0.99647444
2020-02-26,0.9991897
2020-02-27,0.9996841
2020-02-28,0.99979347
2020-03-02,0.99979407
2020-03-03,0.9998203
2020-03-04,0.99980146
2020-03-05,0.99976856
2020-03-06,0.9997032
2020-03-09,0.999705
2020-03-10,0.9996018
2020-03-11,0.9995844
2020-03-12,0.9997508
2020-03-13,0.9997956
2020-03-16,0.9998884
2020-03-17,0.9999181
2020-03-18,0.999936
2020-03-19,0.9999149
2020-03-20,0.999912
2020-03-23,0.9998888
2020-03-24,0.999899
2020-03-25,0.9999069
2020-03-26,0.9998865
2020-03-27,0.9998814
2020-03-30,0.9998405
2020-03-31,0.99972194
2020-04-01,0.9993542
2020-04-02,0.99919504
2020-04-03,0.99881494
2020-04-06,0.9989102
2020-04-07,0.9989864
2020-04-08,0.9992853
2020-04-09,0.9994524
2020-04-13,0.9994967
2020-04-14,0.9994301
2020-04-15,0.99919385
2020-04-16,0.99886143
2020-04-17,0.9980356
2020-04-20,0.99761415
2020-04-21,0.99775726
2020-04-22,0.9983565
2020-04-23,0.99848926
2020-04-24,0.99855906
2020-04-27,0.99821305
2020-04-28,0.9973999
2020-04-29,0.9952514
2020-04-30,0.9918882
2020-05-01,0.9903932
2020-05-04,0.98890966
2020-05-05,0.98757535
2020-05-06,0.99060845
2020-05-07,0.994833
2020-05-08,0.9947332
2020-05-11,0.9941309
2020-05-12,0.9935562
2020-05-13,0.989518
2020-05-14,0.9897912
2020-05-15,0.99316
2020-05-18,0.99384564
2020-05-19,0.9926878
2020-05-20,0.9885998
2020-05-21,0.96284896
2020-05-22,0.8542538
2020-05-26,0.47927925
2020-05-27,0.2898531
2020-05-28,0.14865814
2020-05-29,0.09542301
2020-06-01,0.08622223
2020-06-02,0.061458863
2020-06-03,0.043453548
2020-06-04,0.08362324
2020-06-05,0.07509209
2020-06-08,0.1059706
2020-06-09,0.23066404
2020-06-10,0.73030835
2020-06-11,0.9429147
2020-06-12,0.9861357
2020-06-15,0.99265325
2020-06-16,0.9922954
2020-06-17,0.982402
2020-06-18,0.9382839
2020-06-19,0.88604623
2020-06-22,0.9049027
2020-06-23,0.8853143
2020-06-24,0.86033416
2020-06-25,0.83519155
2020-06-26,0.70412964
2020-06-29,0.64382833
2020-06-30,0.5279279
2020-07-01,0.5430002
2020-07-02,0.39379337
2020-07-06,0.19740242
2020-07-07,0.17912756
2020-07-08,0.23299141
2020-07-09,0.24867779
2020-07-10,0.28199935
2020-07-13,0.251399
2020-07-14,0.42921266
2020-07-15,0.2637703
2020-07-16,0.143717
2020-07-17,0.1649092
2020-07-20,0.10165914
2020-07-21,0.15496536
2020-07-22,0.71233845
2020-07-23,0.9499338
2020-07-24,0.98958325
2020-07-27,0.99723214
2020-07-28,0.99848574
2020-07-29,0.998552
2020-07-30,0.99813277
2020-07-31,0.9978258
2020-08-03,0.9971771
2020-08-04,0.99756753
2020-08-05,0.9975688
2020-08-06,0.99781656
2020-08-07,0.99793327
2020-08-10,0.9981351
2020-08-11,0.9978816
2020-08-12,0.9980709
2020-08-13,0.9978763
2020-08-14,0.9974202
2020-08-17,0.9969368
2020-08-18,0.99583554
2020-08-19,0.9953216
2020-08-20,0.99413633
2020-08-21,0.99242556
2020-08-24,0.9891873
2020-08-25,0.98857296
2020-08-26,0.9862926
2020-08-27,0.9892475
2020-08-28,0.9910019
2020-08-31,0.99134254
2020-09-01,0.9923753
2020-09-02,0.99310654
2020-09-03,0.99208623
2020-09-04,0.9914602
2020-09-08,0.9842443
2020-09-09,0.96758825
2020-09-10,0.8980086
2020-09-11,0.720864
2020-09-14,0.35303897
2020-09-15,0.2301116
2020-09-16,0.19012123
2020-09-17,0.18104295
2020-09-18,0.18007793
2020-09-21,0.33763525
2020-09-22,0.60333085
2020-09-23,0.7599425
2020-09-24,0.9279288
2020-09-25,0.9310714
2020-09-28,0.8713894
2020-09-29,0.86077297
2020-09-30,0.81247234
2020-10-01,0.8148971
2020-10-02,0.8429996
2020-10-05,0.83462423
2020-10-06,0.7757242
2020-10-07,0.76224506
2020-10-08,0.6888163
2020-10-09,0.6502681
2020-10-12,0.6590861
2020-10-13,0.60656714
2020-10-14,0.76933587
2020-10-15,0.8781821
2020-10-16,0.93695986
2020-10-19,0.97481436
2020-10-20,0.9892188
2020-10-21,0.99315333
2020-10-22,0.9949067
2020-10-23,0.9950813
2020-10-26,0.9957164
2020-10-27,0.99561006
2020-10-28,0.99804115
2020-10-29,0.9989785
2020-10-30,0.9993309
2020-11-02,0.9993517
2020-11-03,0.9994011
2020-11-04,0.9991617
2020-11-05,0.9990596
2020-11-06,0.9982272
2020-11-09,0.9976991
2020-11-10,0.99633163
2020-11-11,0.99334985
2020-11-12,0.9788593
2020-11-13,0.9458391
2020-11-16,0.7900498
2020-11-17,0.2979613
2020-11-18,0.11871467
2020-11-19,0.07331276
2020-11-20,0.051227644
2020-11-23,0.06684731
2020-11-24,0.13245456
2020-11-25,0.12480869
2020-11-27,0.078174114
2020-11-30,0.07044515
2020-12-01,0.07729852
2020-12-02,0.07611416
2020-12-03,0.047565985
2020-12-04,0.032274432
2020-12-07,0.036839932
2020-12-08,0.027199918
2020-12-09,0.028075485
2020-12-10,0.060183257
2020-12-11,0.038387053
2020-12-14,0.047448594
2020-12-15,0.062320746
2020-12-16,0.058831237
2020-12-17,0.05386324
2020-12-18,0.06256043
2020-12-21,0.05648508
2020-12-22,0.08986663
2020-12-23,0.07867355
2020-12-24,0.07107984
2020-12-28,0.06214867
2020-12-29,0.053630985
2020-12-30,0.05251464
2020-12-31,0.06312111
2021-01-04,0.33671534
2021-01-05,0.5837628
2021-01-06,0.73130065
2021-01-07,0.8129172
2021-01-08,0.80201226
2021-01-11,0.7376386
2021-01-12,0.74052477
2021-01-13,0.5874466
2021-01-14,0.46142426
2021-01-15,0.51520884
2021-01-19,0.43480852
2021-01-20,0.2159156
2021-01-21,0.12424276
2021-01-22,0.07489719
2021-01-25,0.05072288
2021-01-26,0.06560535
2021-01-27,0.2491863
2021-01-28,0.73992014
2021-01-29,0.8565565
2021-02-01,0.94103944
2021-02-02,0.95665073
2021-02-03,0.8774636
2021-02-04,0.7321464
2021-02-05,0.4804753
2021-02-08,0.1265245
2021-02-09,0.04902856
2021-02-10,0.041378774
2021-02-11,0.028470874
2021-02-12,0.028667558
2021-02-16,0.041061692
2021-02-17,0.20366088
2021-02-18,0.27996278
2021-02-19,0.20649317
2021-02-22,0.33400166
2021-02-23,0.5006226
2021-02-24,0.4767796
2021-02-25,0.70100516
2021-02-26,0.9150654
2021-03-01,0.9422673
2021-03-02,0.9327431
2021-03-03,0.946167
2021-03-04,0.9392094
2021-03-05,0.92119
2021-03-08,0.90425956
2021-03-09,0.8956755
2021-03-10,0.75581336
2021-03-11,0.39530978
2021-03-12,0.15463035
2021-03-15,0.07216522
2021-03-16,0.031381126
2021-03-17,0.027672797
2021-03-18,0.02745553
2021-03-19,0.030205442
2021-03-22,0.03092374
2021-03-23,0.023313804
2021-03-24,0.0288131
2021-03-25,0.038387462
2021-03-26,0.028075784
2021-03-29,0.034521226
2021-03-30,0.07391606
2021-03-31,0.10793804
2021-04-01,0.1090218
2021-04-05,0.046407543
2021-04-06,0.029112348
2021-04-07,0.020440152
2021-04-08,0.014342099
2021-04-09,0.013505243
2021-04-12,0.0123479515
2021-04-13,0.012836764
2021-04-14,0.015627261
2021-04-15,0.01914006
2021-04-16,0.032125443
2021-04-19,0.03322016
2021-04-20,0.023530824
2021-04-21,0.027940825
2021-04-22,0.036768697
2021-04-23,0.034506354
2021-04-26,0.026183514
2021-04-27,0.027944922
2021-04-28,0.031270016
2021-04-29,0.027951136
2021-04-30,0.03800618
2021-05-03,0.055757016
2021-05-04,0.10858613
2021-05-05,0.14200528
2021-05-06,0.14068636
2021-05-07,0.17435537
2021-05-10,0.107399024
2021-05-11,0.18205076
2021-05-12,0.5030262
2021-05-13,0.7160079
2021-05-14,0.7790425
2021-05-17,0.6637542
2021-05-18,0.5886664
2021-05-19,0.34222713
2021-05-20,0.4033276
2021-05-21,0.24106212
2021-05-24,0.14374454
2021-05-25,0.092205614
2021-05-26,0.054302912
2021-05-27,0.027776971
2021-05-28,0.024870466
2021-06-01,0.024096955
2021-06-02,0.027183559
2021-06-03,0.024860945
2021-06-04,0.044341348
2021-06-07,0.025909133
2021-06-08,0.02100294
2021-06-09,0.021477344
2021-06-10,0.019650621
2021-06-11,0.02066907
2021-06-14,0.018487584
2021-06-15,0.024689753
2021-06-16,0.028708283
2021-06-17,0.06924888
2021-06-18,0.1380313
2021-06-21,0.26210335
2021-06-22,0.1262435
2021-06-23,0.07310743
2021-06-24,0.039641898
2021-06-25,0.015373352
2021-06-28,0.015400593
2021-06-29,0.01259135
2021-06-30,0.014917284
2021-07-01,0.015890755
2021-07-02,0.01725626
2021-07-06,0.016266165
2021-07-07,0.01700015
2021-07-08,0.020194786
2021-07-09,0.035205822
2021-07-12,0.02691043
2021-07-13,0.026196038
2021-07-14,0.03256886
2021-07-15,0.026139468
2021-07-16,0.028820528
2021-07-19,0.112374544
2021-07-20,0.27986097
2021-07-21,0.23774384
2021-07-22,0.17022935
2021-07-23,0.14560056
2021-07-26,0.06794126
2021-07-27,0.0709971
2021-07-28,0.11535502
2021-07-29,0.15697728
2021-07-30,0.1785151
2021-08-02,0.22306098
2021-08-03,0.29424495
2021-08-04,0.19474235
2021-08-05,0.17058735
2021-08-09,0.16293366
2021-08-11,0.19987825
2021-08-12,0.06962954
2021-08-13,0.03729816
2021-08-16,0.033582464
2021-08-17,0.0280812
2021-08-18,0.07219449
2021-08-19,0.24829961
2021-08-20,0.25482985
2021-08-23,0.17676604
2021-08-24,0.11866372
2021-08-25,0.06285743
2021-08-26,0.047079064
2021-08-27,0.06074993
2021-08-30,0.05735244
2021-08-31,0.032196194
2021-09-01,0.028048491
2021-09-02,0.018914435
2021-09-03,0.021375434
2021-09-08,0.050440714
2021-09-09,0.056473475
2021-09-10,0.07894818
2021-09-13,0.16709574
2021-09-14,0.13732788
2021-09-15,0.14961687
2021-09-16,0.1312278
2021-09-17,0.24597369
2021-09-20,0.5322094
2021-09-21,0.7299455
2021-09-22,0.78214294
2021-09-23,0.7377036
2021-09-24,0.5434022
2021-09-27,0.23825584
2021-09-28,0.15951963
2021-09-29,0.46605185
2021-09-30,0.6022559
2021-10-01,0.61242455
2021-10-04,0.5481629
2021-10-05,0.38645637
2021-10-06,0.25841296
2021-10-07,0.12383446
2021-10-11,0.09705915
2021-10-12,0.07232795
2021-10-13,0.08088169
2021-10-14,0.09835072
2021-10-15,0.042885985
2021-10-18,0.03836206
2021-10-19,0.024728341
2021-10-20,0.01791263
2021-10-21,0.015338859
2021-10-22,0.0154606495
2021-10-25,0.01979166
2021-10-26,0.014306147
2021-10-27,0.0161456
2021-10-28,0.015259524
2021-10-29,0.015982773
2021-11-01,0.020481091
2021-11-02,0.019110428
2021-11-03,0.019675264
2021-11-04,0.03546463
2021-11-05,0.049085185
2021-11-08,0.043549307
2021-11-09,0.03969493
2021-11-10,0.048192885
2021-11-11,0.08348117
2021-11-12,0.061941978
2021-11-15,0.049112033
2021-11-16,0.04354492
2021-11-17,0.038926903
2021-11-18,0.03687209
2021-11-19,0.04544672
2021-11-22,0.07144213
2021-11-23,0.14915623
2021-11-24,0.19734237
2021-11-26,0.38213798
2021-11-29,0.6706949
2021-11-30,0.75922495
2021-12-01,0.8577202
2021-12-02,0.91702586
2021-12-03,0.9205925
2021-12-06,0.8996081
2021-12-07,0.786236
2021-12-08,0.5456858
2021-12-09,0.27862036
2021-12-10,0.102677256
2021-12-13,0.07415408
2021-12-14,0.081688754
2021-12-15,0.21593943
2021-12-16,0.24899016
2021-12-17,0.2564741
2021-12-20,0.22804332
2021-12-21,0.15281156
2021-12-23,0.12857983
2021-12-27,0.050191987
2021-12-28,0.04066985
2021-12-29,0.02897794
2021-12-30,0.023446165
2021-12-31,0.029346466
2022-01-03,0.03093883
2022-01-04,0.044197872
2022-01-05,0.05221264
2022-01-06,0.08718589
2022-01-07,0.095644824
2022-01-10,0.08272806
2022-01-11,0.0702875
2022-01-12,0.065135166
2022-01-13,0.03579343
2022-01-14,0.048459087
2022-01-18,0.07748187
2022-01-19,0.32854408
2022-01-20,0.4185281
2022-01-21,0.6254186
2022-01-24,0.8482238
2022-01-25,0.89905524
2022-01-26,0.9162953
2022-01-27,0.9364057
2022-01-28,0.9098734
2022-01-31,0.76219773
2022-02-01,0.4494278
2022-02-03,0.24374889
2022-02-08,0.12708506
2022-02-09,0.07528029
2022-02-10,0.095865056
2022-02-11,0.7758695
2022-02-14,0.9533885
2022-02-15,0.9884517
2022-02-16,0.9971789
2022-02-17,0.99885535
2022-02-18,0.99856746
2022-02-22,0.99845004
2022-02-23,0.9987282
2022-02-24,0.99882
2022-02-25,0.9988072
2022-02-28,0.9989962
2022-03-01,0.9992805
2022-03-02,0.9992355
2022-03-03,0.99913126
2022-03-07,0.9994854
2022-03-08,0.9994887
2022-03-09,0.9992466
2022-03-10,0.9992525
2022-03-11,0.9991105
2022-03-14,0.9984835
2022-03-15,0.9966569
2022-03-16,0.99585044
2022-03-17,0.9934082
2022-03-18,0.9808781
2022-03-21,0.9747959
2022-03-22,0.9565847
2022-03-23,0.9716
2022-03-24,0.97244895
2022-03-25,0.97203034
2022-03-28,0.97008765
2022-03-29,0.96536726
2022-03-30,0.9200754
2022-03-31,0.74374425
2022-04-01,0.5056253
2022-04-04,0.23038591
2022-04-05,0.070502825
2022-04-06,0.058519557
2022-04-07,0.047578268
2022-04-08,0.03961896
2022-04-11,0.05839299
2022-04-12,0.12085897
2022-04-13,0.12026451
2022-04-14,0.063093215
2022-04-18,0.09842603
2022-04-20,0.080476865
2022-04-21,0.04134778
2022-04-22,0.086070344
2022-04-25,0.1948831
2022-04-27,0.33318242
2022-04-28,0.451533
2022-04-29,0.5104384
2022-05-02,0.54154867
2022-05-03,0.68517953
2022-05-04,0.5345264
2022-05-05,0.5240403
2022-05-06,0.6649861
2022-05-09,0.70231396
2022-05-10,0.8240616
2022-05-11,0.9091103
2022-05-12,0.88704866
2022-05-13,0.9038472
2022-05-16,0.80618566
2022-05-17,0.5767815
2022-05-18,0.44092083
2022-05-19,0.471167
2022-05-20,0.33011293
2022-05-23,0.25603914
2022-05-24,0.30377966
2022-05-25,0.2773653
2022-05-26,0.23378089
2022-05-27,0.20054689
2022-05-31,0.13674246
2022-06-01,0.09220616
2022-06-02,0.08347519
2022-06-03,0.06695883
2022-06-06,0.06301982
2022-06-07,0.062391676
2022-06-08,0.05340818
2022-06-09,0.08302874
2022-06-10,0.62827766
2022-06-13,0.9102886
2022-06-14,0.97398734
2022-06-15,0.9954626
2022-06-16,0.9980217
2022-06-17,0.9982267
2022-06-21,0.99824333
2022-06-22,0.9974843
2022-06-23,0.9926359
2022-06-24,0.97474605
2022-06-27,0.9236961
2022-06-28,0.7583666
2022-06-29,0.7458145
2022-06-30,0.9176782
2022-07-01,0.9745113
2022-07-05,0.9856022
2022-07-06,0.9921441
2022-07-07,0.99456996
2022-07-08,0.98921657
2022-07-11,0.9837156
2022-07-12,0.97644955
2022-07-13,0.9663293
2022-07-14,0.9724396
2022-07-15,0.9587271
2022-07-18,0.8426855
2022-07-19,0.4914855
2022-07-20,0.23805536
2022-07-21,0.04838078
2022-07-22,0.03652651
2022-07-25,0.028383788
2022-07-26,0.028912714
2022-07-27,0.041597355
2022-07-28,0.041215092
2022-07-29,0.05154364
2022-08-01,0.043069273
2022-08-02,0.027907308
2022-08-03,0.02974365
2022-08-04,0.028344737
2022-08-08,0.033127535
2022-08-09,0.02620564
2022-08-10,0.018610986
2022-08-11,0.014783331
2022-08-12,0.016311297
2022-08-15,0.019142104
2022-08-16,0.019204518
2022-08-17,0.02018597
2022-08-18,0.026331985
2022-08-19,0.027338265
2022-08-22,0.05687683
2022-08-23,0.10489905
2022-08-24,0.07789403
2022-08-25,0.070361875
2022-08-26,0.092694014
2022-08-29,0.3015717
2022-08-30,0.3245219
2022-08-31,0.3941418
2022-09-01,0.49676275
2022-09-02,0.6387987
2022-09-06,0.5540599
2022-09-07,0.52924544
2022-09-08,0.4096737
2022-09-09,0.2192575
2022-09-12,0.19057576
2022-09-13,0.3030078
2022-09-14,0.7398206
2022-09-15,0.883967
2022-09-16,0.9697028
2022-09-19,0.9646896
2022-09-20,0.9583941
2022-09-21,0.9504514
2022-09-22,0.93623537
2022-09-23,0.89760095
2022-09-26,0.9522539
2022-09-27,0.9637913
2022-09-28,0.9721443
2022-09-29,0.9489855
2022-10-03,0.95956254
2022-10-04,0.93343824
2022-10-05,0.8706026
2022-10-06,0.76019174
2022-10-07,0.74454165
2022-10-10,0.5509732
2022-10-11,0.67600137
2022-10-12,0.6901559
2022-10-13,0.62008023
2022-10-14,0.626672
2022-10-17,0.630976
2022-10-18,0.52075744
2022-10-19,0.3945334
2022-10-20,0.547487
2022-10-21,0.46648508
2022-10-24,0.40769756
2022-10-25,0.3559402
2022-10-26,0.18311512
2022-10-27,0.12388198
2022-10-28,0.10094516
2022-10-31,0.067673795
2022-11-01,0.076090485
2022-11-02,0.077805765
2022-11-03,0.08587015
2022-11-04,0.1617925
2022-11-07,0.22626826
2022-11-08,0.15672292
2022-11-09,0.19508347
2022-11-10,0.18635055
2022-11-11,0.10493915
2022-11-14,0.063238375
2022-11-15,0.051831253
2022-11-16,0.046233285
2022-11-17,0.0248282
2022-11-18,0.028782774
2022-11-21,0.026785044
2022-11-22,0.031151291
2022-11-23,0.020571558
2022-11-25,0.015717328
2022-11-28,0.015028611
2022-11-29,0.014861499
2022-11-30,0.022220543
2022-12-01,0.038485825
2022-12-02,0.047136128
2022-12-05,0.036492735
2022-12-06,0.03427794
2022-12-07,0.03963807
2022-12-08,0.038399834
2022-12-09,0.044750746
2022-12-12,0.060411934
2022-12-13,0.1237602
2022-12-14,0.1413981
2022-12-15,0.1061152
2022-12-16,0.16921093
2022-12-19,0.1356336
2022-12-20,0.10867905
2022-12-21,0.14843923
2022-12-22,0.07188194
2022-12-23,0.061545685
2022-12-27,0.061025877
2022-12-28,0.06431273
2022-12-29,0.050892957
2022-12-30,0.038341627
2023-01-03,0.053408477
2023-01-04,0.16537616
2023-01-05,0.11609066
2023-01-06,0.15656012
2023-01-09,0.16212589
2023-01-10,0.07760926
2023-01-11,0.05380593
2023-01-12,0.039813932
2023-01-13,0.026459374
2023-01-17,0.022456419
2023-01-18,0.032923255
2023-01-19,0.031436335
2023-01-20,0.06029567
2023-01-23,0.04630426
2023-01-24,0.032203425
2023-01-25,0.025678903
2023-01-26,0.025032328
2023-01-27,0.020887643
2023-01-30,0.016175523
2023-01-31,0.02262153
2023-02-01,0.028142245
2023-02-02,0.027281014
2023-02-03,0.033528365
2023-02-06,0.046088375
2023-02-07,0.056861814
2023-02-08,0.0480163
2023-02-09,0.040767036
2023-02-10,0.049400263
2023-02-13,0.038406264
2023-02-15,0.038139965
2023-02-16,0.03779785
2023-02-17,0.057584494
2023-02-21,0.06168624
2023-02-22,0.17617148
2023-02-23,0.17633979
2023-02-24,0.129768
2023-02-27,0.17107774
2023-02-28,0.1279192
2023-03-01,0.13570334
2023-03-03,0.09053338
2023-03-06,0.055086244
2023-03-07,0.03530465
2023-03-09,0.24509148
2023-03-10,0.7546703
2023-03-13,0.95778155
2023-03-14,0.9910511
2023-03-15,0.9989073
2023-03-16,0.9991035
2023-03-17,0.9993957
2023-03-20,0.99899095
2023-03-21,0.99865377
2023-03-22,0.9985123
2023-03-24,0.99766433
2023-03-27,0.994557
2023-03-28,0.98977286
2023-03-29,0.98093534
2023-03-30,0.96263605
2023-03-31,0.93769634
2023-04-03,0.9385246
2023-04-04,0.95687914
2023-04-05,0.9514443
2023-04-06,0.8642205
2023-04-10,0.5839276
2023-04-11,0.38322714
2023-04-12,0.06212512
2023-04-13,0.041145664
2023-04-14,0.04613287
2023-04-17,0.03293217
2023-04-18,0.021046884
2023-04-20,0.017410552
2023-04-21,0.016114272
2023-04-24,0.020968327
2023-04-25,0.024101924
2023-04-26,0.03646843
2023-04-27,0.028453
2023-04-28,0.0244215
2023-05-01,0.021146521
2023-05-02,0.13697225
2023-05-03,0.49094212
2023-05-04,0.74788666
2023-05-05,0.8323645
2023-05-08,0.8394575
2023-05-09,0.5798643
2023-05-10,0.33291337
2023-05-12,0.04340556
2023-05-15,0.022085514
2023-05-16,0.026463158
2023-05-17,0.033648677
2023-05-18,0.026169306
2023-05-19,0.028500775
2023-05-22,0.026087215
2023-05-23,0.026375573
2023-05-24,0.058799405
2023-05-25,0.0763683
2023-05-30,0.087913595
2023-05-31,0.06085888
2023-06-01,0.06628181
2023-06-02,0.022636345
2023-06-05,0.014906994
2023-06-06,0.010923997
2023-06-07,0.007331713
2023-06-08,0.0092310235
2023-06-09,0.0075603924
2023-06-12,0.007723787
2023-06-13,0.009167383
2023-06-14,0.008197519
2023-06-15,0.00899432
2023-06-16,0.012775325
2023-06-20,0.012493294
2023-06-21,0.015552597
2023-06-22,0.010702902
2023-06-23,0.013170085
2023-06-26,0.01219098
2023-06-28,0.011961064
2023-06-29,0.012202804
2023-06-30,0.012832856
2023-07-05,0.016991226
2023-07-06,0.017348135
2023-07-07,0.024202865
2023-07-10,0.025471918
2023-07-12,0.031306047
2023-07-13,0.040714357
2023-07-14,0.021062404
2023-07-17,0.01665997
2023-07-18,0.020104738
2023-07-19,0.023142522
2023-07-20,0.016129777
2023-07-21,0.022054689
2023-07-24,0.017771723
2023-07-25,0.020190865
2023-07-26,0.020004408
2023-07-27,0.02084619
2023-07-28,0.039362468
2023-07-31,0.022260936
2023-08-01,0.028665265
2023-08-02,0.12479223
2023-08-03,0.28949517
2023-08-04,0.40344036
2023-08-07,0.44732362
2023-08-08,0.3598451
2023-08-09,0.25212082
2023-08-10,0.19866188
2023-08-11,0.15094383
2023-08-14,0.12372031
2023-08-15,0.21662444
2023-08-16,0.3730942
2023-08-17,0.47634453
2023-08-18,0.59790087
2023-08-21,0.5128994
2023-08-22,0.34876704
2023-08-23,0.32809645
2023-08-24,0.23285238
2023-08-25,0.16305831
2023-08-28,0.09110267
2023-08-29,0.06555832
2023-08-30,0.053547382
2023-08-31,0.023533855
2023-09-01,0.017508581
2023-09-05,0.013466609
2023-09-06,0.018340074
2023-09-07,0.021567827
2023-09-08,0.018997774
2023-09-11,0.016984921
2023-09-12,0.014870753
2023-09-13,0.014313116
2023-09-14,0.01072721
2023-09-15,0.011431119
2023-09-18,0.017973227
2023-09-19,0.014546417
2023-09-20,0.019620381
2023-09-21,0.082449146
2023-09-22,0.2004187
2023-09-25,0.23186041
2023-09-26,0.6949743
2023-09-27,0.9627928
2023-09-28,0.98338544
2023-09-29,0.99269533
2023-10-03,0.996878
2023-10-04,0.99720395
2023-10-05,0.99737346
2023-10-06,0.99698454
2023-10-09,0.9969825
2023-10-10,0.99385875
2023-10-11,0.98979926
2023-10-12,0.9865015
2023-10-13,0.99173623
2023-10-16,0.9925045
2023-10-17,0.9942438
2023-10-18,0.99761677
2023-10-19,0.9986369
2023-10-20,0.9986089
2023-10-23,0.9986291
2023-10-24,0.99859506
2023-10-25,0.99753594
2023-10-26,0.99513173
2023-10-27,0.9910157
2023-10-30,0.9852806
2023-10-31,0.9751187
2023-11-01,0.9229276
2023-11-02,0.68946755
2023-11-06,0.1893928
2023-11-07,0.0782925
2023-11-08,0.030918363
2023-11-09,0.01873393
2023-11-13,0.019010335
2023-11-14,0.016166715
2023-11-15,0.012847458
2023-11-16,0.012284472
2023-11-17,0.011204298
2023-11-21,0.01010625
2023-11-22,0.011689902
2023-11-27,0.024438512
2023-11-28,0.24498595
2023-11-29,0.68350327
2023-11-30,0.8585567
2023-12-01,0.9555353
2023-12-04,0.97296846
2023-12-05,0.97320795
2023-12-06,0.9403587
2023-12-07,0.7219102
2023-12-08,0.24212755
2023-12-11,0.09434733
2023-12-12,0.021195563
2023-12-13,0.01719492
2023-12-14,0.034810245
2023-12-15,0.03615222
2023-12-18,0.024721263
2023-12-19,0.02558331
2023-12-20,0.018779237
2023-12-21,0.01896937
2023-12-22,0.022189023
2023-12-27,0.022130892
2023-12-28,0.018024838
2023-12-29,0.015952706
2024-01-02,0.015783494
2024-01-03,0.02660811
2024-01-04,0.073448114
2024-01-05,0.05444901
2024-01-08,0.04284331
2024-01-09,0.033240955
2024-01-10,0.024162399
2024-01-11,0.020841977
2024-01-12,0.026186595
2024-01-16,0.051109485
2024-01-17,0.11645273
2024-01-18,0.27917436
2024-01-22,0.18630381
2024-01-23,0.091310404
2024-01-24,0.06164059
2024-01-25,0.048613887
2024-01-26,0.03845271
2024-01-29,0.04297147
2024-01-30,0.05707924
2024-01-31,0.06328483
2024-02-01,0.20721233
2024-02-02,0.1396174
2024-02-05,0.10275792
2024-02-06,0.10552525
2024-02-07,0.03988943
2024-02-08,0.022625098
2024-02-09,0.019447334
2024-02-12,0.02046538
2024-02-13,0.06066737
2024-02-14,0.3918416
2024-02-15,0.28487414
2024-02-16,0.1937701
2024-02-20,0.2182123
2024-02-21,0.1714932
2024-02-22,0.1344996
2024-02-23,0.080616534
2024-02-26,0.0608591
2024-02-27,0.034551006
2024-02-28,0.028843045
2024-02-29,0.033994287
2024-03-01,0.13555995
2024-03-04,0.22216193
2024-03-05,0.28040108
2024-03-06,0.367494
2024-03-07,0.33981198
2024-03-08,0.28759864
2024-03-11,0.2592109
2024-03-12,0.16321555
2024-03-13,0.10877117
2024-03-14,0.056294873
2024-03-15,0.05587013
2024-03-18,0.04699376
2024-03-19,0.040661395
2024-03-20,0.034610372
2024-03-21,0.023556152
2024-03-22,0.016169628
2024-03-25,0.015081423
2024-03-26,0.012705165
2024-03-27,0.009965813
2024-03-28,0.011606641
2024-04-01,0.021354573
2024-04-02,0.052072167
2024-04-03,0.12235238
2024-04-04,0.21233554
2024-04-05,0.4993628
2024-04-08,0.5670788
2024-04-09,0.48320127
2024-04-10,0.39851135
2024-04-11,0.37948966
2024-04-12,0.5340394
2024-04-15,0.807478
2024-04-16,0.8912254
2024-04-17,0.92550784
2024-04-18,0.90836537
2024-04-19,0.792106
2024-04-22,0.49920535
2024-04-23,0.38642192
2024-04-24,0.14420147
2024-04-26,0.08281777
2024-04-29,0.049050234
2024-04-30,0.028229848
2024-05-01,0.07190013
2024-05-02,0.03882628
2024-05-03,0.026113022
2024-05-06,0.02053687
2024-05-07,0.016139397
2024-05-08,0.012061618
2024-05-09,0.011103631
2024-05-10,0.013826824
2024-05-13,0.014003674
2024-05-14,0.013612247
2024-05-15,0.015640507
2024-05-16,0.016543105
2024-05-17,0.013051288
2024-05-20,0.019846305
2024-05-21,0.013388124
2024-05-22,0.010386481
2024-05-23,0.020480935
2024-05-24,0.019215723
2024-05-28,0.012909556
2024-05-29,0.019666493
2024-05-31,0.024034284
2024-06-03,0.016058173
2024-06-04,0.022031613
2024-06-05,0.020538293
2024-06-06,0.016560227
2024-06-07,0.016911924
2024-06-10,0.025026172
2024-06-11,0.020952187
2024-06-14,0.020072699
2024-06-17,0.032277964
2024-06-18,0.020623108
2024-06-20,0.020057796
2024-06-21,0.058287226
2024-06-24,0.046435528
2024-06-25,0.03136343
2024-06-26,0.0300296
2024-06-27,0.021441964
2024-06-28,0.017454248
2024-07-01,0.016813064
2024-07-02,0.015108112
2024-07-03,0.011471371
2024-07-05,0.019573484
2024-07-08,0.03014656
2024-07-09,0.021217017
2024-07-10,0.021401271
2024-07-11,0.05236984
2024-07-12,0.06399716
2024-07-15,0.042698365
2024-07-16,0.08295379
2024-07-17,0.14850956
2024-07-18,0.3346779
2024-07-19,0.5158357
2024-07-22,0.69112486
2024-07-23,0.53345734
2024-07-24,0.56802124
2024-07-25,0.6858945
2024-07-26,0.6830511
2024-07-29,0.57430845
2024-07-30,0.49081203
2024-07-31,0.39759925
2024-08-02,0.70843244
2024-08-05,0.94730145
2024-08-09,0.9846727
2024-08-12,0.9962012
2024-08-13,0.99785304
2024-08-14,0.99697864
2024-08-15,0.9908133
2024-08-16,0.99082816
2024-08-19,0.98352057
2024-08-20,0.9677021
2024-08-21,0.871488
2024-08-22,0.5632175
2024-08-23,0.1680085
2024-08-26,0.0539163
2024-08-27,0.032632947
2024-08-28,0.034094844
2024-08-29,0.028983427
2024-08-30,0.029652813
2024-09-03,0.034012605
2024-09-04,0.083083324
2024-09-05,0.084460765
2024-09-06,0.08941488
2024-09-09,0.15943366
2024-09-10,0.097213924
2024-09-11,0.07625037
2024-09-12,0.06562464
2024-09-13,0.11499164
2024-09-16,0.08777825
2024-09-17,0.045807704
2024-09-18,0.06365669
2024-09-19,0.089287594
2024-09-20,0.08003621
2024-09-23,0.07079377
2024-09-25,0.04918846
2024-09-26,0.04128114
2024-09-27,0.039689086
2024-09-30,0.051897176
2024-10-02,0.0585758
2024-10-03,0.0860728
2024-10-04,0.09667562
2024-10-07,0.11572187
2024-10-08,0.29768646
2024-10-09,0.31866089
2024-10-10,0.21993196
2024-10-11,0.30435053
2024-10-14,0.19515927
2024-10-15,0.13649897
2024-10-16,0.14326638
2024-10-17,0.112340994
2024-10-18,0.105303496
2024-10-21,0.14258449
2024-10-22,0.13314407
2024-10-23,0.10621161
2024-10-24,0.12631737
2024-10-25,0.08596121
2024-10-28,0.075897686
2024-10-29,0.09982904
2024-10-30,0.19002225
2024-10-31,0.33145523
2024-11-01,0.5281267
2024-11-04,0.42757335
2024-11-05,0.33457214
2024-11-06,0.3315029
2024-11-07,0.21577756
2024-11-08,0.07954406
2024-11-11,0.055882722
2024-11-12,0.04712527
2024-11-13,0.032964487
2024-11-14,0.026106741
2024-11-15,0.020798774
2024-11-18,0.026308902
2024-11-19,0.020948332
2024-11-20,0.018312344
2024-11-21,0.0217421
2024-11-22,0.026915258
2024-11-25,0.029837709
2024-11-26,0.024842625
2024-11-27,0.017693568
2024-11-29,0.012732972
2024-12-02,0.010698844
2024-12-03,0.009017898
2024-12-04,0.009679898
2024-12-05,0.010831944
2024-12-06,0.00850219
2024-12-09,0.009986445
2024-12-10,0.014794342
2024-12-11,0.01761838
2024-12-12,0.028979061
2024-12-13,0.030817416
2024-12-16,0.02910627
2024-12-17,0.02396358
2024-12-18,0.11259489
2024-12-19,0.6037044
2024-12-20,0.65681875
2024-12-23,0.4884008
2024-12-24,0.41917038
2024-12-26,0.12520339
2024-12-27,0.04809879
2024-12-30,0.036754757
2024-12-31,0.037379045
2025-01-02,0.05543572
2025-01-03,0.09789761
2025-01-06,0.05932281
2025-01-07,0.053851176
2025-01-08,0.09908803
2025-01-10,0.15363955
2025-01-13,0.2882083
2025-01-14,0.33654654
2025-01-15,0.23703317
2025-01-16,0.2168944
2025-01-17,0.15898694
2025-01-21,0.10258032
2025-01-22,0.05551589
2025-01-23,0.03786847
2025-01-24,0.029034298
2025-01-27,0.045126952
2025-01-28,0.08047664
2025-01-29,0.058588818
2025-01-30,0.076122716
2025-01-31,0.12157493
2025-02-03,0.15679616
2025-02-04,0.25181803
2025-02-05,0.20169528
2025-02-06,0.117232226
2025-02-07,0.08919235
2025-02-10,0.08034845
2025-02-11,0.07522595
2025-02-12,0.044553358
