Date,actual,predicted
2015-02-02,-1.292900848714873,-1.1424463
2015-02-03,0.325482084240436,0.37373
2015-02-04,-0.1424314573966079,-0.19622949
2015-02-05,-2.22662247115194,-1.2418996
2015-02-06,0.559204496112975,0.12486862
2015-02-09,-0.7414629980774468,-0.55282545
2015-02-10,-1.0230574728570474,-0.7753378
2015-02-11,0.0902358971236694,0.0017861441
2015-02-12,0.5245491797497115,0.07584318
2015-02-13,-1.5002058225896842,-0.55752695
2015-02-17,-0.695308714826226,-0.19155185
2015-02-18,0.616822932003469,0.19999006
2015-02-19,-0.2236725396804417,-0.13519771
2015-02-20,-0.3404164316529456,-0.0003794372
2015-02-23,-0.2832645401774303,-0.37544423
2015-02-24,0.3425495448498017,-0.010408141
2015-02-25,0.7160679089040389,0.31145
2015-02-26,0.2480158780217234,0.020716537
2015-02-27,-0.4040924057989392,-0.07006941
2015-03-02,-0.3063634446854757,-0.067157775
2015-03-03,-0.282394054324131,-0.064226985
2015-03-04,-0.391466872184576,-0.2072616
2015-03-05,-2.659089236469048,-1.149038
2015-03-06,0.197581726343321,-0.05488494
2015-03-09,-0.5401276317093529,-0.5588333
2015-03-10,-0.8102770978263951,-0.38386568
2015-03-11,0.1216672002668284,0.008306749
2015-03-12,0.0433990114222293,-0.07506721
2015-03-13,0.0607386133104403,-0.22921522
2015-03-16,-0.4335385232212996,-0.13352312
2015-03-17,0.2699621574606015,-0.042014852
2015-03-18,1.5372547156998984,1.2611557
2015-03-19,1.3429196450302603,0.6375222
2015-03-20,0.2700836461848599,-0.07843431
2015-03-23,0.3114437013362892,0.19032031
2015-03-24,0.46992513935602,0.26132268
2015-03-25,0.6514596541983497,0.4000759
2015-03-26,-0.4397914584004181,-0.13237981
2015-03-27,-1.2502083171817555,-0.35890323
2015-03-30,-0.1434903082481287,0.13509801
2015-03-31,2.1130927661137555,0.5566138
2015-04-01,-0.5959731245241517,0.47287273
2015-04-02,1.4738904831408384,0.7861215
2015-04-06,-0.6564910684618508,-0.29713282
2015-04-07,-0.6195275195152727,-0.1348863
2015-04-08,-0.7896268134635509,-0.06866572
2015-04-09,0.9215817882871624,-0.23848777
2015-04-10,-0.4399740050828549,-0.15518352
2015-04-13,-0.5419828012473871,-0.22136101
2015-04-14,0.7293721341160575,0.13825062
2015-04-15,-0.2913025384935541,-0.06385221
2015-04-16,0.4090170629434508,0.20419276
2015-04-17,-0.7814468553728138,0.059612572
2015-04-20,0.7876015428623706,0.10633284
2015-04-21,-1.3301188523787475,-0.73713934
2015-04-22,0.631898209261772,0.2525429
2015-04-23,-1.6075077737549903,-0.28179848
2015-04-24,2.3910907780611668,0.89431846
2015-04-27,0.8892172141350407,0.56678
2015-04-28,-0.3459597340918496,-0.11570175
2015-04-29,-2.264839089782112,-0.45397097
2015-04-30,-0.6681346626305595,0.29451865
2015-05-01,1.047258308056609,0.6440432
2015-05-04,0.5392570003741826,0.011164711
2015-05-05,-0.2430357410676986,0.0041704024
2015-05-06,-0.6637002511963419,-0.37404928
2015-05-07,0.5666399723896376,0.3205445
2015-05-08,-0.4961756399965655,-0.07712879
2015-05-11,0.7944578094980947,0.30348805
2015-05-12,2.163344738913753,0.7234374
2015-05-13,0.5745239543446523,0.376409
2015-05-14,0.0081586081235318,-0.00023074076
2015-05-15,0.1876824829151413,0.062501416
2015-05-18,-1.702233554560495,-0.58176714
2015-05-19,0.1657138088940746,0.027312094
2015-05-20,-0.3722392182249345,-0.5228723
2015-05-21,-0.0083008621646452,0.10879898
2015-05-22,-1.419920033457578,-0.63455886
2015-05-26,-0.1094951828905732,-0.26273304
2015-05-27,0.1855089911952712,-0.22351393
2015-05-28,0.1094225111387459,-0.11374891
2015-05-29,-0.0924815506439413,-0.15247688
2015-06-01,0.4880860489345551,0.110205516
2015-06-02,-0.7872058124320791,-0.2649991
2015-06-03,-0.8272074923375006,-0.32133913
2015-06-04,-0.604304658983934,-0.33472532
2015-06-05,0.4623995648200818,0.13014598
2015-06-08,0.3494798693227441,0.1968659
2015-06-09,0.7474667793118561,0.29678074
2015-06-10,-0.5227174183872862,0.03753543
2015-06-11,-0.0932261685886226,-0.12944916
2015-06-12,0.5514081889003819,0.46769628
2015-06-15,-0.4049648722170174,0.0018742264
2015-06-16,-0.3473083935567556,-0.1069868
2015-06-17,2.133625898081659,0.7926676
2015-06-18,0.0,0.1066433
2015-06-19,-1.4814855454119868,-0.57604176
2015-06-22,-0.6336065142669711,-0.45603102
2015-06-23,-0.306068333224363,-0.2541379
2015-06-24,-0.0938065503018448,0.22198275
2015-06-25,0.1195069922375058,0.01760892
2015-06-26,0.4774469664398761,0.2099298
2015-06-29,-0.5939753924480318,-0.09354691
2015-06-30,-0.2134016218523271,-0.028672162
2015-07-01,-0.5132591958939225,-0.27036738
2015-07-02,0.8512488748119162,0.30276415
2015-07-06,-1.7478045505405326,-0.65516686
2015-07-07,0.945854233177812,0.64156306
2015-07-08,-0.3696422803778576,-0.31006905
2015-07-09,-0.1121698730047415,0.24818487
2015-07-10,-0.2159454181084985,0.035614938
2015-07-13,-0.1644652375394129,0.20530602
2015-07-14,-0.5289254658792708,-0.06510688
2015-07-15,-0.2963652796774463,0.19028582
2015-07-16,-1.04913441928024,-0.42825437
2015-07-17,-2.2177148412600656,-1.4063427
2015-07-20,-0.2981771847299974,-1.3687103
2015-07-21,-1.0875475561433312,-0.80205595
2015-07-22,0.2382238892960853,-0.17951877
2015-07-23,-0.7678267288905416,-0.3963492
2015-07-24,1.0040553296972288,0.5741509
2015-07-27,-0.0182354009917951,0.085837595
2015-07-28,-0.3283861621732331,-0.29947132
2015-07-29,-0.3935139516754837,-0.03804632
2015-07-30,0.597206895828517,-0.051934294
2015-07-31,-0.5023289686145849,-0.2642165
2015-08-03,0.1193250164017278,0.14500944
2015-08-04,-0.4584212179186253,-0.0920376
2015-08-05,0.4144791565241279,0.1040552
2015-08-06,0.357734781575636,0.41793093
2015-08-07,0.9231309579847524,0.5258049
2015-08-10,0.3079174573820786,0.1915576
2015-08-11,1.4084485310398076,0.3493704
2015-08-12,-0.6677350717630426,-0.15940103
2015-08-13,-0.2509569669579714,-0.23729213
2015-08-14,0.5121709989067469,0.29373416
2015-08-17,-0.1340961945948793,0.021696156
2015-08-18,0.9846925289055176,0.50939935
2015-08-19,2.2072533421631624,0.9892548
2015-08-20,0.5724176570631068,0.5660249
2015-08-21,-0.5346629270789882,-0.44562706
2015-08-24,-1.317849221471035,-1.0815736
2015-08-25,-1.1948669978359416,-1.1728418
2015-08-26,-0.1956207735758441,-0.10478624
2015-08-27,0.953309955375392,0.7089293
2015-08-28,-0.1323801987749839,0.37939447
2015-08-31,0.6274280434003243,0.27707094
2015-09-01,-0.544476283282036,-0.18279007
2015-09-02,-0.7770462541390688,-0.20840517
2015-09-03,-0.2758721830240063,0.13034904
2015-09-04,-0.0178432247216919,0.26751822
2015-09-08,-1.6244263518028434,-1.0721586
2015-09-09,0.662316199557389,0.33128503
2015-09-10,-0.540784136998651,-0.13180108
2015-09-11,0.3806027341979989,0.41927832
2015-09-14,-0.4423492425513098,0.09853573
2015-09-15,1.4871147640206583,0.31989542
2015-09-16,-0.1697553990920641,0.23136902
2015-09-17,1.8616240802664,1.3663919
2015-09-18,-0.4393287151619351,0.30103704
2015-09-21,-0.7148509187593022,-0.30929348
2015-09-22,0.5866644965277779,0.23453185
2015-09-23,1.961830480836868,0.65372765
2015-09-24,-0.6760312444125116,-0.1295263
2015-09-25,-1.221640488656195,-0.7664677
2015-09-28,-0.4328643475320248,-0.19951227
2015-09-29,-1.0291878127232756,-0.038541496
2015-09-30,-0.1165440455513255,0.009386631
2015-10-01,2.055288585318737,0.6685316
2015-10-02,0.0879430148158055,0.09767373
2015-10-05,0.7644383998610005,0.27588862
2015-10-06,0.1918338924141949,0.20868035
2015-10-07,-0.3742427178524798,0.13748601
2015-10-08,1.0133745218015022,0.5569275
2015-10-09,0.7437494787493337,0.05779615
2015-10-12,0.0772619448192735,-0.11635144
2015-10-13,1.2266191592792408,-0.0050513907
2015-10-14,0.6609650868141248,0.32549432
2015-10-15,-0.3619874349481522,-0.16491708
2015-10-16,-0.8702202577111073,-0.35791275
2015-10-19,0.4005753836428427,0.16511932
2015-10-20,-0.8828543645214348,-0.32410693
2015-10-21,-0.0856457708898306,-0.042488754
2015-10-22,-0.2828670347052808,-0.11337185
2015-10-23,0.3180564786877005,0.34316754
2015-10-26,-0.0171337765102808,-0.032746542
2015-10-27,0.8827499423022189,-0.06768632
2015-10-28,-2.5401431513222827,-2.1727872
2015-10-29,-0.4968576895468368,-0.098449275
2015-10-30,-0.4993386922360954,-0.6603896
2015-11-02,-1.9017517809174376,-1.0227302
2015-11-03,-0.6910744488703768,-0.2258366
2015-11-04,-0.1897854121949871,-0.26272458
2015-11-05,-1.521192362979007,-0.706718
2015-11-06,0.0275881606160766,0.06417596
2015-11-09,0.027569330920274,0.2239414
2015-11-10,-0.3216320673632533,0.0044224486
2015-11-11,-0.3595374314838584,-0.059806783
2015-11-12,0.0,-0.088090666
2015-11-13,0.2683107154643593,0.16085312
2015-11-16,-1.3841469664900852,-0.3521674
2015-11-17,0.0093663011905498,0.4710966
2015-11-18,0.8607738352895966,0.1478889
2015-11-19,-0.1484207408105287,-0.006163746
2015-11-20,-0.8918594730767726,-0.07950059
2015-11-23,0.7030370881814907,0.32597214
2015-11-24,-0.3537232295828474,0.027535629
2015-11-25,-1.3358289423750611,-0.38783875
2015-11-27,0.9089280534049003,-0.06768501
2015-11-30,-0.1876524590329165,0.03830635
2015-12-01,-0.9024344064305524,-0.30318654
2015-12-02,0.7114399874201149,0.1574534
2015-12-03,2.1475039914016225,1.5492506
2015-12-04,-0.7468857156235575,0.056855477
2015-12-07,-0.0092879583491245,-0.5158192
2015-12-08,0.1207773575061965,0.20833632
2015-12-09,-0.4175946642494321,-0.16761431
2015-12-10,0.3541188066890077,0.41300097
2015-12-11,-1.1328881944101976,-0.5139295
2015-12-14,-0.1690548361377719,-0.4826755
2015-12-15,1.4206393112335736,0.54315287
2015-12-16,-2.5231865651090035,-1.2941775
2015-12-17,1.4655406954847685,0.69484097
2015-12-18,1.4725261640587517,1.2083904
2015-12-21,-0.6562506170367022,0.009947969
2015-12-22,-0.5024213033810621,-0.021881556
2015-12-23,0.7293740957305728,0.044415712
2015-12-24,-0.6219784139969708,-0.1404903
2015-12-28,0.6539000467071565,0.19076961
2015-12-29,-1.614851453741295,-0.4580558
2015-12-30,0.0188730541265114,0.21489993
2015-12-31,1.3958243965158657,0.5833768
2016-01-04,0.3069527395651139,0.5293044
2016-01-05,1.2518545710656026,0.6497108
2016-01-06,1.447012217651622,0.7971844
2016-01-07,-0.893735016714281,-0.7701588
2016-01-08,-0.1184230980416534,0.057056785
2016-01-11,-0.994074273968304,-0.7319293
2016-01-12,0.1750206758283079,0.16802254
2016-01-13,-1.2505724676724173,-0.39091638
2016-01-14,1.6388839916025022,0.61014473
2016-01-15,-0.1465850284871783,0.021734232
2016-01-19,1.5781219182118944,0.42945185
2016-01-20,-0.7226086330429204,-0.22529435
2016-01-21,-0.172870935880931,-0.267209
2016-01-22,0.8202698141198006,0.5606477
2016-01-25,1.4011933361215425,0.43830508
2016-01-26,-0.4992400668366814,0.21237686
2016-01-27,-0.0447988541293131,0.03474252
2016-01-28,0.0717146688448799,-0.08895855
2016-01-29,1.0300967169931452,0.28631634
2016-02-01,-0.0531940396268026,0.05473416
2016-02-02,1.2419053839795025,0.3323421
2016-02-03,1.428189438399574,0.7460156
2016-02-04,0.0172834525230758,0.6265205
2016-02-05,3.463462937881623,1.7719228
2016-02-08,0.0667774222814499,0.109572455
2016-02-09,-0.3336948496652114,-0.07979394
2016-02-10,4.4530070659167365,2.3798585
2016-02-11,-0.7051886093404791,-0.41257936
2016-02-12,-2.517952690388958,-1.707523
2016-02-16,0.2649185451773839,-0.022441555
2016-02-17,1.2385434978431809,0.3603543
2016-02-18,0.3507094783253839,0.25833955
2016-02-19,-1.6986365409099702,-0.8992921
2016-02-22,1.0582925860376236,0.44602853
2016-02-23,1.3417247556746226,0.10234396
2016-02-24,-0.040364900275247,-0.12693484
2016-02-25,-1.4860202769621855,0.010835225
2016-02-26,1.155925153428505,0.28799123
2016-02-29,-0.2917558566097766,-0.5030096
2016-03-01,0.877828686433002,0.595255
2016-03-02,1.3133550196413155,0.547297
2016-03-03,0.9941148208443052,0.2822392
2016-03-04,-0.5276063558845023,-0.44251364
2016-03-07,-0.0870785013027508,-0.25348434
2016-03-08,-0.4357816422147165,0.028033778
2016-03-09,1.2255311724705065,0.8100076
2016-03-10,-1.0456013229658057,-1.3244005
2016-03-11,-1.1360870193487305,-1.1589488
2016-03-14,-1.1250401579341096,-1.2061805
2016-03-15,-0.0893998345344093,-0.67649364
2016-03-16,2.8634141197204643,1.8240755
2016-03-17,-0.846180401097274,-0.4467617
2016-03-18,-0.7975753398116847,-0.25110486
2016-03-21,0.3537467575994713,-0.015036312
2016-03-22,-1.9628265469004536,-1.0629997
2016-03-23,-0.1879485862208318,-0.10506077
2016-03-24,-0.1228098878350403,-0.22836128
2016-03-28,1.2869867085555595,0.22831026
2016-03-29,-0.7041074250385471,0.3332773
2016-03-30,0.5949895356224033,-0.031606372
2016-03-31,-0.9722897808094988,-0.44616145
2016-04-01,-0.3436386303115157,-0.24217305
2016-04-04,0.853860789331895,0.22587702
2016-04-05,-0.4803015546077316,-0.6076129
2016-04-06,1.1206504026073594,-0.42864817
2016-04-07,0.509630244051773,-0.07870042
2016-04-08,1.142853213028161,-0.8704134
2016-04-11,0.2148542489931459,-0.57728964
2016-04-12,-1.0004744593997916,-0.6751525
2016-04-13,-1.748479946613335,-0.7894975
2016-04-14,0.6612224968112201,0.09198804
2016-04-15,0.0405482126266676,-0.0694476
2016-04-18,1.5726349544428198,0.45824566
2016-04-19,0.0159577950419098,0.10484371
2016-04-20,-0.3351381531692232,-0.037913736
2016-04-21,-1.6253041495696507,-0.44952136
2016-04-22,0.8301516763681072,0.08064784
2016-04-25,0.2663594069564512,0.08225463
2016-04-26,0.5635163641245056,-0.013026608
2016-04-27,1.304839054214968,0.3790303
2016-04-28,1.8727736998716,1.1297202
2016-04-29,0.4266211765677319,0.4413405
2016-05-02,-0.3089518923963363,-0.7061585
2016-05-03,-1.348098163942124,-0.35189536
2016-05-04,-0.1492204775937256,0.028639693
2016-05-05,1.6910492045891343,0.48935857
2016-05-06,-2.1115359511650778,-0.93837327
2016-05-09,-0.1343197854510092,-0.2868797
2016-05-10,0.8465820844362648,-0.12445476
2016-05-11,-0.3373550007982562,-0.3296849
2016-05-12,0.1259525721827303,-0.030172104
2016-05-13,0.1179337975632854,-0.20731142
2016-05-16,0.2198780197998573,0.06591396
2016-05-17,-0.1958940679871013,-0.17925839
2016-05-18,-1.5309728152269275,-0.7396202
2016-05-19,-0.1435119460920675,0.068167485
2016-05-20,-0.1038045993917324,-0.16480248
2016-05-23,-1.7744346259361057,-0.5456556
2016-05-24,-0.4394193430533266,-0.21565051
2016-05-25,-0.2778932908919063,-0.19558792
2016-05-26,-0.5163451261268159,-0.11398365
2016-05-27,0.0823858922205156,0.14324197
2016-05-31,-0.2387244235674823,-0.09018302
2016-06-01,-0.1732796058777852,-0.31369093
2016-06-02,2.504540050825965,0.49508423
2016-06-03,0.362873968921229,0.17373589
2016-06-06,-0.0160654970108642,-0.23888846
2016-06-07,1.237546135641843,0.16590366
2016-06-08,0.8255200778428451,0.35580692
2016-06-09,0.2519346059834948,-0.08990572
2016-06-10,0.8638291023326694,0.3499713
2016-06-13,0.0934250349631016,0.17787924
2016-06-14,0.0155626358110616,-0.082024835
2016-06-15,0.8010519806092686,0.31301627
2016-06-16,-0.2777544675371279,-0.94966257
2016-06-17,-0.1934235976789211,-0.07381382
2016-06-20,-1.5116279069767424,-0.94572765
2016-06-21,-0.1967729240456517,0.14667223
2016-06-22,-0.5362814533221627,-0.3924152
2016-06-23,4.66223050306096,1.9477857
2016-06-24,0.1893939393939447,0.19251698
2016-06-27,-0.5444197483459368,0.4003268
2016-06-28,0.6538413492495287,0.38802537
2016-06-29,-0.4154392249093086,0.05760355
2016-06-30,1.3880405354168346,0.5523716
2016-07-01,1.4737842419247915,0.5058634
2016-07-05,0.6266587914337318,0.5218986
2016-07-06,-0.351677686443419,0.011329236
2016-07-07,-0.2573340241765809,-0.11829816
2016-07-08,-0.1179401160792736,-0.07624684
2016-07-11,-1.5424372261300778,-1.161352
2016-07-12,0.6221459395859386,0.37158298
2016-07-13,-0.8268754010774426,-0.39336526
2016-07-14,-0.3605534929823073,0.07787572
2016-07-15,0.143235915119666,0.060829252
2016-07-18,0.2333616026019669,0.07326758
2016-07-19,-0.9538078236481452,-0.36808708
2016-07-20,0.8871664193727868,0.15017101
2016-07-21,-0.5561837214627996,-0.029081216
2016-07-22,-0.2871987625976402,-0.055731278
2016-07-25,0.1061094741104273,0.03877966
2016-07-26,0.446734658302006,0.1878635
2016-07-27,0.429675361607762,0.24838197
2016-07-28,1.2534677294776086,0.66175586
2016-07-29,0.1779113724286407,0.13035643
2016-08-01,0.9619653518680772,0.22613183
2016-08-02,-0.6083295719442328,-0.18182524
2016-08-03,0.1991057658577766,0.11245756
2016-08-04,-1.6485151316693702,-0.61073244
2016-08-05,-0.2244836834177199,-0.11285089
2016-08-08,0.4199771623971893,-0.011406461
2016-08-09,0.3958214210698196,0.170372
2016-08-10,-0.1339023107002179,-0.36311153
2016-08-11,-0.4990652641992499,-0.48741993
2016-08-12,0.3368767656467542,0.056175254
2016-08-15,0.7610199806224793,-0.2286499
2016-08-16,-0.57756748079415,-0.3129012
2016-08-17,0.6330528270729108,0.26844996
2016-08-18,-0.7992841287809305,-0.2208455
2016-08-19,-0.2014378687711371,0.16310446
2016-08-22,0.2167918456991824,0.16486058
2016-08-23,-1.2084105226687347,-0.4433988
2016-08-24,-0.3246790055011828,-0.26925567
2016-08-25,0.1060544231463289,-0.24053101
2016-08-26,0.1059420668984012,-0.3032033
2016-08-29,-0.8466303602306047,-0.6376296
2016-08-30,-0.3659317630929415,-0.023239259
2016-08-31,0.4055342152272656,0.025060091
2016-09-01,0.7544600504840071,0.21378443
2016-09-02,2.064900486517751,0.44789758
2016-09-06,-0.377943937577152,-0.11999414
2016-09-07,-0.557911160275415,-0.23454717
2016-09-08,-0.5012023487028561,-0.16427422
2016-09-09,-0.6841572628349835,-0.20337597
2016-09-12,-0.1514004542013669,-0.08537333
2016-09-13,0.1895375284306277,-0.1320038
2016-09-14,-0.6053726825577033,-0.16890569
2016-09-15,-0.5862163054339509,-0.02054345
2016-09-16,0.5896730650902571,0.29105085
2016-09-19,0.0152227766939461,0.3527462
2016-09-20,1.004801228043939,0.4223401
2016-09-21,1.0174089796977317,0.6318688
2016-09-22,-0.2387401659132537,0.2006013
2016-09-23,0.186957829142087,0.16452089
2016-09-26,-1.030075931983221,-0.20199981
2016-09-27,-0.4902330402228094,-0.0071761208
2016-09-28,0.1743161069618581,0.056716245
2016-09-29,-0.6355377660642536,-0.08912512
2016-09-30,-0.3274231834501151,-0.03292221
2016-10-03,-3.262028355376245,-1.2806405
2016-10-04,-0.0868749596328322,-0.17250507
2016-10-05,-1.2171911901740162,-0.9813083
2016-10-06,-0.0720134724675691,-0.5166007
2016-10-07,0.3282869329641613,0.07558861
2016-10-11,-0.1516380218725022,0.1001752
2016-10-12,0.3117276388912016,0.20949435
2016-10-13,-0.1513963676543772,0.022998085
2016-10-14,0.1037466166669665,0.30335522
2016-10-17,0.5102060179767554,0.11745522
2016-10-18,0.5631325595630177,0.002265504
2016-10-19,-0.1814061664040078,-0.031779297
2016-10-20,0.0237080304924974,0.12167783
2016-10-21,-0.3080831296979891,0.18996379
2016-10-24,0.7844710312252312,0.3295644
2016-10-25,-0.5582180556375382,0.016079372
2016-10-26,0.2450960994830442,0.06190945
2016-10-27,0.5994144206637797,0.14208198
2016-10-28,-0.3136025088200656,0.046551935
2016-10-31,1.1718461985106066,0.35243335
2016-11-01,1.5858227632850497,0.7082677
2016-11-02,-0.3596627690978682,0.14211765
2016-11-03,0.0921644470231575,0.1633068
2016-11-04,-1.9182075549278863,-0.8014902
2016-11-07,-0.383323494241794,-0.49945712
2016-11-08,-0.0628277691837708,-0.6501944
2016-11-09,-0.5579110264141374,-1.4974563
2016-11-10,-3.500596509531806,-2.1751943
2016-11-14,0.2292866803211168,-0.043079562
2016-11-15,-0.0490176132301845,-0.44482756
2016-11-16,-0.5640039460819257,-0.19546969
2016-11-17,-0.6576243321002928,-0.016035125
2016-11-18,0.091019907814438,-0.14767186
2016-11-21,0.115742761435178,0.19475535
2016-11-22,-1.8084248071067344,-0.64115113
2016-11-23,-0.91666173054048,-0.49152488
2016-11-25,1.052455010011588,0.039966337
2016-11-28,-0.2267723187669545,-0.18441056
2016-11-29,-1.4395130258855082,-0.7522502
2016-11-30,-0.3331076401957844,-0.21886845
2016-12-01,0.7027124004040042,0.1986337
2016-12-02,-0.0936069788776028,-0.34196323
2016-12-05,-0.5451468836509821,0.038382202
2016-12-06,0.633780795545924,0.017333591
2016-12-07,-0.4425490359042605,-0.031532668
2016-12-08,-0.8890429116053644,-0.4236587
2016-12-09,0.3536290753495041,0.10255011
2016-12-12,-0.5844476861302073,-0.13942409
2016-12-13,0.3976915233366851,-0.4282853
2016-12-14,-2.884698061780422,-1.7802073
2016-12-15,0.6650114980747857,0.23037526
2016-12-16,0.4580243942773121,0.30154034
2016-12-19,-0.7891275756247262,0.032777485
2016-12-20,-0.0353534612516526,0.17869543
2016-12-21,-0.203335408668992,0.044218615
2016-12-22,0.2746257487458381,0.25862628
2016-12-23,0.4770760930814521,0.3602077
2016-12-27,0.1846456955753472,0.38960356
2016-12-28,1.4920133083850209,0.4344387
2016-12-29,-0.5534438151975407,-0.20358829
2016-12-30,0.9043499490489104,0.31040916
2017-01-03,0.2930045107314871,0.13249259
2017-01-04,1.3662056776643228,0.40145868
2017-01-05,-0.6611788658687612,-0.33275563
2017-01-06,0.9898434460514194,0.08099692
2017-01-09,0.0591424733312306,0.06440226
2017-01-10,0.9626773251241172,0.00049113034
2017-01-11,0.2760161337831857,0.33930892
2017-01-12,-0.3002732098280614,-0.20953023
2017-01-13,1.397134651525178,0.33323985
2017-01-17,-0.0577517468543731,-0.25426272
2017-01-18,-0.8585836700100824,-0.24527982
2017-01-19,0.2831230198135248,-0.1320619
2017-01-20,0.8884788456404058,0.3632772
2017-01-23,-0.3868272569444442,-0.45451227
2017-01-24,-1.0741138127348893,-0.2540043
2017-01-25,-0.6514698496637883,-0.3842408
2017-01-26,-0.1176985636034078,0.023401918
2017-01-27,0.429254750503838,0.23782972
2017-01-30,1.2906490985804764,0.44301492
2017-01-31,-0.2482210872580603,0.11615431
2017-02-01,0.9207013777967844,0.32949576
2017-02-02,0.1479451713950696,0.40632147
2017-02-03,0.9437833401723328,0.45524788
2017-02-06,0.3414594448678754,0.2333632
2017-02-07,0.2754840826913129,0.10364385
2017-02-08,-0.2020038824593895,-0.21390371
2017-02-09,-0.0566716205741113,-0.049063258
2017-02-10,-0.8101101589613746,-0.06412242
2017-02-13,-0.0408363271831246,-0.12058916
2017-02-14,0.6373009724831569,0.26196316
2017-02-15,0.673869380300629,0.40361777
2017-02-16,-0.1935503559727824,-0.17001498
2017-02-17,-0.0080781826042097,-0.059233166
2017-02-21,-0.4444444444444473,0.24155815
2017-02-22,1.4772687639508897,0.28148478
2017-02-23,0.5359201330880969,0.22655317
2017-02-24,0.0397804113523747,0.0035777115
2017-02-27,-0.3817439744652318,-0.15227795
2017-02-28,-0.2953817055715846,-0.01743443
2017-03-01,-1.361197827502303,-0.5443023
2017-03-02,-0.5195246600556369,-0.32150224
2017-03-03,-0.081599347205219,0.040190704
2017-03-06,-0.7676622632962427,-0.42820302
2017-03-07,-0.54316317328168,-0.4237774
2017-03-08,-0.5047559442232119,-0.6447284
2017-03-09,-0.141389987331042,0.010742948
2017-03-10,0.1415901816709697,0.11411382
2017-03-13,-0.0415834988230057,0.21950737
2017-03-14,-0.1497669349830088,-0.17022373
2017-03-15,2.1998187610305475,1.1214956
2017-03-16,0.2690622770586959,0.16379037
2017-03-17,0.308987364363289,0.3837771
2017-03-20,1.0132944428815185,0.41784802
2017-03-21,0.2568071025507157,0.24880633
2017-03-22,-0.1921095269558193,0.10734986
2017-03-23,0.1042526852482295,0.2146477
2017-03-24,0.5768365265058417,0.21914056
2017-03-27,-0.0079636437783414,-0.21796319
2017-03-28,-0.1513601800490871,0.13059968
2017-03-29,-0.6701790530113771,0.03028639
2017-03-30,0.184742877761046,0.12951136
2017-03-31,0.280606098210967,0.1991457
2017-04-03,0.3357811806779187,0.29838762
2017-04-04,-0.7649382937002014,0.28037712
2017-04-05,0.393449840854787,0.34717244
2017-04-06,0.3199232059335699,0.21924782
2017-04-07,-0.2551282083722572,0.030231386
2017-04-10,1.6065842840836009,0.43436474
2017-04-11,0.322537587613203,0.25059372
2017-04-12,0.8311750317643085,0.58047897
2017-04-13,0.2721829017457988,0.38473845
2017-04-17,0.1783718562327285,-0.038203947
2017-04-18,-0.7973931367317943,-0.33174223
2017-04-19,0.0390198213261694,-0.17381963
2017-04-20,0.4290506198027399,0.08347837
2017-04-21,-0.9010389440700096,0.17664173
2017-04-24,-0.7995040642580831,-0.38639346
2017-04-25,-0.2765486779011339,-0.111387
2017-04-26,0.1267709069715072,0.22449973
2017-04-27,0.1899204326024417,0.1184
2017-04-28,-1.0109728303160923,-0.3236662
2017-05-01,0.1436149914376461,-0.0782458
2017-05-02,-0.6931679819221936,-0.5767971
2017-05-03,-1.5966001303167163,-0.8198469
2017-05-04,-0.1386018077354278,-0.06296642
2017-05-05,0.0408229898813505,-0.008828041
2017-05-08,-0.8977392933690265,-0.29995427
2017-05-09,0.2470559070548716,0.17329141
2017-05-10,0.4435966587652995,0.15818119
2017-05-11,0.2862517493883443,0.41513777
2017-05-12,0.1957286339612673,0.23896363
2017-05-15,0.5209201156796572,0.10839273
2017-05-16,1.8218623481781384,0.08669273
2017-05-17,-0.4612364873260444,-0.096514024
2017-05-18,0.0798913508835541,-0.06168247
2017-05-19,0.6386206044405318,0.15841532
2017-05-22,-0.4679862435360449,-0.04493033
2017-05-23,-0.1912674785360391,0.12013259
2017-05-24,0.2714807048692869,0.183911
2017-05-25,0.9396342012268466,0.34449887
2017-05-26,-0.4338908256492857,0.09149716
2017-05-30,0.7844088903865343,0.23378554
2017-05-31,-0.3930817610062864,0.09197638
2017-06-01,0.7734845168212212,0.2560235
2017-06-02,0.1958019975245584,0.09675705
2017-06-05,1.1803310411634405,0.2307652
2017-06-06,-0.3322040132123338,-0.18507364
2017-06-07,-1.0696788635737198,-0.46904287
2017-06-08,-0.6111453835081271,-0.37694335
2017-06-09,-0.18920176697379,-0.09166871
2017-06-12,-0.0236890264272982,0.056184012
2017-06-13,0.5530099328468596,0.32887188
2017-06-14,-1.618486554523357,-1.0785849
2017-06-15,0.1437509102631962,-0.3557895
2017-06-16,-0.7815030963417069,-0.25202948
2017-06-19,-0.2571894629043392,-0.16980903
2017-06-20,0.1933943927528103,0.049928747
2017-06-21,0.3377795632466762,0.25515792
2017-06-22,0.6893215577291611,0.4542312
2017-06-23,-0.788083324992539,-0.022911046
2017-06-26,0.0080217910632063,0.030290049
2017-06-27,0.1283677434690044,0.15467376
2017-06-28,-0.3044910919971944,0.11203827
2017-06-29,-0.2813052674293548,-0.16741957
2017-06-30,-1.837666450802821,-0.5449232
2017-07-03,0.2052713646346182,0.36653543
2017-07-05,0.1474866209279834,0.030664127
2017-07-06,-1.11274555140487,-0.35662493
2017-07-07,0.289591268467726,0.101692334
2017-07-10,0.1237521681554998,0.08419676
2017-07-11,0.3707976343545471,0.25856724
2017-07-12,-0.1477651090951437,0.11751827
2017-07-13,0.8468244959569216,0.21960302
2017-07-14,0.5054682345991157,0.1607108
2017-07-17,0.6732581464206078,0.23132844
2017-07-18,0.0080554014909584,-0.041670077
2017-07-19,0.2900497742407193,0.10347857
2017-07-20,0.763174777261888,0.29246792
2017-07-21,-0.0318922425647905,0.07930093
2017-07-24,-0.1754584256600133,0.09104574
2017-07-25,-0.2157027464407268,0.008595837
2017-07-26,0.8486769884657797,0.42171484
2017-07-27,0.6986383771587112,0.2656094
2017-07-28,-0.1419149159159416,-0.10454879
2017-07-31,0.4737091517173164,0.113624014
2017-08-01,-0.0628576750871134,-0.063809596
2017-08-02,-0.3145148487520233,-0.15196599
2017-08-03,-0.749329518387476,0.22232762
2017-08-04,-0.0079549910486975,0.061231755
2017-08-07,-0.143055700815764,0.04050691
2017-08-08,1.3212333065401705,0.66523314
2017-08-09,0.8405303355754068,0.34391662
2017-08-10,0.3115992951739477,0.056335874
2017-08-11,-0.2718024487626036,-0.15732214
2017-08-14,-0.8176296837901553,-0.47556964
2017-08-15,0.2512423148986809,0.14169542
2017-08-16,0.7439893349801885,0.43412057
2017-08-17,-0.0544211154307472,0.1285101
2017-08-18,0.3966786847585668,0.26534787
2017-08-21,-0.4415922704188335,-0.2123346
2017-08-22,0.2957006381073546,0.17668013
2017-08-23,-0.1862071819847766,-0.053140175
2017-08-24,0.4663816556548683,0.0066260668
2017-08-25,1.3307505742263137,0.09186255
2017-08-28,0.2596033092175265,-0.109148875
2017-08-29,-0.3807783179471058,-0.22735853
2017-08-30,0.6192168593466496,-0.07712232
2017-08-31,0.6306069849596252,0.46805468
2017-09-01,1.1098490880992795,0.44999814
2017-09-05,-0.3957532072170977,-0.053360604
2017-09-06,0.8396394757391734,0.053372968
2017-09-07,0.0669113397069542,-0.021778828
2017-09-08,-1.1144130757800852,-0.40337008
2017-09-11,-0.2253944402704766,-0.26391762
2017-09-12,-0.3463837037603556,-0.36496562
2017-09-13,0.0982262909045905,0.15158026
2017-09-14,-0.3245962796336377,-0.17108378
2017-09-15,-1.0678563560459264,-0.28318176
2017-09-18,-0.0076626848739547,-0.013910627
2017-09-19,0.4440398901348397,-0.22585723
2017-09-20,-1.631099421803539,-0.9757787
2017-09-21,0.2092106999274978,-0.2622667
2017-09-22,1.0438412967070263,-0.051789027
2017-09-25,-0.7499271856404643,-0.31616703
2017-09-26,-1.0485717491085178,-0.5100565
2017-09-27,0.1636259580793053,-0.17708106
2017-09-28,-0.3111629716063824,-0.033675127
2017-09-29,-0.686699089202103,-0.22444716
2017-10-02,-0.0942839017767038,0.029403359
2017-10-03,0.1730201472178505,0.15978448
2017-10-04,-0.2983376700545825,0.054527648
2017-10-05,0.1338649609570197,0.1469954
2017-10-06,0.8021448126787956,0.4680284
2017-10-09,0.686528820611132,0.22132139
2017-10-10,-0.3719143691780502,-0.14442039
2017-10-11,0.5832944248863159,0.15234216
2017-10-12,0.6340331603099436,0.3385889
2017-10-13,-0.122933199073183,-0.2754689
2017-10-16,-1.3001018614243298,-0.67148423
2017-10-17,-0.2416192974230346,-0.4318615
2017-10-18,0.5469177175150497,0.16104758
2017-10-19,-0.7382080829725246,-0.20603034
2017-10-20,0.0234794701800655,-0.04679059
2017-10-23,-0.2113133971241576,0.07405329
2017-10-24,0.0313744638480439,0.053650282
2017-10-25,-0.713499718656363,-0.18284306
2017-10-26,0.17373063942554,0.055916447
2017-10-27,0.4414643741377677,0.27442876
2017-10-30,-0.5572541968437261,0.09535612
2017-10-31,0.5603769207527698,0.5282846
2017-11-01,0.0627932535480324,0.25767747
2017-11-02,-0.65887710825977,0.30595267
2017-11-03,1.0185570007155589,0.3466708
2017-11-06,-0.4455270543548772,0.18831107
2017-11-07,0.6202421855158402,0.2939566
2017-11-08,0.3121098686172496,0.036268927
2017-11-09,-1.0267541554563886,-0.25787124
2017-11-10,0.3851009368157632,-0.10098076
2017-11-13,0.3288147664073371,0.23184843
2017-11-14,-0.3901677721420249,-0.098948345
2017-11-15,0.0705072004749229,0.112777986
2017-11-16,1.4404277487392705,0.3953603
2017-11-17,-1.6360605373768933,-0.404934
2017-11-20,0.5099639200143447,-0.15152767
2017-11-21,0.8196081648661036,0.016307892
2017-11-22,-0.3793763167144415,-0.07210873
2017-11-24,0.5518067867946508,0.39554498
2017-11-27,0.0695549783419124,0.18157618
2017-11-28,-0.9731965753557724,0.2157683
2017-11-29,-0.694175538845565,-0.4577368
2017-11-30,0.4398443191185874,0.15554263
2017-12-01,-0.3518923856879574,0.18019164
2017-12-04,-0.9966313078200728,-0.1438481
2017-12-05,0.0951231186914203,-0.057440758
2017-12-06,-1.0294583067259166,-0.27319133
2017-12-07,-0.3680666887926009,-0.3889647
2017-12-08,-0.1204625810166781,-0.14218801
2017-12-11,-0.4181033509710552,0.13045214
2017-12-12,0.5571275263675846,0.38510236
2017-12-13,0.674484041223189,0.6530613
2017-12-14,0.0398787669905864,0.25987342
2017-12-15,0.6298255629608507,0.3870164
2017-12-18,-0.1188401250219794,0.111631475
2017-12-19,0.4283354186730204,0.1632945
2017-12-20,0.0947850300393682,0.10457388
2017-12-21,0.6391521560681346,0.45945376
2017-12-22,0.6821350952907368,0.36823225
2017-12-26,0.2258410146561473,0.24393544
2017-12-27,0.5516686546960026,0.25181615
2017-12-28,0.9427458057607696,0.49007335
2017-12-29,0.5664779964134947,0.4698074
2018-01-02,0.1903022069666526,-0.045917116
2018-01-03,0.2431297189563253,-0.05574912
2018-01-04,0.0682146731399546,0.08879472
2018-01-05,-0.1287641580939413,0.009012153
2018-01-08,-0.5232841302758584,-0.1658676
2018-01-09,0.4345561831495814,0.19116518
2018-01-10,0.2428989762087052,0.24318287
2018-01-11,0.969260113945225,0.064240254
2018-01-12,0.1499924976286815,0.23140562
2018-01-16,0.1946963859820405,0.062146712
2018-01-17,-0.8968609865470878,-0.527515
2018-01-18,0.4449490508342757,-0.15716054
2018-01-19,-0.0750807103888973,0.17699584
2018-01-22,0.3606526913939811,0.16271211
2018-01-23,1.5123211784551671,0.28495842
2018-01-24,0.4793863767949213,0.28832445
2018-01-25,-0.7927223014231655,-0.3533972
2018-01-26,-1.1985758704125549,-0.37811053
2018-01-30,0.2695803145216446,0.20515756
2018-01-31,0.3958214210698196,0.45381856
2018-02-01,-0.7885217043241521,-0.207057
2018-02-02,-0.0524819072880711,-0.026810776
2018-02-05,-0.5176312388644022,-0.22144437
2018-02-06,-1.0934318880138072,-0.34548992
2018-02-07,0.4040903420844621,0.092682645
2018-02-08,-0.2885601608076382,-0.13100144
2018-02-09,0.8453260065734547,0.30384016
2018-02-12,0.2945192990387202,0.31495076
2018-02-13,2.063099534504098,0.6945135
2018-02-14,-0.2508317531584314,0.2437304
2018-02-15,0.0813531251977695,-0.1522201
2018-02-16,-1.8031261619999013,-0.4469885
2018-02-20,0.0903033660281105,0.13783804
2018-02-21,0.0451109463110999,0.34662977
2018-02-22,-0.1803715961294583,-0.05062086
2018-02-23,0.1882246718797331,0.15716209
2018-02-26,-1.1422523280690933,-0.4636263
2018-02-27,0.0,-0.1948513
2018-02-28,-0.9578088624809912,-0.37356693
2018-03-01,1.3968801006093878,0.41488814
2018-03-02,-0.227083495226732,-0.33170348
2018-03-05,1.175935079818946,0.3252531
2018-03-06,-0.5698842025396944,-0.14905564
2018-03-07,-0.4600283247313319,-0.006973341
2018-03-08,0.1894082850032452,-0.19311361
2018-03-09,-0.2268602498951999,-0.08969681
2018-03-12,0.4926481642962388,0.15900896
2018-03-13,-0.1131307015898808,0.02705298
2018-03-14,-0.5738429059075179,-0.25414547
2018-03-15,-0.4176792068693147,-0.058020074
2018-03-16,0.4194310832913661,0.10098563
2018-03-19,-0.4328731037988809,-0.23470883
2018-03-20,0.7322077465257593,-0.08917652
2018-03-21,0.446734658302006,0.504176
2018-03-22,1.7111468159164644,0.58214355
2018-03-23,0.3779719411087789,0.1717731
2018-03-26,-0.967216136281801,-0.39349496
2018-03-27,-1.2748898109106954,-0.1425974
2018-03-28,-0.1057168400067642,0.09316531
2018-03-29,1.4590207170698477,0.5416546
2018-04-02,-0.6929384492203927,-0.12168648
2018-04-03,0.2250900277680712,0.13598889
2018-04-04,-0.860907289986157,-0.05116602
2018-04-05,0.5738862271176925,0.27435118
2018-04-06,0.3303569587363109,0.08562909
2018-04-09,0.426547254628451,0.049622428
2018-04-10,1.08047690014903,0.27532893
2018-04-11,-1.3343144552847352,-0.2092412
2018-04-12,0.4781847203614964,-0.13179325
2018-04-13,0.2007697110234074,-0.10701497
2018-04-16,-0.0222670744434161,0.06728657
2018-04-17,0.2969121247755835,0.3524228
2018-04-18,-0.3256292556800377,-0.07190794
2018-04-19,-0.7499329737208016,-0.14853974
2018-04-20,-1.062314033858236,-0.38130635
2018-04-23,0.6729697099480125,0.18253727
2018-04-24,-0.7661163478404176,-0.12566106
2018-04-25,-0.3708675843806963,-0.0067617684
2018-04-26,0.3038820824751154,0.13357201
2018-04-27,-0.3105428693946588,-0.32664984
2018-04-30,-0.9420986782980644,-0.30727392
2018-05-01,-0.0920442703822632,-0.014308673
2018-05-02,0.6218313939622133,0.28203037
2018-05-03,0.1525902246514832,0.1794436
2018-05-04,-0.0380894354078176,0.083470285
2018-05-07,-0.0152378585059675,-0.016958684
2018-05-08,-0.0533499368807199,-0.04538154
2018-05-09,0.7244718711396203,0.15684928
2018-05-10,-0.1362847336144557,0.023392653
2018-05-11,-0.1895375284306277,-0.011600388
2018-05-14,-2.0964660528627,-0.96348125
2018-05-15,0.1008555150275203,0.17298481
2018-05-16,-0.1550147322656014,-0.2709393
2018-05-17,0.1552554010098017,0.10446815
2018-05-18,0.0,0.009446056
2018-05-21,0.1162610491991955,-0.0060060057
2018-05-22,-0.1857941034659527,0.15793952
2018-05-23,1.116877514806447,0.20455368
2018-05-24,-0.0306744157956395,0.3277066
2018-05-25,-0.352957683104993,-0.08225256
2018-05-29,0.2156039834758205,0.34405124
2018-05-30,-0.1075700663897394,-0.030116633
2018-05-31,-0.4076553232318813,-0.044956602
2018-06-01,-0.1313000600923763,-0.10110451
2018-06-04,0.3402694684971008,0.07636775
2018-06-05,-0.0308303980009583,0.32728025
2018-06-06,0.1233502132489627,0.2940908
2018-06-07,-0.0461981680523027,-0.03786225
2018-06-08,0.0616322966775939,0.14532438
2018-06-11,-0.2925589927399663,-0.15452752
2018-06-12,0.1389891793728503,0.030250538
2018-06-13,0.5474574332855919,0.11112587
2018-06-14,-2.2546030992379174,-0.7152597
2018-06-15,0.1255276648818304,0.2176362
2018-06-18,-0.0470126632888923,-0.5125109
2018-06-19,-0.344937637055176,-0.011173064
2018-06-20,-0.3146633223445771,-0.04628455
2018-06-21,0.0157886087355452,0.10294235
2018-06-22,-0.1420268891786702,0.14304696
2018-06-25,-0.7111251717457745,-0.42869934
2018-06-26,-0.3023974877956359,-0.04670451
2018-06-27,-0.3991059869990487,-0.09459983
2018-06-28,0.2804936578810979,0.0567739
2018-06-29,-0.9190441581753306,-0.046929024
2018-07-02,0.9517604688728644,0.5275485
2018-07-03,0.4554229269235099,0.13357913
2018-07-05,-0.2386065285526872,-0.08523417
2018-07-06,0.3029519740003872,0.11996184
2018-07-09,-0.3417794166802879,-0.16822371
2018-07-10,-0.8773328737928576,-0.32681358
2018-07-11,0.1770156972515035,-0.12948641
2018-07-12,-0.4337369007279101,-0.18728948
2018-07-13,-0.1210067787627222,-0.006925148
2018-07-16,-1.001536601129005,-0.49775666
2018-07-17,0.0489595888191196,-0.10629965
2018-07-18,-0.318031824086562,-0.19903834
2018-07-19,0.5808225985058257,0.28041753
2018-07-20,-0.4473363155754417,-0.21058898
2018-07-23,-0.0081679400275702,0.09146948
2018-07-24,0.6127951507796325,0.1442078
2018-07-25,-0.4953691298520191,0.08294054
2018-07-26,-0.2203601676805444,-0.02960514
2018-07-27,-0.1063247819213741,-0.03812184
2018-07-30,0.1965039095882081,0.017104808
2018-07-31,-0.4739664124574161,-0.069790386
2018-08-01,-0.5993963939393998,-0.49141616
2018-08-02,0.2973711926761879,0.09752285
2018-08-03,-0.4612070343548269,0.094351366
2018-08-06,0.0827403624193534,0.045134883
2018-08-07,0.2480158780217234,0.10218769
2018-08-08,-0.0577231721893056,-0.009080591
2018-08-09,-0.0660160749243132,0.18189292
2018-08-10,-1.6348713695773287,-0.52261215
2018-08-13,0.1426971461595538,0.0461277
2018-08-14,-1.299245599329424,-0.7320726
2018-08-15,-0.1104075437898144,0.006041975
2018-08-16,0.0255100187537049,-0.22996235
2018-08-17,0.8754822633340487,0.16627197
2018-08-20,0.4887029422976141,0.25405848
2018-08-21,0.310252667946731,0.30444127
2018-08-22,-0.7774010238681517,-0.29936722
2018-08-23,1.6259518810551876,0.16268691
2018-08-24,0.2238208623549287,0.18943381
2018-08-27,-0.1323387581420587,0.07108231
2018-08-28,-0.2401875397898711,-0.24868032
2018-08-29,-0.5645536594541256,-0.3271802
2018-08-30,0.2170909044211022,0.25062758
2018-08-31,-0.6331831498024298,-0.108504735
2018-09-04,0.1844615856675391,0.006331352
2018-09-05,0.2510670297685369,0.21411061
2018-09-06,-0.3589655848139972,0.038748197
2018-09-07,-0.0502660521288111,0.05580206
2018-09-10,0.201175558597022,0.16811888
2018-09-11,0.7779761224591786,0.1466417
2018-09-12,-0.2241181440447937,0.19670679
2018-09-13,-0.5823627287853572,-0.20943947
2018-09-14,0.3933013532949836,-0.008448009
2018-09-17,-0.2417189682234588,0.08541365
2018-09-18,0.4511950303676348,0.24383704
2018-09-19,0.3327233540561192,0.056711763
2018-09-20,-0.8290499423652453,-0.019313028
2018-09-21,0.2591621620794182,0.3631767
2018-09-24,0.0583633072106515,-0.13495427
2018-09-25,-0.5000000000000004,-0.015972
2018-09-26,-0.9798954080297296,-0.26552886
2018-09-27,0.7781401329547188,0.22763021
2018-09-28,-0.3692844661403738,-0.07281498
2018-10-01,1.288859333062753,0.2649435
2018-10-02,-0.340982659904343,0.083617404
2018-10-03,-0.091804857833877,0.21497047
2018-10-04,0.3341129437972823,0.041203566
2018-10-05,-1.398595358035326,-0.63304156
2018-10-08,0.2364004306059985,0.25903597
2018-10-09,0.1768950254906087,0.09589346
2018-10-10,2.8756369097582946,0.7815052
2018-10-11,-0.4413587588118051,-0.24489394
2018-10-12,0.681393070723324,-0.10514635
2018-10-15,0.0733875078396728,-0.17352477
2018-10-16,-0.2933347602884439,-0.021918818
2018-10-17,0.228818251193319,0.10248184
2018-10-18,-0.0978353992560077,0.10083582
2018-10-19,-0.3346198884241702,-0.09629915
2018-10-22,0.9990233974772168,0.30316463
2018-10-23,-0.4540275235196178,-0.14274308
2018-10-24,0.1058744670236144,-0.056607343
2018-10-25,0.2766271647220319,-0.039904673
2018-10-26,-0.6490872210953347,-0.20235601
2018-10-29,-0.1551673674203724,0.05836911
2018-10-30,-0.8424609000074801,-0.3081006
2018-10-31,1.954957536691082,0.53225106
2018-11-01,-0.412619383975521,-0.03476513
2018-11-02,-0.0893635197107944,-0.015609346
2018-11-05,-0.4878841894434327,-0.14789653
2018-11-06,0.1961024879879813,0.10175016
2018-11-07,-0.2691181609213666,-0.10468857
2018-11-08,-1.3492517516226044,-0.17514801
2018-11-09,-0.4227433258230051,-0.15869519
2018-11-12,-0.1748187439348458,0.12605724
2018-11-13,0.7254897928978155,0.12303673
2018-11-14,0.4056647334235608,0.2604887
2018-11-15,0.6596305803030056,0.20692632
2018-11-16,0.1883950414337087,-0.05390968
2018-11-19,-0.335211811607905,-0.030637946
2018-11-20,0.5578382959905648,0.31176472
2018-11-21,-0.3915849760908307,0.15127692
2018-11-23,-0.0655240645475063,0.023204595
2018-11-26,-0.73758403213805,-0.04148702
2018-11-27,0.842146107446462,0.1262185
2018-11-28,0.2210538003853512,0.5308186
2018-11-29,-0.3186034222568912,0.20056319
2018-11-30,1.1227728069510334,0.6342985
2018-12-03,0.5835117132195533,0.41594666
2018-12-04,-0.2417210586587614,0.18605007
2018-12-06,0.7026955345888153,0.25505584
2018-12-07,-0.2486443322779585,0.15585928
2018-12-10,-0.1447235529853152,0.030606698
2018-12-11,0.2013044488971216,0.047893215
2018-12-12,-0.1366179049207216,0.0029457896
2018-12-13,-0.4586747723374307,-0.04134173
2018-12-14,0.840745708493329,0.43134522
2018-12-17,0.1442942698881122,0.16902168
2018-12-18,0.2321505385380451,0.109473124
2018-12-19,0.918457010161533,0.31916612
2018-12-20,-0.7755561053464088,-0.5084094
2018-12-21,1.0926743211311596,0.38632792
2018-12-24,0.1341184356508984,-0.18642633
2018-12-26,0.6382050084993374,0.08492254
2018-12-27,0.2035524533427368,0.077320635
2018-12-28,-0.125007856505821,0.28246492
2018-12-31,0.2112141960997515,-0.027041206
2019-01-02,0.8430951466139813,0.74751514
2019-01-03,-0.7044509453692394,-0.08125944
2019-01-04,0.3196458885419195,0.13316043
2019-01-07,-0.2797713335128127,-0.020991514
2019-01-08,0.4753816932956622,0.19382198
2019-01-09,-0.3567903111794002,-0.27628157
2019-01-10,0.1868159496599464,0.18921407
2019-01-11,0.1553880846815847,0.017389053
2019-01-14,-0.2249650507319511,-0.21593118
2019-01-15,0.4198433073444363,0.46432334
2019-01-16,-0.0464521211891,0.32166106
2019-01-17,-0.7513517561483329,-0.15972593
2019-01-18,0.0936510673649415,0.113917984
2019-01-22,0.0467817221003974,0.077975824
2019-01-23,-0.311744998527752,-0.05060994
2019-01-24,1.4306973010254298,0.4176337
2019-01-25,0.3853861496771582,0.111614905
2019-01-28,0.4453260633515254,-0.039513223
2019-01-29,0.1299551525486997,0.13504046
2019-01-30,0.7481431082647871,0.313241
2019-01-31,-0.2121638903847977,-0.03653141
2019-02-01,-0.1974315086746503,-0.096468724
2019-02-04,-0.0076160429529958,-0.23398468
2019-02-05,-0.3576283173412076,0.027804166
2019-02-06,-0.0076346381013725,0.285191
2019-02-07,0.3283890848968518,0.1375255
2019-02-08,-0.5100061978306702,0.014395913
2019-02-11,0.1683206711457607,0.24023923
2019-02-12,0.1222195016748806,-0.065625116
2019-02-13,-0.0762892861420061,-0.028392738
2019-02-14,0.6336789165062529,0.1601431
2019-02-15,1.6690691455494733,0.7629881
2019-02-19,0.2387936199154339,0.39224452
2019-02-20,-1.4739855660243828,-0.58259195
2019-02-21,0.4306725479316098,0.02114309
2019-02-22,-0.2482641347453573,-0.24483156
2019-02-25,-0.0603400568212952,0.10684717
2019-02-26,-0.5584502717080109,-0.11711109
2019-02-27,-0.3718526618591955,-0.28140277
2019-02-28,-1.2492400825778516,-0.81876737
2019-03-01,-0.8947836599417225,-0.23444068
2019-03-04,-0.2179365443423675,-0.10766723
2019-03-05,0.2262109527349842,-0.019410828
2019-03-06,-0.0856078733782461,0.010599727
2019-03-07,1.028193696045121,0.1870893
2019-03-08,-0.6322244542694699,-0.106860675
2019-03-11,0.5819366632410894,0.28834245
2019-03-12,0.8639937321609947,0.1982854
2019-03-13,-1.0783920142208414,-0.3756209
2019-03-14,0.6494529345526967,-0.04274053
2019-03-15,-0.1152250686540012,-0.113451935
2019-03-18,0.3614512801188185,-0.013863186
2019-03-19,-0.3448275862068972,-0.10460766
2019-03-20,0.4306017367118331,0.15248628
2019-03-21,0.4211009955445988,0.31216145
2019-03-22,0.7853041338708122,0.11096804
2019-03-25,-0.5749281674539808,-0.049491845
2019-03-26,-0.3347808149277376,-0.14826478
2019-03-27,-1.5344663876106557,-0.7367543
2019-03-28,0.2480966855895605,0.14179568
2019-03-29,-0.355759906104991,0.3992539
2019-04-01,0.1241831384367619,0.16758128
2019-04-02,-0.0077500454215062,-0.18779469
2019-04-03,-0.0697747419976524,0.072845146
2019-04-04,0.1086132206409962,0.15593603
2019-04-05,0.5192150530931139,0.24679327
2019-04-08,0.4934102640138826,0.20409432
2019-04-09,0.4296107085490996,0.48898143
2019-04-10,-1.5659613766950464,-0.68906295
2019-04-11,0.1552072045547303,0.20454161
2019-04-12,-0.2944310266306482,0.0018261016
2019-04-15,-1.1035182393037135,-0.2675153
2019-04-16,-0.0314336336426746,0.039981864
2019-04-17,-0.0235754417012956,-0.13499394
2019-04-18,0.1257941312387878,-0.18183123
2019-04-22,-0.3297959302610898,-0.052964948
2019-04-23,0.4884543396653118,0.22070451
2019-04-24,0.0235240163171335,0.30559307
2019-04-25,0.7132760023246698,0.41857776
2019-04-26,-0.4903143208358163,0.036563255
2019-04-29,0.3284900142644487,0.19551694
2019-04-30,-0.1091381634527932,-0.026864182
2019-05-01,-0.9130695348267605,-0.21173573
2019-05-02,0.7482082669399093,0.22037497
2019-05-03,0.1954346541140683,0.2543145
2019-05-06,0.1404422951314821,0.009172683
2019-05-07,-0.319437131744249,-0.090105966
2019-05-08,0.3204608025402455,-0.10285151
2019-05-09,0.1714025065738145,0.08952467
2019-05-10,1.1200143860110812,0.31665647
2019-05-13,-0.4153545508397416,0.028610852
2019-05-14,0.123588299729338,0.27678934
2019-05-15,-0.8717155290042911,-0.13245901
2019-05-16,-0.8171206225680905,-0.18640558
2019-05-17,0.1255375116467227,-0.13747609
2019-05-20,-0.3212895278095207,-0.1398181
2019-05-21,0.1257842441774848,0.1808259
2019-05-22,0.8794027525820924,0.26576105
2019-05-23,-0.140103421522042,0.083015315
2019-05-24,-0.5066250974279041,-0.08267025
2019-05-28,0.321188843395026,0.019514184
2019-05-29,0.5075745840949164,0.2508754
2019-05-30,1.4528842822543409,0.37752745
2019-05-31,1.2942182349370055,0.6782357
2019-06-03,0.0529275926537398,0.324848
2019-06-04,0.3702602632361218,0.31637403
2019-06-05,0.7001375002596122,0.46992564
2019-06-06,0.2691369356791817,0.05222956
2019-06-07,-1.2302416194977517,-0.092162356
2019-06-10,0.1283364765495509,0.053631872
2019-06-11,0.414656204671715,0.19525164
2019-06-12,0.5480836867634897,0.4821802
2019-06-13,0.067206126558994,0.16503808
2019-06-14,-0.1044716393976741,0.08101531
2019-06-17,0.5901265931284261,0.14415076
2019-06-18,-0.148522206762236,0.19214168
2019-06-19,3.59215005987763,1.5126399
2019-06-20,0.2369105248024361,0.8443756
2019-06-21,1.2963829171500851,0.44675773
2019-06-24,0.0424220862068613,0.24927509
2019-06-25,-0.2332354775024914,-0.04921915
2019-06-26,-0.2266896590549127,-0.29046094
2019-06-27,0.0922981209371398,-0.45029134
2019-06-28,-1.7095819267003098,-0.7085679
2019-07-01,1.371247137325149,0.31508017
2019-07-02,0.9326481427904598,0.09352751
2019-07-03,-1.4812725346178723,-0.78858596
2019-07-05,0.0214826976884463,-0.48528093
2019-07-08,0.0357909806728784,0.07268737
2019-07-09,0.901608270907861,0.20019326
2019-07-10,-0.4113131592249353,0.12935098
2019-07-11,0.398773438098976,0.15398759
2019-07-12,0.1063905223083638,0.2742814
2019-07-15,-0.1558787873126799,0.10849718
2019-07-16,0.8586501614755049,0.26581234
2019-07-17,0.337713824872532,0.13867515
2019-07-18,-0.0701213110665066,-0.07227738
2019-07-19,0.0140392425524549,-0.2802658
2019-07-22,-0.3648405994557402,-0.5828373
2019-07-23,0.1901326166190209,-0.040430564
2019-07-24,-0.6255288240531676,-0.21624546
2019-07-25,0.3253395223501654,0.21317896
2019-07-26,0.0775449831468044,-0.013164195
2019-07-29,0.7114663116113862,-0.0364152
2019-07-30,-0.2517993781133376,-0.38282323
2019-07-31,-0.3646273936536937,-0.31202993
2019-08-01,1.7383313918979404,1.1172905
2019-08-02,1.314333171062687,0.2653252
2019-08-05,0.5325719621840364,0.2488856
2019-08-06,2.370281434079091,0.68223315
2019-08-07,-0.6369068762197561,-0.030077329
2019-08-08,-0.0734443227481507,0.2854092
2019-08-09,0.5813225567360636,-0.2277271
2019-08-12,-0.2059454962924811,-0.16866907
2019-08-13,0.9120006448875227,0.36386937
2019-08-14,0.2440761997682061,-0.1705614
2019-08-15,-0.4672266188474938,-0.07470763
2019-08-16,-0.7999983858471116,-0.2846213
2019-08-19,0.2799220943438207,-0.16256607
2019-08-20,0.0,-0.025381524
2019-08-21,-0.4851739250473996,0.040453978
2019-08-22,1.9568507181138672,0.41479462
2019-08-23,-0.0196467157480006,0.23209834
2019-08-26,0.9631101815898768,0.14983752
2019-08-27,-0.2076541967472422,-0.03404669
2019-08-28,-0.7348191227290024,-0.15904848
2019-08-29,-0.4847706789428474,-0.014717947
2019-08-30,1.7642057309485315,0.31338468
2019-09-03,0.2846254184988517,0.03613775
2019-09-04,-2.251178695404388,-0.8479975
2019-09-05,-0.6071052589394554,0.08015422
2019-09-06,-0.2655689901521985,-0.11056824
2019-09-09,-0.7921650066934682,-0.7406638
2019-09-10,0.2751107462662716,-0.24201496
2019-09-11,0.2877359935468782,0.01758926
2019-09-12,-0.5204461874915967,0.20768204
2019-09-13,0.8182943840697732,0.8021345
2019-09-16,0.1330583482459513,0.15528038
2019-09-17,0.159459468008305,-0.0008771241
2019-09-18,-0.6036468050373167,-0.42416364
2019-09-19,0.5939685176889142,-0.019922713
2019-09-20,1.088031699892822,0.3528005
2019-09-23,0.5512912438962791,0.10012801
2019-09-24,-1.794922031082391,-0.37423617
2019-09-25,0.1927438828339234,-0.11297953
2019-09-26,-0.5572155498548947,-0.7074421
2019-09-27,-2.228005133614108,-1.028052
2019-09-30,1.112099977563119,0.57195413
2019-10-01,1.2820512820512775,0.4813397
2019-10-02,0.4063941096560608,0.38119507
2019-10-03,-0.0597189588376512,0.13135014
2019-10-04,-0.5643341040734162,-0.094292745
2019-10-07,-0.0333845240235719,-0.08582117
2019-10-08,0.5944446102269962,0.1262647
2019-10-09,-0.7502773349037706,-0.15367647
2019-10-10,-0.809479345798525,-0.46753
2019-10-11,0.6070007618794726,0.006677705
2019-10-14,-0.9452286684638268,-0.11042275
2019-10-15,0.7038457353749195,0.22610232
2019-10-16,0.2889817760836743,0.19706228
2019-10-17,-0.2747502192652074,0.19446528
2019-10-18,-0.3897276540860916,-0.085626364
2019-10-21,-0.0472256631582457,0.13635439
2019-10-22,0.5534233321464299,0.30636963
2019-10-23,0.6040673771744887,0.36467522
2019-10-24,0.0400277254096304,0.31983113
2019-10-25,-0.6335445148382801,-0.059714265
2019-10-28,-0.201342281879191,-0.0025491226
2019-10-29,0.4169435892316775,-0.016492154
2019-10-30,1.2188637715869088,0.21713042
2019-10-31,-0.2249586052098018,-0.10767412
2019-11-01,0.0,0.0077101453
2019-11-04,-1.8037102899121304,-0.8139949
2019-11-05,0.6347853885599886,0.3405672
2019-11-06,-1.744732307872776,-0.9736823
2019-11-07,-0.198053711272772,-0.13556269
2019-11-08,-0.3969101919059192,-0.56773597
2019-11-11,-0.233598379530231,-0.09709568
2019-11-12,0.6611098235205004,0.23955457
2019-11-13,0.6909829646058796,0.20868024
2019-11-14,-0.3057480534521595,-0.043697543
2019-11-15,0.2453469274271924,0.1619842
2019-11-18,0.1631670660294126,0.06570365
2019-11-19,0.0,0.0314477
2019-11-20,-0.692328304088552,0.09016969
2019-11-21,0.0,0.10701965
2019-11-22,-0.4442621904492183,0.033978924
2019-11-25,0.2196947202954824,0.19950187
2019-11-26,-0.438417879160935,0.055822074
2019-11-27,0.8394076625114488,0.3769415
2019-11-29,-0.2251587617892236,0.027940193
2019-12-02,1.0873214670608755,0.27737057
2019-12-03,-0.2841260526727396,-0.111518346
2019-12-04,0.1967452112661138,-0.041133378
2019-12-05,-1.2052304512072065,-0.27575162
2019-12-06,0.0137120996186235,0.033830512
2019-12-09,0.2261307919822597,0.13461149
2019-12-10,0.4649288213888214,0.21778373
2019-12-11,-0.1837534502059257,0.0433478
2019-12-12,0.6068060755679117,0.3274126
2019-12-13,-0.0406597720157386,-0.0494706
2019-12-16,-0.0271202992584762,-0.03932152
2019-12-17,-0.1356300036018387,0.11279444
2019-12-18,0.3802781256810217,-0.00519572
2019-12-19,-0.2367744632399193,0.060128648
2019-12-20,0.528924465070113,0.33474988
2019-12-23,1.1197285386804312,0.38191095
2019-12-24,0.680413141771985,0.055104066
2019-12-26,0.2981514512965022,0.19303831
2019-12-27,0.0462380201676548,0.08908226
2019-12-30,0.3301419610432399,0.33470875
2019-12-31,0.3290556103981545,0.23921804
2020-01-02,1.620200142464734,0.82428473
2020-01-03,1.0973405974574524,0.6364401
2020-01-06,0.3575595601353454,0.2652126
2020-01-07,-0.9161486173001832,-0.4059321
2020-01-08,-0.3659993035079134,-0.1288654
2020-01-09,0.3737867507016768,0.105982624
2020-01-10,-0.5842680954052937,-0.19479604
2020-01-13,-0.3874967647504723,0.014745792
2020-01-14,0.6288868658155033,0.19884184
2020-01-15,-0.1997278290509108,0.043760035
2020-01-16,0.6326693885167822,0.301756
2020-01-17,-0.1539661495306488,0.0066908533
2020-01-21,-0.0706743490544226,0.11543918
2020-01-22,0.5979506504111276,0.21541205
2020-01-23,0.4154416529097648,0.23546386
2020-01-24,0.3628077990429412,0.33971596
2020-01-27,-0.4819950165462217,0.11505892
2020-01-28,0.0382422683483874,-0.038962264
2020-01-29,0.8727195022131706,-0.02523318
2020-01-30,-0.0378892065637792,-0.055866044
2020-01-31,-0.3601031748229011,0.09213577
2020-02-03,-1.699209205395924,-0.54183376
2020-02-04,0.4772977488090024,0.041115496
2020-02-05,0.4686048612788207,0.09126176
2020-02-06,0.2236278866907248,0.26913944
2020-02-07,0.3888802550604975,0.10524955
2020-02-10,-0.5778863191787997,0.06381951
2020-02-11,0.1149750163640161,0.22392175
2020-02-12,0.4912562876061788,0.28928873
2020-02-13,0.4825075045227001,0.22404516
2020-02-14,1.09307192530812,0.1679717
2020-02-18,0.4687499999999955,0.6184689
2020-02-19,0.566094904257386,0.30864677
2020-02-20,1.7320302129691267,0.41459388
2020-02-21,1.690383633759951,0.88412505
2020-02-24,-1.5247548210802098,-1.2767035
2020-02-25,-0.4189704482223999,-0.5590126
2020-02-26,0.0,-0.32379198
2020-02-27,-4.628050269150153,-2.5665977
2020-02-28,1.802958486181372,1.0576259
2020-03-02,3.127546645147916,1.2593061
2020-03-03,-0.0608976319875553,0.69387454
2020-03-04,1.5416518922981348,0.6923877
2020-03-05,0.2640437079691971,0.2984725
2020-03-06,0.2214478730994784,0.24753067
2020-03-09,-0.9196789736675148,-1.0122106
2020-03-10,-1.0668405420007354,-0.71649635
2020-03-11,-3.1741181193497225,-2.575895
2020-03-12,-4.630975611591981,-3.626749
2020-03-13,-1.9660835071461549,-2.0791566
2020-03-16,2.624671872885864,1.6128676
2020-03-17,-3.1215145139910194,-2.2249773
2020-03-18,0.0879934146650551,-0.5811849
2020-03-19,0.3652119912907814,-0.08811116
2020-03-20,5.5929919137466255,4.135677
2020-03-23,5.947667592334072,4.158777
2020-03-24,-1.6805145864542737,-0.025304321
2020-03-25,1.0904812978834055,0.734851
2020-03-26,-1.587779623023844,-0.75784487
2020-03-27,-0.1170037801279111,-0.20714322
2020-03-30,-2.3797765466052723,-0.8235443
2020-03-31,-0.3284118455228468,-0.5361143
2020-04-01,3.009758045216593,2.1074948
2020-04-02,0.4920957273962578,1.2997674
2020-04-03,2.650428482725076,1.6932662
2020-04-06,-0.7274866530635027,0.19052657
2020-04-07,0.0360388976658132,0.33258566
2020-04-08,4.251226475316172,1.9533072
2020-04-09,0.4953402775092375,0.44566268
2020-04-13,0.6820209772313124,0.59556997
2020-04-14,-1.6792850697309405,-1.1791916
2020-04-15,-0.3936965580156992,-0.41118273
2020-04-16,-1.8135359683463024,-1.3126621
2020-04-17,0.7340767684405947,0.2598736
2020-04-20,-1.3751777591560432,-1.1519063
2020-04-21,3.009176586183093,1.8311179
2020-04-22,0.2661015668526945,1.0565823
2020-04-23,-0.5653982895085452,-0.06552129
2020-04-24,-0.6730476116006634,0.074742645
2020-04-27,-0.0817819028036792,-0.08694986
2020-04-28,-0.4150818816683665,-0.25464615
2020-04-29,-1.127161733415616,-0.891483
2020-04-30,0.6115692392080874,-0.22280475
2020-05-01,0.7317807267077203,0.12800206
2020-05-04,-0.146464348482167,0.112921454
2020-05-05,-1.185172081250807,-0.25321645
2020-05-06,2.23251981631325,0.7521942
2020-05-07,-0.6911385803573311,0.31686518
2020-05-08,-0.8538496624058811,-0.4256726
2020-05-11,0.5367766957965925,0.04812894
2020-05-12,0.5573808885191767,0.27337632
2020-05-13,1.411981494086767,0.4932398
2020-05-14,0.8802743825462089,0.5723089
2020-05-15,-1.231890913949063,-0.3161691
2020-05-18,0.7160123567464316,0.49173373
2020-05-19,0.3669318078906247,0.03224457
2020-05-20,-1.7194091172006765,-0.3657499
2020-05-21,0.8195277876162477,0.41954947
2020-05-22,-1.7179711274783238,-0.9815755
2020-05-26,0.3226184797320286,0.035406403
2020-05-27,0.175407818181128,0.001138702
2020-05-28,1.3774572411924924,0.477863
2020-05-29,0.0518178594859586,-0.021376576
2020-06-01,-0.7250602659809369,-0.6974207
2020-06-02,-1.5882160398357326,-0.4834469
2020-06-03,1.2427833065796756,0.26249295
2020-06-04,-2.484151063802742,-1.5518687
2020-06-05,1.3184642823070858,1.1361212
2020-06-08,0.9656657759072872,0.026402289
2020-06-09,-0.0816412424105572,0.10870136
2020-06-10,1.0914580423122988,0.7696105
2020-06-11,-0.155886326320731,-0.47217774
2020-06-12,-0.5204417825639296,0.07321261
2020-06-15,0.5405991102626295,0.29660124
2020-06-16,-0.0231281463754062,0.13924795
2020-06-17,-0.254447285912085,0.2330378
2020-06-18,1.2233287910835555,0.83888686
2020-06-19,0.6185879263869598,0.44816217
2020-06-22,0.8766451210856729,0.03425348
2020-06-23,-0.3555062832010569,-0.10189383
2020-06-24,-0.2095408959039923,0.21884927
2020-06-25,0.5902062628770022,0.2788761
2020-06-26,0.1297629804301925,0.26303875
2020-06-29,1.025464878924942,0.42958528
2020-06-30,-1.104297201791693,-0.3306594
2020-07-01,0.6090711214483902,0.41424474
2020-07-02,0.2522421524663754,0.38793477
2020-07-06,0.8778278541724971,0.46271738
2020-07-07,0.6263190962168652,0.46059006
2020-07-08,-0.8978269803428862,-0.30981982
2020-07-09,-0.0555802594007781,0.21734028
2020-07-10,0.7118256687629998,0.13494667
2020-07-13,-0.0220885927146641,-0.01740795
2020-07-14,0.0441869457037835,0.18120803
2020-07-15,-0.7011191934976124,0.056054294
2020-07-16,0.5337242406658893,0.53926814
2020-07-17,0.420282883411005,0.25954518
2020-07-20,1.459331441363387,0.55287695
2020-07-21,1.1778088842989476,0.9595238
2020-07-22,1.34112978528107,1.2337801
2020-07-23,0.4340730161538575,1.0779707
2020-07-24,1.7762056767294032,0.9932972
2020-07-27,0.7094744263011377,0.39433917
2020-07-28,0.4525144777641543,0.22613633
2020-07-29,-0.5733274211351391,0.26766714
2020-07-30,1.0554496980200725,1.0160594
2020-07-31,0.1630299109573352,0.33213943
2020-08-03,1.790434952791209,0.71957517
2020-08-04,1.494104794303719,1.0143024
2020-08-05,1.0043830761298445,0.6065833
2020-08-06,-2.018036773778331,-1.1468112
2020-08-07,0.7114098304466854,-0.011660451
2020-08-10,-4.534679298608257,-2.501783
2020-08-11,0.1190131872700561,0.24556752
2020-08-12,1.1266694135483313,0.7527569
2020-08-13,-1.0067946881726408,-0.82829696
2020-08-14,2.47805885389778,1.4747322
2020-08-17,0.7254420359729119,-0.106915355
2020-08-18,-2.0356143215570333,-1.09106
2020-08-19,-1.2712463860966805,-1.256289
2020-08-20,0.041365536126503,-0.62308365
2020-08-21,-0.356664142517249,-0.16797999
2020-08-24,-0.8248120945422155,-0.33583862
2020-08-25,1.5116592533547024,0.22115088
2020-08-26,-0.984179732390067,-0.74047655
2020-08-27,2.2377185962904944,0.86366224
2020-08-28,0.1527028421704601,0.11266252
2020-08-31,0.0304927624203088,0.22620252
2020-09-01,-1.7173014732414726,-0.66046894
2020-09-02,-0.3515327100031884,-0.26892555
2020-09-03,-0.1919460063673383,-0.49324164
2020-09-04,0.4729962820551936,0.4853397
2020-09-08,0.6052742458290128,-0.12407651
2020-09-09,0.4885072370303334,0.4779058
2020-09-10,-0.8392131180801399,-0.00053518417
2020-09-11,0.789551366100194,0.304744
2020-09-14,0.163845849274935,0.0841607
2020-09-15,0.199350930144182,0.19385135
2020-09-16,-1.0305046258060946,-0.20822251
2020-09-17,0.6237100817493513,0.38690886
2020-09-18,-2.607449672181084,-1.036541
2020-09-21,-0.1367544525937347,0.2700189
2020-09-22,-2.038341497393714,-1.7427199
2020-09-23,0.4516384915210114,-0.16628334
2020-09-24,-0.5673659144257326,-1.0700248
2020-09-25,0.812838351356171,-0.12277633
2020-09-28,1.148013639440748,0.17224297
2020-09-29,-0.3589742201786761,-0.2292974
2020-09-30,1.1072860616721858,0.8460439
2020-10-01,-0.4296831449006721,0.19437471
2020-10-02,0.6473028704447437,0.4762186
2020-10-05,-0.5960797079248348,-0.3658316
2020-10-06,-0.9205197109429464,0.15236382
2020-10-07,0.2654491433853767,0.24071638
2020-10-08,1.6361338988408969,0.47562122
2020-10-09,0.1562907007033098,0.039684705
2020-10-12,-1.768530559167747,-0.9593829
2020-10-13,0.677789188674871,0.05509142
2020-10-14,0.0999264868751792,-0.03656646
2020-10-15,-0.1260982768664043,0.22110753
2020-10-16,0.2946115026349005,0.19068904
2020-10-19,0.209819552495527,0.41687614
2020-10-20,0.7432972670857296,0.22231925
2020-10-21,-1.2210329573991374,-0.60939115
2020-10-22,0.0473422979128335,0.123050906
2020-10-23,0.0368007976800699,0.07330237
2020-10-26,0.320602187039154,0.33434096
2020-10-27,-1.7078843683110856,-0.56427646
2020-10-28,-0.5649704648652554,-0.027726382
2020-10-29,0.6325069137299355,0.008313472
2020-10-30,0.6924469921671284,0.19569705
2020-11-02,0.9574680148212388,0.54644245
2020-11-03,-0.7283219499115812,-0.24620128
2020-11-04,2.676030502244031,1.5821291
2020-11-05,0.2570297575950953,-0.08302875
2020-11-06,-4.978726104970077,-2.8306615
2020-11-09,1.197931892246662,1.1122253
2020-11-10,-0.7838366775525851,-0.2047972
2020-11-11,0.6395455864105282,0.42453107
2020-11-12,0.6995608115309526,0.59421206
2020-11-13,0.0848543086218844,0.0015753392
2020-11-16,-0.1483626744917199,0.16245604
2020-11-17,-0.5837092066861227,-0.010232197
2020-11-18,-0.661864126718037,-0.16148704
2020-11-19,0.6179141449066616,0.31812704
2020-11-20,-1.858374837739896,-0.73712814
2020-11-23,-1.79562515634073,-0.64688283
2020-11-24,0.0498616090095049,-0.54230964
2020-11-25,-1.3180443817571552,-0.36120698
2020-11-27,-0.3479473122644072,0.23245303
2020-11-30,2.162528888324866,0.41419584
2020-12-01,0.6394341955817895,0.60914576
2020-12-02,0.6079913432174289,0.460877
2020-12-03,-0.0489995856999603,-0.0923076
2020-12-04,1.4107535306737915,0.6578022
2020-12-07,0.4834031455560827,0.27415085
2020-12-08,-1.9350049335771224,-0.561656
2020-12-09,-0.0545077953399975,0.11033809
2020-12-10,0.3381366342026792,0.0726907
2020-12-11,-0.6033317404964933,-0.169978
2020-12-14,1.2905396339692787,0.37564284
2020-12-15,0.2051463940853759,0.14983492
2020-12-16,1.675554980604943,0.39613363
2020-12-17,-0.0794828337648323,0.06133722
2020-12-18,-0.344699589983044,0.27165335
2020-12-21,-0.6704968025398328,-0.1654789
2020-12-22,0.433942767163864,0.28809848
2020-12-23,0.2773816278672791,0.12689057
2020-12-24,-0.1436285550892035,0.35907748
2020-12-28,0.1331770756993311,0.2585622
2020-12-29,0.6011623728074289,0.30239716
2020-12-30,0.1110510621860072,0.33993092
2020-12-31,2.7256867704499754,0.6358532
2021-01-04,0.4113745153939696,0.102511264
2021-01-05,-2.3454666821867143,-0.9238354
2021-01-06,0.2831834047367865,-0.15498158
2021-01-07,-4.089320255475037,-2.6898217
2021-01-08,0.8451011507727868,0.286457
2021-01-11,-0.362237849281577,-0.21707186
2021-01-12,0.5806039953402786,0.6197491
2021-01-13,-0.1780279888474512,0.16713862
2021-01-14,-1.1349510590620282,-0.06322361
2021-01-15,0.55758765099303,0.53271806
2021-01-19,1.435173928462219,0.2166746
2021-01-20,-0.0321547552434298,-0.091149904
2021-01-21,-0.5146677427195323,-0.19883795
2021-01-22,-0.0431064708121264,0.106068015
2021-01-25,-0.2264312462616047,0.116155125
2021-01-26,-0.3133909823761494,0.037549645
2021-01-27,-0.3794243540228281,-0.29657692
2021-01-28,0.5114546106532281,0.3867188
2021-01-29,0.7307962779822486,0.25672302
2021-02-01,-1.628334481569205,-0.39311683
2021-02-02,0.0928681328530522,0.08012055
2021-02-03,-2.363275183481905,-1.0984426
2021-02-04,1.2298060092657217,0.7432922
2021-02-05,1.1596443600907724,0.63301265
2021-02-08,0.1856009808804959,0.22736466
2021-02-09,0.2887771272711781,0.2302436
2021-02-10,-0.8529800815017974,-0.10358763
2021-02-11,-0.1808344996425015,0.0030931667
2021-02-12,-1.3394831324706202,-0.8398487
2021-02-16,-1.4522577506703604,-1.1947163
2021-02-17,0.1298655558596539,0.39398655
2021-02-18,0.1353346329661553,-0.06533216
2021-02-19,1.740055270532359,0.5947696
2021-02-22,-0.1272998738014452,0.15999809
2021-02-23,-0.4433606679094204,0.044571526
2021-02-24,-1.2246715487089666,-1.1742458
2021-02-25,-2.609335448099648,-2.1174488
2021-02-26,-0.3240539126816877,0.14853704
2021-03-01,0.6153831980225011,-0.11654756
2021-03-02,-1.0270571235681092,-0.3366562
2021-03-03,-0.880318149968351,-0.6005827
2021-03-04,-0.1293936733946288,-0.2179254
2021-03-05,-1.1955270216799208,-0.58643454
2021-03-08,2.318652056161219,0.33845836
2021-03-09,0.2854494048556644,0.52159536
2021-03-10,0.0464739371550892,0.48039728
2021-03-11,-0.1625761335854458,0.044639844
2021-03-12,0.5466719635977002,0.34453514
2021-03-15,0.0983255912933023,0.17073171
2021-03-16,-0.2195727962220672,0.14536062
2021-03-17,0.3127115005246095,0.20648289
2021-03-18,0.5311207424964604,0.03687666
2021-03-19,-0.2067288121894273,0.1563512
2021-03-22,-0.753832275760602,0.13116768
2021-03-23,0.475449265051342,0.31521264
2021-03-24,-0.4616538685031757,-0.106754005
2021-03-25,0.4232086877204555,0.1010619
2021-03-26,-1.1603727140356623,-0.31041145
2021-03-29,-1.6470972241106496,-0.3094828
2021-03-30,1.7756413077116395,0.5887651
2021-03-31,0.7410404253727965,0.62647355
2021-04-01,0.0289603243556424,0.05344248
2021-04-05,0.8396062536189852,0.06674328
2021-04-06,-0.0803918698858763,0.1844668
2021-04-07,0.9597191814547434,0.08714795
2021-04-08,-0.7684426015928891,-0.07537025
2021-04-09,-0.6940915113484825,-0.33853167
2021-04-12,0.8664510410739235,0.2572237
2021-04-13,-0.6471152831168725,-0.25851184
2021-04-14,1.7580263744765956,0.26572624
2021-04-15,0.7703622633885132,0.53328097
2021-04-16,-0.5396276327114924,-0.26125696
2021-04-19,0.4464804060731575,0.35873824
2021-04-20,0.8439767955833011,0.32641068
2021-04-21,-0.6193213945124731,-0.23470001
2021-04-22,-0.2357933576806914,0.09798006
2021-04-23,0.1238014165376943,0.056049656
2021-04-26,-0.0674433006298547,-0.07445966
2021-04-27,-0.269969000456971,0.13390003
2021-04-28,-0.2876142412798432,0.18436454
2021-04-29,-0.0452421677992198,0.09864095
2021-04-30,1.3636606642951188,0.42467213
2021-05-03,-0.8708259112053973,-0.13674957
2021-05-04,0.4673908395987247,0.21527247
2021-05-05,1.7599924244015464,0.9350812
2021-05-06,0.8592660746867153,0.27800527
2021-05-07,0.3495180219209137,0.6255652
2021-05-10,-0.0870735012755141,0.45670667
2021-05-11,-0.7244429789890039,-0.17452022
2021-05-12,0.0658440282158778,-0.12768273
2021-05-13,0.7731097274066512,0.26187032
2021-05-14,1.6105324115969877,0.570275
2021-05-17,0.0160668716532752,0.2076731
2021-05-18,0.7227754388629659,0.029532004
2021-05-19,0.0265773660246937,0.10378311
2021-05-20,-0.271022293756773,-0.04967597
2021-05-21,0.4209529823416602,0.49559745
2021-05-24,0.7163323875032379,0.37608507
2021-05-25,0.1685935031530583,-0.09006448
2021-05-26,-0.2945404466644596,-0.06160438
2021-05-27,0.358709131364443,0.09193554
2021-05-28,0.0210262504106495,0.04111942
2021-06-01,0.24173501113669,-0.11221365
2021-06-02,-1.903016976572736,-0.8660201
2021-06-03,0.9940197809753748,-0.07253836
2021-06-04,0.3704095575794319,-0.06447322
2021-06-07,-0.2425188495272401,-0.11146174
2021-06-08,0.0528485374593046,0.24001646
2021-06-09,0.0528206225328231,0.22551978
2021-06-10,-0.886914116295856,-0.37380043
2021-06-11,-0.7137543538833557,-0.44285163
2021-06-14,-0.5096566523605128,-0.52485067
2021-06-15,0.2696144513345988,-0.0763525
2021-06-16,-4.608763171383434,-3.4204762
2021-06-17,-0.3326206027539746,-0.3381546
2021-06-18,0.7862449359187895,0.6569014
2021-06-21,-0.3086766106902616,-0.006459388
2021-06-22,0.3377807709884495,0.10346164
2021-06-23,-0.3759228557836169,0.14518104
2021-06-24,0.0563189915380624,-0.26249284
2021-06-25,0.1688618733100222,0.11785208
2021-06-28,-0.9440282641204888,-0.35713598
2021-06-29,0.4538234501024751,0.11543143
2021-06-30,0.2880040346346479,0.1890885
2021-07-01,0.3772707404565478,0.32075566
2021-07-02,0.6114677753476183,0.37481007
2021-07-06,0.4460551993309192,0.19665536
2021-07-07,-0.1054690210414932,-0.10491812
2021-07-08,0.5779075658564725,0.17360286
2021-07-09,-0.2486187845303855,-0.12515756
2021-07-12,0.2160079985634277,0.3552148
2021-07-13,0.8234787340012151,0.39265105
2021-07-14,0.224742393038424,-0.09557095
2021-07-15,-0.7602288464482521,-0.25178593
2021-07-16,-0.3196499767497918,0.22075553
2021-07-19,0.1216383757163264,0.23875853
2021-07-20,-0.4417692800345763,0.5758499
2021-07-21,0.1164776503134179,0.0144902915
2021-07-22,-0.1994446307998609,0.22276089
2021-07-23,-0.1498874878202438,0.3163566
2021-07-26,0.0444792822507089,0.5385233
2021-07-27,0.0,0.08356184
2021-07-28,1.761597731140596,0.47698975
2021-07-29,-1.0157260857305284,-0.32761565
2021-07-30,0.303431538898824,-0.021067262
2021-08-02,-0.440019806799774,-0.22414105
2021-08-03,0.0220995756841091,-0.07843749
2021-08-04,-0.2982614976008046,-0.3473882
2021-08-05,-2.4984752199831983,-1.4855376
2021-08-06,-2.0795440673828103,-1.4283363
2021-08-09,0.3133355191809572,0.24700971
2021-08-10,1.2494201166051155,0.299502
2021-08-11,-0.0799831121192529,0.3092719
2021-08-12,1.4979960647155457,0.7837092
2021-08-13,0.6590848109512271,0.27338696
2021-08-16,-0.1063307621077203,-0.032076232
2021-08-17,-0.1904775582107887,-0.05728512
2021-08-18,-0.0785824221625319,0.07201944
2021-08-19,0.0449415150022058,0.25677532
2021-08-20,1.2464879939289686,0.36938325
2021-08-23,0.1330980744815857,0.21663967
2021-08-24,-0.9636699517796554,-0.2428248
2021-08-25,0.2236886315413855,0.30888185
2021-08-26,1.3614565940651913,0.5622341
2021-08-27,-0.4183626383395755,0.23987024
2021-08-30,0.3316749585406287,-0.022973444
2021-08-31,-0.1046845407197016,-0.083397076
2021-09-01,-0.2426796356136185,-0.06436289
2021-09-02,1.227404978244384,0.06783812
2021-09-03,-1.91162813552318,-0.49417686
2021-09-07,-0.2895524901996738,0.1227079
2021-09-08,0.3741594585850549,0.36556673
2021-09-09,-0.4339628753853963,0.4623002
2021-09-10,0.1341095466475206,0.39007363
2021-09-13,0.7087026323590928,0.3679014
2021-09-14,-0.6815496808666444,-0.19241817
2021-09-15,-2.108906957891943,-1.190244
2021-09-16,-0.2963610648711312,-0.08679781
2021-09-17,0.7088158363445674,-0.2349617
2021-09-20,0.805991076076995,0.27504888
2021-09-21,0.0394116650830556,0.004828217
2021-09-22,-1.632239590082285,-0.028673222
2021-09-23,0.1144361192354059,-0.17174459
2021-09-24,0.0171485875577692,0.27112496
2021-09-27,-0.811425781249997,-0.0349708
2021-09-28,-0.8238304197409896,-0.09276709
2021-09-29,1.9634068445033348,1.4354846
2021-09-30,0.0968467569410602,0.7563714
2021-10-01,0.5236170274260044,0.26694512
2021-10-04,-0.3736822425772557,0.20502882
2021-10-05,0.051149376366788,0.18608847
2021-10-06,-0.147683929902731,-0.108141184
2021-10-07,-0.0910163014799847,-0.06983659
2021-10-08,-0.0967985648763103,0.13352297
2021-10-11,0.2108784505683081,0.16229598
2021-10-12,2.0133026992374514,0.49836403
2021-10-13,0.167252053390543,0.38853312
2021-10-14,-1.6418990817447798,-0.69954574
2021-10-15,-0.1358025356529957,-0.109935045
2021-10-18,0.2776463173266297,-0.08193288
2021-10-19,0.813698638830096,0.3955689
2021-10-20,-0.1625483130848648,0.28546658
2021-10-21,0.8028323164233742,0.37791017
2021-10-22,0.5847953216374213,0.26664504
2021-10-25,-0.7364368121885345,-0.4564014
2021-10-26,0.2900693581649349,0.056015562
2021-10-27,0.2057929318445284,0.15766175
2021-10-28,-1.032414289408956,-0.464264
2021-10-29,0.6786301506414683,0.08616148
2021-11-01,-0.3565274637126303,-0.026389664
2021-11-02,-1.4032524331145213,-0.20456915
2021-11-03,1.66704608874213,0.5621095
2021-11-04,1.3050766544373982,0.8454692
2021-11-05,0.6055934734722435,0.58651435
2021-11-08,0.1532191485392076,0.19938323
2021-11-09,0.9507171280887184,0.13780048
2021-11-10,0.8443372911925984,0.56667745
2021-11-11,0.2522581239459143,-0.076821074
2021-11-12,-0.0963675145670417,0.021334447
2021-11-15,-0.6698462120752757,0.062812455
2021-11-16,0.8685787547471291,0.38977298
2021-11-17,-0.4653126918264139,-0.16216575
2021-11-18,-0.5266012266590514,0.074400686
2021-11-19,-2.441656890886468,-1.305793
2021-11-22,-1.2458471760797396,-1.2124524
2021-11-23,0.0336403468425894,0.5251937
2021-11-24,0.0672649099607403,0.29095572
2021-11-26,-0.1680389804486481,-0.18005727
2021-11-29,-0.4881374069370614,-0.12607002
2021-11-30,0.4510599971877527,0.1530547
2021-12-01,-1.173104215338172,-0.7055615
2021-12-02,1.209748930472121,0.48283872
2021-12-03,-0.2525252525252486,-0.07006496
2021-12-06,0.2869184577179995,0.23605564
2021-12-07,0.0448810074656247,0.34330562
2021-12-08,-0.4934422287571904,0.05328823
2021-12-09,0.4677137914072427,0.36532718
2021-12-10,0.1907019107916463,-0.1891498
2021-12-13,-0.8901093869696508,-0.140389
2021-12-14,-0.4405811523136682,-0.16861174
2021-12-15,1.928968595877656,0.99322474
2021-12-16,0.4007610675737183,0.60242033
2021-12-17,-0.5599344374567328,-0.066041544
2021-12-20,-0.3233498865862882,0.0991122
2021-12-21,0.7662593536998719,0.33136407
2021-12-22,0.5328583323728875,0.29473194
2021-12-23,-0.1711559004808793,-0.10204933
2021-12-27,0.1161426698906398,0.45233083
2021-12-28,-0.2817354835655483,-0.016184572
2021-12-29,0.4210279590453503,0.42984623
2021-12-30,0.8164643474810607,0.5029621
2021-12-31,-1.5376183631156004,-0.3353757
2022-01-03,0.8113802038371976,0.6815961
2022-01-04,0.5843426453107758,-0.07790233
2022-01-05,-1.9675558968772824,-0.7614326
2022-01-06,0.4640268940963032,0.12447771
2022-01-07,0.0779089824186174,0.117240384
2022-01-10,1.1232179102341977,0.42932692
2022-01-11,0.4728898988996644,0.3953239
2022-01-12,-0.3283712872338862,-0.33193326
2022-01-13,-0.2580689269649272,0.031261735
2022-01-14,-0.2312111847990627,0.3143957
2022-01-18,1.699493788444606,0.61951077
2022-01-19,-0.0325525253043745,0.07904057
2022-01-20,-0.5807300500339174,-0.41046923
2022-01-21,0.5404466688426757,0.5670495
2022-01-24,0.5972742733147518,0.21001402
2022-01-25,-1.2306324477091457,-0.40771016
2022-01-26,-2.000107934730311,-1.5520345
2022-01-27,-0.4684115421483281,-0.09302995
2022-01-28,0.5658566557111833,0.2927932
2022-01-31,0.2952673441852349,0.12877789
2022-02-01,0.4943566129181231,0.29853246
2022-02-02,-0.3426902133099818,-0.03400742
2022-02-03,0.1996658672178242,0.116822444
2022-02-04,0.7749363549869104,0.39609447
2022-02-07,0.3295616873810525,0.48460206
